row_id,volume_id,presented_index,pred_rank,pred_missing_mask
192,282,0,0,M111111111111111100000000000000000000000000000000
193,282,1,1,M111111111111111100000000000000000000000000000000
194,282,2,2,M111111111111111100000000000000000000000000000000
195,282,3,3,M111111111111111100000000000000000000000000000000
196,282,4,4,M111111111111111100000000000000000000000000000000
197,282,5,5,M111111111111111100000000000000000000000000000000
198,282,6,6,M111111111111111100000000000000000000000000000000
199,282,7,7,M111111111111111100000000000000000000000000000000
200,282,8,8,M111111111111111100000000000000000000000000000000
201,282,9,9,M111111111111111100000000000000000000000000000000
202,282,10,10,M111111111111111100000000000000000000000000000000
203,282,11,11,M111111111111111100000000000000000000000000000000
204,282,12,12,M111111111111111100000000000000000000000000000000
205,282,13,13,M111111111111111100000000000000000000000000000000
206,282,14,14,M111111111111111100000000000000000000000000000000
207,282,15,15,M111111111111111100000000000000000000000000000000
208,282,16,16,M111111111111111100000000000000000000000000000000
209,282,17,17,M111111111111111100000000000000000000000000000000
210,282,18,18,M111111111111111100000000000000000000000000000000
211,282,19,19,M111111111111111100000000000000000000000000000000
212,282,20,20,M111111111111111100000000000000000000000000000000
213,282,21,21,M111111111111111100000000000000000000000000000000
214,282,22,22,M111111111111111100000000000000000000000000000000
215,282,23,23,M111111111111111100000000000000000000000000000000
216,282,24,24,M111111111111111100000000000000000000000000000000
217,282,25,25,M111111111111111100000000000000000000000000000000
218,282,26,26,M111111111111111100000000000000000000000000000000
219,282,27,27,M111111111111111100000000000000000000000000000000
220,282,28,28,M111111111111111100000000000000000000000000000000
221,282,29,29,M111111111111111100000000000000000000000000000000
222,282,30,30,M111111111111111100000000000000000000000000000000
223,282,31,31,M111111111111111100000000000000000000000000000000
288,537,0,0,M111111111111111100000000000000000000000000000000
289,537,1,1,M111111111111111100000000000000000000000000000000
290,537,2,2,M111111111111111100000000000000000000000000000000
291,537,3,3,M111111111111111100000000000000000000000000000000
292,537,4,4,M111111111111111100000000000000000000000000000000
293,537,5,5,M111111111111111100000000000000000000000000000000
294,537,6,6,M111111111111111100000000000000000000000000000000
295,537,7,7,M111111111111111100000000000000000000000000000000
296,537,8,8,M111111111111111100000000000000000000000000000000
297,537,9,9,M111111111111111100000000000000000000000000000000
298,537,10,10,M111111111111111100000000000000000000000000000000
299,537,11,11,M111111111111111100000000000000000000000000000000
300,537,12,12,M111111111111111100000000000000000000000000000000
301,537,13,13,M111111111111111100000000000000000000000000000000
302,537,14,14,M111111111111111100000000000000000000000000000000
303,537,15,15,M111111111111111100000000000000000000000000000000
304,537,16,16,M111111111111111100000000000000000000000000000000
305,537,17,17,M111111111111111100000000000000000000000000000000
306,537,18,18,M111111111111111100000000000000000000000000000000
307,537,19,19,M111111111111111100000000000000000000000000000000
308,537,20,20,M111111111111111100000000000000000000000000000000
309,537,21,21,M111111111111111100000000000000000000000000000000
310,537,22,22,M111111111111111100000000000000000000000000000000
311,537,23,23,M111111111111111100000000000000000000000000000000
312,537,24,24,M111111111111111100000000000000000000000000000000
313,537,25,25,M111111111111111100000000000000000000000000000000
314,537,26,26,M111111111111111100000000000000000000000000000000
315,537,27,27,M111111111111111100000000000000000000000000000000
316,537,28,28,M111111111111111100000000000000000000000000000000
317,537,29,29,M111111111111111100000000000000000000000000000000
318,537,30,30,M111111111111111100000000000000000000000000000000
319,537,31,31,M111111111111111100000000000000000000000000000000
352,262,0,0,M111111111111111100000000000000000000000000000000
353,262,1,1,M111111111111111100000000000000000000000000000000
354,262,2,2,M111111111111111100000000000000000000000000000000
355,262,3,3,M111111111111111100000000000000000000000000000000
356,262,4,4,M111111111111111100000000000000000000000000000000
357,262,5,5,M111111111111111100000000000000000000000000000000
358,262,6,6,M111111111111111100000000000000000000000000000000
359,262,7,7,M111111111111111100000000000000000000000000000000
360,262,8,8,M111111111111111100000000000000000000000000000000
361,262,9,9,M111111111111111100000000000000000000000000000000
362,262,10,10,M111111111111111100000000000000000000000000000000
363,262,11,11,M111111111111111100000000000000000000000000000000
364,262,12,12,M111111111111111100000000000000000000000000000000
365,262,13,13,M111111111111111100000000000000000000000000000000
366,262,14,14,M111111111111111100000000000000000000000000000000
367,262,15,15,M111111111111111100000000000000000000000000000000
368,262,16,16,M111111111111111100000000000000000000000000000000
369,262,17,17,M111111111111111100000000000000000000000000000000
370,262,18,18,M111111111111111100000000000000000000000000000000
371,262,19,19,M111111111111111100000000000000000000000000000000
372,262,20,20,M111111111111111100000000000000000000000000000000
373,262,21,21,M111111111111111100000000000000000000000000000000
374,262,22,22,M111111111111111100000000000000000000000000000000
375,262,23,23,M111111111111111100000000000000000000000000000000
376,262,24,24,M111111111111111100000000000000000000000000000000
377,262,25,25,M111111111111111100000000000000000000000000000000
378,262,26,26,M111111111111111100000000000000000000000000000000
379,262,27,27,M111111111111111100000000000000000000000000000000
380,262,28,28,M111111111111111100000000000000000000000000000000
381,262,29,29,M111111111111111100000000000000000000000000000000
382,262,30,30,M111111111111111100000000000000000000000000000000
383,262,31,31,M111111111111111100000000000000000000000000000000
672,374,0,0,M111111111111111100000000000000000000000000000000
673,374,1,1,M111111111111111100000000000000000000000000000000
674,374,2,2,M111111111111111100000000000000000000000000000000
675,374,3,3,M111111111111111100000000000000000000000000000000
676,374,4,4,M111111111111111100000000000000000000000000000000
677,374,5,5,M111111111111111100000000000000000000000000000000
678,374,6,6,M111111111111111100000000000000000000000000000000
679,374,7,7,M111111111111111100000000000000000000000000000000
680,374,8,8,M111111111111111100000000000000000000000000000000
681,374,9,9,M111111111111111100000000000000000000000000000000
682,374,10,10,M111111111111111100000000000000000000000000000000
683,374,11,11,M111111111111111100000000000000000000000000000000
684,374,12,12,M111111111111111100000000000000000000000000000000
685,374,13,13,M111111111111111100000000000000000000000000000000
686,374,14,14,M111111111111111100000000000000000000000000000000
687,374,15,15,M111111111111111100000000000000000000000000000000
688,374,16,16,M111111111111111100000000000000000000000000000000
689,374,17,17,M111111111111111100000000000000000000000000000000
690,374,18,18,M111111111111111100000000000000000000000000000000
691,374,19,19,M111111111111111100000000000000000000000000000000
692,374,20,20,M111111111111111100000000000000000000000000000000
693,374,21,21,M111111111111111100000000000000000000000000000000
694,374,22,22,M111111111111111100000000000000000000000000000000
695,374,23,23,M111111111111111100000000000000000000000000000000
696,374,24,24,M111111111111111100000000000000000000000000000000
697,374,25,25,M111111111111111100000000000000000000000000000000
698,374,26,26,M111111111111111100000000000000000000000000000000
699,374,27,27,M111111111111111100000000000000000000000000000000
700,374,28,28,M111111111111111100000000000000000000000000000000
701,374,29,29,M111111111111111100000000000000000000000000000000
702,374,30,30,M111111111111111100000000000000000000000000000000
703,374,31,31,M111111111111111100000000000000000000000000000000
704,578,0,0,M111111111111111100000000000000000000000000000000
705,578,1,1,M111111111111111100000000000000000000000000000000
706,578,2,2,M111111111111111100000000000000000000000000000000
707,578,3,3,M111111111111111100000000000000000000000000000000
708,578,4,4,M111111111111111100000000000000000000000000000000
709,578,5,5,M111111111111111100000000000000000000000000000000
710,578,6,6,M111111111111111100000000000000000000000000000000
711,578,7,7,M111111111111111100000000000000000000000000000000
712,578,8,8,M111111111111111100000000000000000000000000000000
713,578,9,9,M111111111111111100000000000000000000000000000000
714,578,10,10,M111111111111111100000000000000000000000000000000
715,578,11,11,M111111111111111100000000000000000000000000000000
716,578,12,12,M111111111111111100000000000000000000000000000000
717,578,13,13,M111111111111111100000000000000000000000000000000
718,578,14,14,M111111111111111100000000000000000000000000000000
719,578,15,15,M111111111111111100000000000000000000000000000000
720,578,16,16,M111111111111111100000000000000000000000000000000
721,578,17,17,M111111111111111100000000000000000000000000000000
722,578,18,18,M111111111111111100000000000000000000000000000000
723,578,19,19,M111111111111111100000000000000000000000000000000
724,578,20,20,M111111111111111100000000000000000000000000000000
725,578,21,21,M111111111111111100000000000000000000000000000000
726,578,22,22,M111111111111111100000000000000000000000000000000
727,578,23,23,M111111111111111100000000000000000000000000000000
728,578,24,24,M111111111111111100000000000000000000000000000000
729,578,25,25,M111111111111111100000000000000000000000000000000
730,578,26,26,M111111111111111100000000000000000000000000000000
731,578,27,27,M111111111111111100000000000000000000000000000000
732,578,28,28,M111111111111111100000000000000000000000000000000
733,578,29,29,M111111111111111100000000000000000000000000000000
734,578,30,30,M111111111111111100000000000000000000000000000000
735,578,31,31,M111111111111111100000000000000000000000000000000
896,113,0,0,M111111111111111100000000000000000000000000000000
897,113,1,1,M111111111111111100000000000000000000000000000000
898,113,2,2,M111111111111111100000000000000000000000000000000
899,113,3,3,M111111111111111100000000000000000000000000000000
900,113,4,4,M111111111111111100000000000000000000000000000000
901,113,5,5,M111111111111111100000000000000000000000000000000
902,113,6,6,M111111111111111100000000000000000000000000000000
903,113,7,7,M111111111111111100000000000000000000000000000000
904,113,8,8,M111111111111111100000000000000000000000000000000
905,113,9,9,M111111111111111100000000000000000000000000000000
906,113,10,10,M111111111111111100000000000000000000000000000000
907,113,11,11,M111111111111111100000000000000000000000000000000
908,113,12,12,M111111111111111100000000000000000000000000000000
909,113,13,13,M111111111111111100000000000000000000000000000000
910,113,14,14,M111111111111111100000000000000000000000000000000
911,113,15,15,M111111111111111100000000000000000000000000000000
912,113,16,16,M111111111111111100000000000000000000000000000000
913,113,17,17,M111111111111111100000000000000000000000000000000
914,113,18,18,M111111111111111100000000000000000000000000000000
915,113,19,19,M111111111111111100000000000000000000000000000000
916,113,20,20,M111111111111111100000000000000000000000000000000
917,113,21,21,M111111111111111100000000000000000000000000000000
918,113,22,22,M111111111111111100000000000000000000000000000000
919,113,23,23,M111111111111111100000000000000000000000000000000
920,113,24,24,M111111111111111100000000000000000000000000000000
921,113,25,25,M111111111111111100000000000000000000000000000000
922,113,26,26,M111111111111111100000000000000000000000000000000
923,113,27,27,M111111111111111100000000000000000000000000000000
924,113,28,28,M111111111111111100000000000000000000000000000000
925,113,29,29,M111111111111111100000000000000000000000000000000
926,113,30,30,M111111111111111100000000000000000000000000000000
927,113,31,31,M111111111111111100000000000000000000000000000000
1024,373,0,0,M111111111111111100000000000000000000000000000000
1025,373,1,1,M111111111111111100000000000000000000000000000000
1026,373,2,2,M111111111111111100000000000000000000000000000000
1027,373,3,3,M111111111111111100000000000000000000000000000000
1028,373,4,4,M111111111111111100000000000000000000000000000000
1029,373,5,5,M111111111111111100000000000000000000000000000000
1030,373,6,6,M111111111111111100000000000000000000000000000000
1031,373,7,7,M111111111111111100000000000000000000000000000000
1032,373,8,8,M111111111111111100000000000000000000000000000000
1033,373,9,9,M111111111111111100000000000000000000000000000000
1034,373,10,10,M111111111111111100000000000000000000000000000000
1035,373,11,11,M111111111111111100000000000000000000000000000000
1036,373,12,12,M111111111111111100000000000000000000000000000000
1037,373,13,13,M111111111111111100000000000000000000000000000000
1038,373,14,14,M111111111111111100000000000000000000000000000000
1039,373,15,15,M111111111111111100000000000000000000000000000000
1040,373,16,16,M111111111111111100000000000000000000000000000000
1041,373,17,17,M111111111111111100000000000000000000000000000000
1042,373,18,18,M111111111111111100000000000000000000000000000000
1043,373,19,19,M111111111111111100000000000000000000000000000000
1044,373,20,20,M111111111111111100000000000000000000000000000000
1045,373,21,21,M111111111111111100000000000000000000000000000000
1046,373,22,22,M111111111111111100000000000000000000000000000000
1047,373,23,23,M111111111111111100000000000000000000000000000000
1048,373,24,24,M111111111111111100000000000000000000000000000000
1049,373,25,25,M111111111111111100000000000000000000000000000000
1050,373,26,26,M111111111111111100000000000000000000000000000000
1051,373,27,27,M111111111111111100000000000000000000000000000000
1052,373,28,28,M111111111111111100000000000000000000000000000000
1053,373,29,29,M111111111111111100000000000000000000000000000000
1054,373,30,30,M111111111111111100000000000000000000000000000000
1055,373,31,31,M111111111111111100000000000000000000000000000000
1216,296,0,0,M111111111111111100000000000000000000000000000000
1217,296,1,1,M111111111111111100000000000000000000000000000000
1218,296,2,2,M111111111111111100000000000000000000000000000000
1219,296,3,3,M111111111111111100000000000000000000000000000000
1220,296,4,4,M111111111111111100000000000000000000000000000000
1221,296,5,5,M111111111111111100000000000000000000000000000000
1222,296,6,6,M111111111111111100000000000000000000000000000000
1223,296,7,7,M111111111111111100000000000000000000000000000000
1224,296,8,8,M111111111111111100000000000000000000000000000000
1225,296,9,9,M111111111111111100000000000000000000000000000000
1226,296,10,10,M111111111111111100000000000000000000000000000000
1227,296,11,11,M111111111111111100000000000000000000000000000000
1228,296,12,12,M111111111111111100000000000000000000000000000000
1229,296,13,13,M111111111111111100000000000000000000000000000000
1230,296,14,14,M111111111111111100000000000000000000000000000000
1231,296,15,15,M111111111111111100000000000000000000000000000000
1232,296,16,16,M111111111111111100000000000000000000000000000000
1233,296,17,17,M111111111111111100000000000000000000000000000000
1234,296,18,18,M111111111111111100000000000000000000000000000000
1235,296,19,19,M111111111111111100000000000000000000000000000000
1236,296,20,20,M111111111111111100000000000000000000000000000000
1237,296,21,21,M111111111111111100000000000000000000000000000000
1238,296,22,22,M111111111111111100000000000000000000000000000000
1239,296,23,23,M111111111111111100000000000000000000000000000000
1240,296,24,24,M111111111111111100000000000000000000000000000000
1241,296,25,25,M111111111111111100000000000000000000000000000000
1242,296,26,26,M111111111111111100000000000000000000000000000000
1243,296,27,27,M111111111111111100000000000000000000000000000000
1244,296,28,28,M111111111111111100000000000000000000000000000000
1245,296,29,29,M111111111111111100000000000000000000000000000000
1246,296,30,30,M111111111111111100000000000000000000000000000000
1247,296,31,31,M111111111111111100000000000000000000000000000000
1248,384,0,0,M111111111111111100000000000000000000000000000000
1249,384,1,1,M111111111111111100000000000000000000000000000000
1250,384,2,2,M111111111111111100000000000000000000000000000000
1251,384,3,3,M111111111111111100000000000000000000000000000000
1252,384,4,4,M111111111111111100000000000000000000000000000000
1253,384,5,5,M111111111111111100000000000000000000000000000000
1254,384,6,6,M111111111111111100000000000000000000000000000000
1255,384,7,7,M111111111111111100000000000000000000000000000000
1256,384,8,8,M111111111111111100000000000000000000000000000000
1257,384,9,9,M111111111111111100000000000000000000000000000000
1258,384,10,10,M111111111111111100000000000000000000000000000000
1259,384,11,11,M111111111111111100000000000000000000000000000000
1260,384,12,12,M111111111111111100000000000000000000000000000000
1261,384,13,13,M111111111111111100000000000000000000000000000000
1262,384,14,14,M111111111111111100000000000000000000000000000000
1263,384,15,15,M111111111111111100000000000000000000000000000000
1264,384,16,16,M111111111111111100000000000000000000000000000000
1265,384,17,17,M111111111111111100000000000000000000000000000000
1266,384,18,18,M111111111111111100000000000000000000000000000000
1267,384,19,19,M111111111111111100000000000000000000000000000000
1268,384,20,20,M111111111111111100000000000000000000000000000000
1269,384,21,21,M111111111111111100000000000000000000000000000000
1270,384,22,22,M111111111111111100000000000000000000000000000000
1271,384,23,23,M111111111111111100000000000000000000000000000000
1272,384,24,24,M111111111111111100000000000000000000000000000000
1273,384,25,25,M111111111111111100000000000000000000000000000000
1274,384,26,26,M111111111111111100000000000000000000000000000000
1275,384,27,27,M111111111111111100000000000000000000000000000000
1276,384,28,28,M111111111111111100000000000000000000000000000000
1277,384,29,29,M111111111111111100000000000000000000000000000000
1278,384,30,30,M111111111111111100000000000000000000000000000000
1279,384,31,31,M111111111111111100000000000000000000000000000000
1344,236,0,0,M111111111111111100000000000000000000000000000000
1345,236,1,1,M111111111111111100000000000000000000000000000000
1346,236,2,2,M111111111111111100000000000000000000000000000000
1347,236,3,3,M111111111111111100000000000000000000000000000000
1348,236,4,4,M111111111111111100000000000000000000000000000000
1349,236,5,5,M111111111111111100000000000000000000000000000000
1350,236,6,6,M111111111111111100000000000000000000000000000000
1351,236,7,7,M111111111111111100000000000000000000000000000000
1352,236,8,8,M111111111111111100000000000000000000000000000000
1353,236,9,9,M111111111111111100000000000000000000000000000000
1354,236,10,10,M111111111111111100000000000000000000000000000000
1355,236,11,11,M111111111111111100000000000000000000000000000000
1356,236,12,12,M111111111111111100000000000000000000000000000000
1357,236,13,13,M111111111111111100000000000000000000000000000000
1358,236,14,14,M111111111111111100000000000000000000000000000000
1359,236,15,15,M111111111111111100000000000000000000000000000000
1360,236,16,16,M111111111111111100000000000000000000000000000000
1361,236,17,17,M111111111111111100000000000000000000000000000000
1362,236,18,18,M111111111111111100000000000000000000000000000000
1363,236,19,19,M111111111111111100000000000000000000000000000000
1364,236,20,20,M111111111111111100000000000000000000000000000000
1365,236,21,21,M111111111111111100000000000000000000000000000000
1366,236,22,22,M111111111111111100000000000000000000000000000000
1367,236,23,23,M111111111111111100000000000000000000000000000000
1368,236,24,24,M111111111111111100000000000000000000000000000000
1369,236,25,25,M111111111111111100000000000000000000000000000000
1370,236,26,26,M111111111111111100000000000000000000000000000000
1371,236,27,27,M111111111111111100000000000000000000000000000000
1372,236,28,28,M111111111111111100000000000000000000000000000000
1373,236,29,29,M111111111111111100000000000000000000000000000000
1374,236,30,30,M111111111111111100000000000000000000000000000000
1375,236,31,31,M111111111111111100000000000000000000000000000000
1504,98,0,0,M111111111111111100000000000000000000000000000000
1505,98,1,1,M111111111111111100000000000000000000000000000000
1506,98,2,2,M111111111111111100000000000000000000000000000000
1507,98,3,3,M111111111111111100000000000000000000000000000000
1508,98,4,4,M111111111111111100000000000000000000000000000000
1509,98,5,5,M111111111111111100000000000000000000000000000000
1510,98,6,6,M111111111111111100000000000000000000000000000000
1511,98,7,7,M111111111111111100000000000000000000000000000000
1512,98,8,8,M111111111111111100000000000000000000000000000000
1513,98,9,9,M111111111111111100000000000000000000000000000000
1514,98,10,10,M111111111111111100000000000000000000000000000000
1515,98,11,11,M111111111111111100000000000000000000000000000000
1516,98,12,12,M111111111111111100000000000000000000000000000000
1517,98,13,13,M111111111111111100000000000000000000000000000000
1518,98,14,14,M111111111111111100000000000000000000000000000000
1519,98,15,15,M111111111111111100000000000000000000000000000000
1520,98,16,16,M111111111111111100000000000000000000000000000000
1521,98,17,17,M111111111111111100000000000000000000000000000000
1522,98,18,18,M111111111111111100000000000000000000000000000000
1523,98,19,19,M111111111111111100000000000000000000000000000000
1524,98,20,20,M111111111111111100000000000000000000000000000000
1525,98,21,21,M111111111111111100000000000000000000000000000000
1526,98,22,22,M111111111111111100000000000000000000000000000000
1527,98,23,23,M111111111111111100000000000000000000000000000000
1528,98,24,24,M111111111111111100000000000000000000000000000000
1529,98,25,25,M111111111111111100000000000000000000000000000000
1530,98,26,26,M111111111111111100000000000000000000000000000000
1531,98,27,27,M111111111111111100000000000000000000000000000000
1532,98,28,28,M111111111111111100000000000000000000000000000000
1533,98,29,29,M111111111111111100000000000000000000000000000000
1534,98,30,30,M111111111111111100000000000000000000000000000000
1535,98,31,31,M111111111111111100000000000000000000000000000000
1600,84,0,0,M111111111111111100000000000000000000000000000000
1601,84,1,1,M111111111111111100000000000000000000000000000000
1602,84,2,2,M111111111111111100000000000000000000000000000000
1603,84,3,3,M111111111111111100000000000000000000000000000000
1604,84,4,4,M111111111111111100000000000000000000000000000000
1605,84,5,5,M111111111111111100000000000000000000000000000000
1606,84,6,6,M111111111111111100000000000000000000000000000000
1607,84,7,7,M111111111111111100000000000000000000000000000000
1608,84,8,8,M111111111111111100000000000000000000000000000000
1609,84,9,9,M111111111111111100000000000000000000000000000000
1610,84,10,10,M111111111111111100000000000000000000000000000000
1611,84,11,11,M111111111111111100000000000000000000000000000000
1612,84,12,12,M111111111111111100000000000000000000000000000000
1613,84,13,13,M111111111111111100000000000000000000000000000000
1614,84,14,14,M111111111111111100000000000000000000000000000000
1615,84,15,15,M111111111111111100000000000000000000000000000000
1616,84,16,16,M111111111111111100000000000000000000000000000000
1617,84,17,17,M111111111111111100000000000000000000000000000000
1618,84,18,18,M111111111111111100000000000000000000000000000000
1619,84,19,19,M111111111111111100000000000000000000000000000000
1620,84,20,20,M111111111111111100000000000000000000000000000000
1621,84,21,21,M111111111111111100000000000000000000000000000000
1622,84,22,22,M111111111111111100000000000000000000000000000000
1623,84,23,23,M111111111111111100000000000000000000000000000000
1624,84,24,24,M111111111111111100000000000000000000000000000000
1625,84,25,25,M111111111111111100000000000000000000000000000000
1626,84,26,26,M111111111111111100000000000000000000000000000000
1627,84,27,27,M111111111111111100000000000000000000000000000000
1628,84,28,28,M111111111111111100000000000000000000000000000000
1629,84,29,29,M111111111111111100000000000000000000000000000000
1630,84,30,30,M111111111111111100000000000000000000000000000000
1631,84,31,31,M111111111111111100000000000000000000000000000000
1824,205,0,0,M111111111111111100000000000000000000000000000000
1825,205,1,1,M111111111111111100000000000000000000000000000000
1826,205,2,2,M111111111111111100000000000000000000000000000000
1827,205,3,3,M111111111111111100000000000000000000000000000000
1828,205,4,4,M111111111111111100000000000000000000000000000000
1829,205,5,5,M111111111111111100000000000000000000000000000000
1830,205,6,6,M111111111111111100000000000000000000000000000000
1831,205,7,7,M111111111111111100000000000000000000000000000000
1832,205,8,8,M111111111111111100000000000000000000000000000000
1833,205,9,9,M111111111111111100000000000000000000000000000000
1834,205,10,10,M111111111111111100000000000000000000000000000000
1835,205,11,11,M111111111111111100000000000000000000000000000000
1836,205,12,12,M111111111111111100000000000000000000000000000000
1837,205,13,13,M111111111111111100000000000000000000000000000000
1838,205,14,14,M111111111111111100000000000000000000000000000000
1839,205,15,15,M111111111111111100000000000000000000000000000000
1840,205,16,16,M111111111111111100000000000000000000000000000000
1841,205,17,17,M111111111111111100000000000000000000000000000000
1842,205,18,18,M111111111111111100000000000000000000000000000000
1843,205,19,19,M111111111111111100000000000000000000000000000000
1844,205,20,20,M111111111111111100000000000000000000000000000000
1845,205,21,21,M111111111111111100000000000000000000000000000000
1846,205,22,22,M111111111111111100000000000000000000000000000000
1847,205,23,23,M111111111111111100000000000000000000000000000000
1848,205,24,24,M111111111111111100000000000000000000000000000000
1849,205,25,25,M111111111111111100000000000000000000000000000000
1850,205,26,26,M111111111111111100000000000000000000000000000000
1851,205,27,27,M111111111111111100000000000000000000000000000000
1852,205,28,28,M111111111111111100000000000000000000000000000000
1853,205,29,29,M111111111111111100000000000000000000000000000000
1854,205,30,30,M111111111111111100000000000000000000000000000000
1855,205,31,31,M111111111111111100000000000000000000000000000000
2048,493,0,0,M111111111111111100000000000000000000000000000000
2049,493,1,1,M111111111111111100000000000000000000000000000000
2050,493,2,2,M111111111111111100000000000000000000000000000000
2051,493,3,3,M111111111111111100000000000000000000000000000000
2052,493,4,4,M111111111111111100000000000000000000000000000000
2053,493,5,5,M111111111111111100000000000000000000000000000000
2054,493,6,6,M111111111111111100000000000000000000000000000000
2055,493,7,7,M111111111111111100000000000000000000000000000000
2056,493,8,8,M111111111111111100000000000000000000000000000000
2057,493,9,9,M111111111111111100000000000000000000000000000000
2058,493,10,10,M111111111111111100000000000000000000000000000000
2059,493,11,11,M111111111111111100000000000000000000000000000000
2060,493,12,12,M111111111111111100000000000000000000000000000000
2061,493,13,13,M111111111111111100000000000000000000000000000000
2062,493,14,14,M111111111111111100000000000000000000000000000000
2063,493,15,15,M111111111111111100000000000000000000000000000000
2064,493,16,16,M111111111111111100000000000000000000000000000000
2065,493,17,17,M111111111111111100000000000000000000000000000000
2066,493,18,18,M111111111111111100000000000000000000000000000000
2067,493,19,19,M111111111111111100000000000000000000000000000000
2068,493,20,20,M111111111111111100000000000000000000000000000000
2069,493,21,21,M111111111111111100000000000000000000000000000000
2070,493,22,22,M111111111111111100000000000000000000000000000000
2071,493,23,23,M111111111111111100000000000000000000000000000000
2072,493,24,24,M111111111111111100000000000000000000000000000000
2073,493,25,25,M111111111111111100000000000000000000000000000000
2074,493,26,26,M111111111111111100000000000000000000000000000000
2075,493,27,27,M111111111111111100000000000000000000000000000000
2076,493,28,28,M111111111111111100000000000000000000000000000000
2077,493,29,29,M111111111111111100000000000000000000000000000000
2078,493,30,30,M111111111111111100000000000000000000000000000000
2079,493,31,31,M111111111111111100000000000000000000000000000000
2304,555,0,0,M111111111111111100000000000000000000000000000000
2305,555,1,1,M111111111111111100000000000000000000000000000000
2306,555,2,2,M111111111111111100000000000000000000000000000000
2307,555,3,3,M111111111111111100000000000000000000000000000000
2308,555,4,4,M111111111111111100000000000000000000000000000000
2309,555,5,5,M111111111111111100000000000000000000000000000000
2310,555,6,6,M111111111111111100000000000000000000000000000000
2311,555,7,7,M111111111111111100000000000000000000000000000000
2312,555,8,8,M111111111111111100000000000000000000000000000000
2313,555,9,9,M111111111111111100000000000000000000000000000000
2314,555,10,10,M111111111111111100000000000000000000000000000000
2315,555,11,11,M111111111111111100000000000000000000000000000000
2316,555,12,12,M111111111111111100000000000000000000000000000000
2317,555,13,13,M111111111111111100000000000000000000000000000000
2318,555,14,14,M111111111111111100000000000000000000000000000000
2319,555,15,15,M111111111111111100000000000000000000000000000000
2320,555,16,16,M111111111111111100000000000000000000000000000000
2321,555,17,17,M111111111111111100000000000000000000000000000000
2322,555,18,18,M111111111111111100000000000000000000000000000000
2323,555,19,19,M111111111111111100000000000000000000000000000000
2324,555,20,20,M111111111111111100000000000000000000000000000000
2325,555,21,21,M111111111111111100000000000000000000000000000000
2326,555,22,22,M111111111111111100000000000000000000000000000000
2327,555,23,23,M111111111111111100000000000000000000000000000000
2328,555,24,24,M111111111111111100000000000000000000000000000000
2329,555,25,25,M111111111111111100000000000000000000000000000000
2330,555,26,26,M111111111111111100000000000000000000000000000000
2331,555,27,27,M111111111111111100000000000000000000000000000000
2332,555,28,28,M111111111111111100000000000000000000000000000000
2333,555,29,29,M111111111111111100000000000000000000000000000000
2334,555,30,30,M111111111111111100000000000000000000000000000000
2335,555,31,31,M111111111111111100000000000000000000000000000000
2496,495,0,0,M111111111111111100000000000000000000000000000000
2497,495,1,1,M111111111111111100000000000000000000000000000000
2498,495,2,2,M111111111111111100000000000000000000000000000000
2499,495,3,3,M111111111111111100000000000000000000000000000000
2500,495,4,4,M111111111111111100000000000000000000000000000000
2501,495,5,5,M111111111111111100000000000000000000000000000000
2502,495,6,6,M111111111111111100000000000000000000000000000000
2503,495,7,7,M111111111111111100000000000000000000000000000000
2504,495,8,8,M111111111111111100000000000000000000000000000000
2505,495,9,9,M111111111111111100000000000000000000000000000000
2506,495,10,10,M111111111111111100000000000000000000000000000000
2507,495,11,11,M111111111111111100000000000000000000000000000000
2508,495,12,12,M111111111111111100000000000000000000000000000000
2509,495,13,13,M111111111111111100000000000000000000000000000000
2510,495,14,14,M111111111111111100000000000000000000000000000000
2511,495,15,15,M111111111111111100000000000000000000000000000000
2512,495,16,16,M111111111111111100000000000000000000000000000000
2513,495,17,17,M111111111111111100000000000000000000000000000000
2514,495,18,18,M111111111111111100000000000000000000000000000000
2515,495,19,19,M111111111111111100000000000000000000000000000000
2516,495,20,20,M111111111111111100000000000000000000000000000000
2517,495,21,21,M111111111111111100000000000000000000000000000000
2518,495,22,22,M111111111111111100000000000000000000000000000000
2519,495,23,23,M111111111111111100000000000000000000000000000000
2520,495,24,24,M111111111111111100000000000000000000000000000000
2521,495,25,25,M111111111111111100000000000000000000000000000000
2522,495,26,26,M111111111111111100000000000000000000000000000000
2523,495,27,27,M111111111111111100000000000000000000000000000000
2524,495,28,28,M111111111111111100000000000000000000000000000000
2525,495,29,29,M111111111111111100000000000000000000000000000000
2526,495,30,30,M111111111111111100000000000000000000000000000000
2527,495,31,31,M111111111111111100000000000000000000000000000000
2560,466,0,0,M111111111111111100000000000000000000000000000000
2561,466,1,1,M111111111111111100000000000000000000000000000000
2562,466,2,2,M111111111111111100000000000000000000000000000000
2563,466,3,3,M111111111111111100000000000000000000000000000000
2564,466,4,4,M111111111111111100000000000000000000000000000000
2565,466,5,5,M111111111111111100000000000000000000000000000000
2566,466,6,6,M111111111111111100000000000000000000000000000000
2567,466,7,7,M111111111111111100000000000000000000000000000000
2568,466,8,8,M111111111111111100000000000000000000000000000000
2569,466,9,9,M111111111111111100000000000000000000000000000000
2570,466,10,10,M111111111111111100000000000000000000000000000000
2571,466,11,11,M111111111111111100000000000000000000000000000000
2572,466,12,12,M111111111111111100000000000000000000000000000000
2573,466,13,13,M111111111111111100000000000000000000000000000000
2574,466,14,14,M111111111111111100000000000000000000000000000000
2575,466,15,15,M111111111111111100000000000000000000000000000000
2576,466,16,16,M111111111111111100000000000000000000000000000000
2577,466,17,17,M111111111111111100000000000000000000000000000000
2578,466,18,18,M111111111111111100000000000000000000000000000000
2579,466,19,19,M111111111111111100000000000000000000000000000000
2580,466,20,20,M111111111111111100000000000000000000000000000000
2581,466,21,21,M111111111111111100000000000000000000000000000000
2582,466,22,22,M111111111111111100000000000000000000000000000000
2583,466,23,23,M111111111111111100000000000000000000000000000000
2584,466,24,24,M111111111111111100000000000000000000000000000000
2585,466,25,25,M111111111111111100000000000000000000000000000000
2586,466,26,26,M111111111111111100000000000000000000000000000000
2587,466,27,27,M111111111111111100000000000000000000000000000000
2588,466,28,28,M111111111111111100000000000000000000000000000000
2589,466,29,29,M111111111111111100000000000000000000000000000000
2590,466,30,30,M111111111111111100000000000000000000000000000000
2591,466,31,31,M111111111111111100000000000000000000000000000000
2656,528,0,0,M111111111111111100000000000000000000000000000000
2657,528,1,1,M111111111111111100000000000000000000000000000000
2658,528,2,2,M111111111111111100000000000000000000000000000000
2659,528,3,3,M111111111111111100000000000000000000000000000000
2660,528,4,4,M111111111111111100000000000000000000000000000000
2661,528,5,5,M111111111111111100000000000000000000000000000000
2662,528,6,6,M111111111111111100000000000000000000000000000000
2663,528,7,7,M111111111111111100000000000000000000000000000000
2664,528,8,8,M111111111111111100000000000000000000000000000000
2665,528,9,9,M111111111111111100000000000000000000000000000000
2666,528,10,10,M111111111111111100000000000000000000000000000000
2667,528,11,11,M111111111111111100000000000000000000000000000000
2668,528,12,12,M111111111111111100000000000000000000000000000000
2669,528,13,13,M111111111111111100000000000000000000000000000000
2670,528,14,14,M111111111111111100000000000000000000000000000000
2671,528,15,15,M111111111111111100000000000000000000000000000000
2672,528,16,16,M111111111111111100000000000000000000000000000000
2673,528,17,17,M111111111111111100000000000000000000000000000000
2674,528,18,18,M111111111111111100000000000000000000000000000000
2675,528,19,19,M111111111111111100000000000000000000000000000000
2676,528,20,20,M111111111111111100000000000000000000000000000000
2677,528,21,21,M111111111111111100000000000000000000000000000000
2678,528,22,22,M111111111111111100000000000000000000000000000000
2679,528,23,23,M111111111111111100000000000000000000000000000000
2680,528,24,24,M111111111111111100000000000000000000000000000000
2681,528,25,25,M111111111111111100000000000000000000000000000000
2682,528,26,26,M111111111111111100000000000000000000000000000000
2683,528,27,27,M111111111111111100000000000000000000000000000000
2684,528,28,28,M111111111111111100000000000000000000000000000000
2685,528,29,29,M111111111111111100000000000000000000000000000000
2686,528,30,30,M111111111111111100000000000000000000000000000000
2687,528,31,31,M111111111111111100000000000000000000000000000000
2784,86,0,0,M111111111111111100000000000000000000000000000000
2785,86,1,1,M111111111111111100000000000000000000000000000000
2786,86,2,2,M111111111111111100000000000000000000000000000000
2787,86,3,3,M111111111111111100000000000000000000000000000000
2788,86,4,4,M111111111111111100000000000000000000000000000000
2789,86,5,5,M111111111111111100000000000000000000000000000000
2790,86,6,6,M111111111111111100000000000000000000000000000000
2791,86,7,7,M111111111111111100000000000000000000000000000000
2792,86,8,8,M111111111111111100000000000000000000000000000000
2793,86,9,9,M111111111111111100000000000000000000000000000000
2794,86,10,10,M111111111111111100000000000000000000000000000000
2795,86,11,11,M111111111111111100000000000000000000000000000000
2796,86,12,12,M111111111111111100000000000000000000000000000000
2797,86,13,13,M111111111111111100000000000000000000000000000000
2798,86,14,14,M111111111111111100000000000000000000000000000000
2799,86,15,15,M111111111111111100000000000000000000000000000000
2800,86,16,16,M111111111111111100000000000000000000000000000000
2801,86,17,17,M111111111111111100000000000000000000000000000000
2802,86,18,18,M111111111111111100000000000000000000000000000000
2803,86,19,19,M111111111111111100000000000000000000000000000000
2804,86,20,20,M111111111111111100000000000000000000000000000000
2805,86,21,21,M111111111111111100000000000000000000000000000000
2806,86,22,22,M111111111111111100000000000000000000000000000000
2807,86,23,23,M111111111111111100000000000000000000000000000000
2808,86,24,24,M111111111111111100000000000000000000000000000000
2809,86,25,25,M111111111111111100000000000000000000000000000000
2810,86,26,26,M111111111111111100000000000000000000000000000000
2811,86,27,27,M111111111111111100000000000000000000000000000000
2812,86,28,28,M111111111111111100000000000000000000000000000000
2813,86,29,29,M111111111111111100000000000000000000000000000000
2814,86,30,30,M111111111111111100000000000000000000000000000000
2815,86,31,31,M111111111111111100000000000000000000000000000000
2944,253,0,0,M111111111111111100000000000000000000000000000000
2945,253,1,1,M111111111111111100000000000000000000000000000000
2946,253,2,2,M111111111111111100000000000000000000000000000000
2947,253,3,3,M111111111111111100000000000000000000000000000000
2948,253,4,4,M111111111111111100000000000000000000000000000000
2949,253,5,5,M111111111111111100000000000000000000000000000000
2950,253,6,6,M111111111111111100000000000000000000000000000000
2951,253,7,7,M111111111111111100000000000000000000000000000000
2952,253,8,8,M111111111111111100000000000000000000000000000000
2953,253,9,9,M111111111111111100000000000000000000000000000000
2954,253,10,10,M111111111111111100000000000000000000000000000000
2955,253,11,11,M111111111111111100000000000000000000000000000000
2956,253,12,12,M111111111111111100000000000000000000000000000000
2957,253,13,13,M111111111111111100000000000000000000000000000000
2958,253,14,14,M111111111111111100000000000000000000000000000000
2959,253,15,15,M111111111111111100000000000000000000000000000000
2960,253,16,16,M111111111111111100000000000000000000000000000000
2961,253,17,17,M111111111111111100000000000000000000000000000000
2962,253,18,18,M111111111111111100000000000000000000000000000000
2963,253,19,19,M111111111111111100000000000000000000000000000000
2964,253,20,20,M111111111111111100000000000000000000000000000000
2965,253,21,21,M111111111111111100000000000000000000000000000000
2966,253,22,22,M111111111111111100000000000000000000000000000000
2967,253,23,23,M111111111111111100000000000000000000000000000000
2968,253,24,24,M111111111111111100000000000000000000000000000000
2969,253,25,25,M111111111111111100000000000000000000000000000000
2970,253,26,26,M111111111111111100000000000000000000000000000000
2971,253,27,27,M111111111111111100000000000000000000000000000000
2972,253,28,28,M111111111111111100000000000000000000000000000000
2973,253,29,29,M111111111111111100000000000000000000000000000000
2974,253,30,30,M111111111111111100000000000000000000000000000000
2975,253,31,31,M111111111111111100000000000000000000000000000000
3200,527,0,0,M111111111111111100000000000000000000000000000000
3201,527,1,1,M111111111111111100000000000000000000000000000000
3202,527,2,2,M111111111111111100000000000000000000000000000000
3203,527,3,3,M111111111111111100000000000000000000000000000000
3204,527,4,4,M111111111111111100000000000000000000000000000000
3205,527,5,5,M111111111111111100000000000000000000000000000000
3206,527,6,6,M111111111111111100000000000000000000000000000000
3207,527,7,7,M111111111111111100000000000000000000000000000000
3208,527,8,8,M111111111111111100000000000000000000000000000000
3209,527,9,9,M111111111111111100000000000000000000000000000000
3210,527,10,10,M111111111111111100000000000000000000000000000000
3211,527,11,11,M111111111111111100000000000000000000000000000000
3212,527,12,12,M111111111111111100000000000000000000000000000000
3213,527,13,13,M111111111111111100000000000000000000000000000000
3214,527,14,14,M111111111111111100000000000000000000000000000000
3215,527,15,15,M111111111111111100000000000000000000000000000000
3216,527,16,16,M111111111111111100000000000000000000000000000000
3217,527,17,17,M111111111111111100000000000000000000000000000000
3218,527,18,18,M111111111111111100000000000000000000000000000000
3219,527,19,19,M111111111111111100000000000000000000000000000000
3220,527,20,20,M111111111111111100000000000000000000000000000000
3221,527,21,21,M111111111111111100000000000000000000000000000000
3222,527,22,22,M111111111111111100000000000000000000000000000000
3223,527,23,23,M111111111111111100000000000000000000000000000000
3224,527,24,24,M111111111111111100000000000000000000000000000000
3225,527,25,25,M111111111111111100000000000000000000000000000000
3226,527,26,26,M111111111111111100000000000000000000000000000000
3227,527,27,27,M111111111111111100000000000000000000000000000000
3228,527,28,28,M111111111111111100000000000000000000000000000000
3229,527,29,29,M111111111111111100000000000000000000000000000000
3230,527,30,30,M111111111111111100000000000000000000000000000000
3231,527,31,31,M111111111111111100000000000000000000000000000000
3296,103,0,0,M111111111111111100000000000000000000000000000000
3297,103,1,1,M111111111111111100000000000000000000000000000000
3298,103,2,2,M111111111111111100000000000000000000000000000000
3299,103,3,3,M111111111111111100000000000000000000000000000000
3300,103,4,4,M111111111111111100000000000000000000000000000000
3301,103,5,5,M111111111111111100000000000000000000000000000000
3302,103,6,6,M111111111111111100000000000000000000000000000000
3303,103,7,7,M111111111111111100000000000000000000000000000000
3304,103,8,8,M111111111111111100000000000000000000000000000000
3305,103,9,9,M111111111111111100000000000000000000000000000000
3306,103,10,10,M111111111111111100000000000000000000000000000000
3307,103,11,11,M111111111111111100000000000000000000000000000000
3308,103,12,12,M111111111111111100000000000000000000000000000000
3309,103,13,13,M111111111111111100000000000000000000000000000000
3310,103,14,14,M111111111111111100000000000000000000000000000000
3311,103,15,15,M111111111111111100000000000000000000000000000000
3312,103,16,16,M111111111111111100000000000000000000000000000000
3313,103,17,17,M111111111111111100000000000000000000000000000000
3314,103,18,18,M111111111111111100000000000000000000000000000000
3315,103,19,19,M111111111111111100000000000000000000000000000000
3316,103,20,20,M111111111111111100000000000000000000000000000000
3317,103,21,21,M111111111111111100000000000000000000000000000000
3318,103,22,22,M111111111111111100000000000000000000000000000000
3319,103,23,23,M111111111111111100000000000000000000000000000000
3320,103,24,24,M111111111111111100000000000000000000000000000000
3321,103,25,25,M111111111111111100000000000000000000000000000000
3322,103,26,26,M111111111111111100000000000000000000000000000000
3323,103,27,27,M111111111111111100000000000000000000000000000000
3324,103,28,28,M111111111111111100000000000000000000000000000000
3325,103,29,29,M111111111111111100000000000000000000000000000000
3326,103,30,30,M111111111111111100000000000000000000000000000000
3327,103,31,31,M111111111111111100000000000000000000000000000000
3488,546,0,0,M111111111111111100000000000000000000000000000000
3489,546,1,1,M111111111111111100000000000000000000000000000000
3490,546,2,2,M111111111111111100000000000000000000000000000000
3491,546,3,3,M111111111111111100000000000000000000000000000000
3492,546,4,4,M111111111111111100000000000000000000000000000000
3493,546,5,5,M111111111111111100000000000000000000000000000000
3494,546,6,6,M111111111111111100000000000000000000000000000000
3495,546,7,7,M111111111111111100000000000000000000000000000000
3496,546,8,8,M111111111111111100000000000000000000000000000000
3497,546,9,9,M111111111111111100000000000000000000000000000000
3498,546,10,10,M111111111111111100000000000000000000000000000000
3499,546,11,11,M111111111111111100000000000000000000000000000000
3500,546,12,12,M111111111111111100000000000000000000000000000000
3501,546,13,13,M111111111111111100000000000000000000000000000000
3502,546,14,14,M111111111111111100000000000000000000000000000000
3503,546,15,15,M111111111111111100000000000000000000000000000000
3504,546,16,16,M111111111111111100000000000000000000000000000000
3505,546,17,17,M111111111111111100000000000000000000000000000000
3506,546,18,18,M111111111111111100000000000000000000000000000000
3507,546,19,19,M111111111111111100000000000000000000000000000000
3508,546,20,20,M111111111111111100000000000000000000000000000000
3509,546,21,21,M111111111111111100000000000000000000000000000000
3510,546,22,22,M111111111111111100000000000000000000000000000000
3511,546,23,23,M111111111111111100000000000000000000000000000000
3512,546,24,24,M111111111111111100000000000000000000000000000000
3513,546,25,25,M111111111111111100000000000000000000000000000000
3514,546,26,26,M111111111111111100000000000000000000000000000000
3515,546,27,27,M111111111111111100000000000000000000000000000000
3516,546,28,28,M111111111111111100000000000000000000000000000000
3517,546,29,29,M111111111111111100000000000000000000000000000000
3518,546,30,30,M111111111111111100000000000000000000000000000000
3519,546,31,31,M111111111111111100000000000000000000000000000000
3616,264,0,0,M111111111111111100000000000000000000000000000000
3617,264,1,1,M111111111111111100000000000000000000000000000000
3618,264,2,2,M111111111111111100000000000000000000000000000000
3619,264,3,3,M111111111111111100000000000000000000000000000000
3620,264,4,4,M111111111111111100000000000000000000000000000000
3621,264,5,5,M111111111111111100000000000000000000000000000000
3622,264,6,6,M111111111111111100000000000000000000000000000000
3623,264,7,7,M111111111111111100000000000000000000000000000000
3624,264,8,8,M111111111111111100000000000000000000000000000000
3625,264,9,9,M111111111111111100000000000000000000000000000000
3626,264,10,10,M111111111111111100000000000000000000000000000000
3627,264,11,11,M111111111111111100000000000000000000000000000000
3628,264,12,12,M111111111111111100000000000000000000000000000000
3629,264,13,13,M111111111111111100000000000000000000000000000000
3630,264,14,14,M111111111111111100000000000000000000000000000000
3631,264,15,15,M111111111111111100000000000000000000000000000000
3632,264,16,16,M111111111111111100000000000000000000000000000000
3633,264,17,17,M111111111111111100000000000000000000000000000000
3634,264,18,18,M111111111111111100000000000000000000000000000000
3635,264,19,19,M111111111111111100000000000000000000000000000000
3636,264,20,20,M111111111111111100000000000000000000000000000000
3637,264,21,21,M111111111111111100000000000000000000000000000000
3638,264,22,22,M111111111111111100000000000000000000000000000000
3639,264,23,23,M111111111111111100000000000000000000000000000000
3640,264,24,24,M111111111111111100000000000000000000000000000000
3641,264,25,25,M111111111111111100000000000000000000000000000000
3642,264,26,26,M111111111111111100000000000000000000000000000000
3643,264,27,27,M111111111111111100000000000000000000000000000000
3644,264,28,28,M111111111111111100000000000000000000000000000000
3645,264,29,29,M111111111111111100000000000000000000000000000000
3646,264,30,30,M111111111111111100000000000000000000000000000000
3647,264,31,31,M111111111111111100000000000000000000000000000000
3712,256,0,0,M111111111111111100000000000000000000000000000000
3713,256,1,1,M111111111111111100000000000000000000000000000000
3714,256,2,2,M111111111111111100000000000000000000000000000000
3715,256,3,3,M111111111111111100000000000000000000000000000000
3716,256,4,4,M111111111111111100000000000000000000000000000000
3717,256,5,5,M111111111111111100000000000000000000000000000000
3718,256,6,6,M111111111111111100000000000000000000000000000000
3719,256,7,7,M111111111111111100000000000000000000000000000000
3720,256,8,8,M111111111111111100000000000000000000000000000000
3721,256,9,9,M111111111111111100000000000000000000000000000000
3722,256,10,10,M111111111111111100000000000000000000000000000000
3723,256,11,11,M111111111111111100000000000000000000000000000000
3724,256,12,12,M111111111111111100000000000000000000000000000000
3725,256,13,13,M111111111111111100000000000000000000000000000000
3726,256,14,14,M111111111111111100000000000000000000000000000000
3727,256,15,15,M111111111111111100000000000000000000000000000000
3728,256,16,16,M111111111111111100000000000000000000000000000000
3729,256,17,17,M111111111111111100000000000000000000000000000000
3730,256,18,18,M111111111111111100000000000000000000000000000000
3731,256,19,19,M111111111111111100000000000000000000000000000000
3732,256,20,20,M111111111111111100000000000000000000000000000000
3733,256,21,21,M111111111111111100000000000000000000000000000000
3734,256,22,22,M111111111111111100000000000000000000000000000000
3735,256,23,23,M111111111111111100000000000000000000000000000000
3736,256,24,24,M111111111111111100000000000000000000000000000000
3737,256,25,25,M111111111111111100000000000000000000000000000000
3738,256,26,26,M111111111111111100000000000000000000000000000000
3739,256,27,27,M111111111111111100000000000000000000000000000000
3740,256,28,28,M111111111111111100000000000000000000000000000000
3741,256,29,29,M111111111111111100000000000000000000000000000000
3742,256,30,30,M111111111111111100000000000000000000000000000000
3743,256,31,31,M111111111111111100000000000000000000000000000000
3808,231,0,0,M111111111111111100000000000000000000000000000000
3809,231,1,1,M111111111111111100000000000000000000000000000000
3810,231,2,2,M111111111111111100000000000000000000000000000000
3811,231,3,3,M111111111111111100000000000000000000000000000000
3812,231,4,4,M111111111111111100000000000000000000000000000000
3813,231,5,5,M111111111111111100000000000000000000000000000000
3814,231,6,6,M111111111111111100000000000000000000000000000000
3815,231,7,7,M111111111111111100000000000000000000000000000000
3816,231,8,8,M111111111111111100000000000000000000000000000000
3817,231,9,9,M111111111111111100000000000000000000000000000000
3818,231,10,10,M111111111111111100000000000000000000000000000000
3819,231,11,11,M111111111111111100000000000000000000000000000000
3820,231,12,12,M111111111111111100000000000000000000000000000000
3821,231,13,13,M111111111111111100000000000000000000000000000000
3822,231,14,14,M111111111111111100000000000000000000000000000000
3823,231,15,15,M111111111111111100000000000000000000000000000000
3824,231,16,16,M111111111111111100000000000000000000000000000000
3825,231,17,17,M111111111111111100000000000000000000000000000000
3826,231,18,18,M111111111111111100000000000000000000000000000000
3827,231,19,19,M111111111111111100000000000000000000000000000000
3828,231,20,20,M111111111111111100000000000000000000000000000000
3829,231,21,21,M111111111111111100000000000000000000000000000000
3830,231,22,22,M111111111111111100000000000000000000000000000000
3831,231,23,23,M111111111111111100000000000000000000000000000000
3832,231,24,24,M111111111111111100000000000000000000000000000000
3833,231,25,25,M111111111111111100000000000000000000000000000000
3834,231,26,26,M111111111111111100000000000000000000000000000000
3835,231,27,27,M111111111111111100000000000000000000000000000000
3836,231,28,28,M111111111111111100000000000000000000000000000000
3837,231,29,29,M111111111111111100000000000000000000000000000000
3838,231,30,30,M111111111111111100000000000000000000000000000000
3839,231,31,31,M111111111111111100000000000000000000000000000000
4064,313,0,0,M111111111111111100000000000000000000000000000000
4065,313,1,1,M111111111111111100000000000000000000000000000000
4066,313,2,2,M111111111111111100000000000000000000000000000000
4067,313,3,3,M111111111111111100000000000000000000000000000000
4068,313,4,4,M111111111111111100000000000000000000000000000000
4069,313,5,5,M111111111111111100000000000000000000000000000000
4070,313,6,6,M111111111111111100000000000000000000000000000000
4071,313,7,7,M111111111111111100000000000000000000000000000000
4072,313,8,8,M111111111111111100000000000000000000000000000000
4073,313,9,9,M111111111111111100000000000000000000000000000000
4074,313,10,10,M111111111111111100000000000000000000000000000000
4075,313,11,11,M111111111111111100000000000000000000000000000000
4076,313,12,12,M111111111111111100000000000000000000000000000000
4077,313,13,13,M111111111111111100000000000000000000000000000000
4078,313,14,14,M111111111111111100000000000000000000000000000000
4079,313,15,15,M111111111111111100000000000000000000000000000000
4080,313,16,16,M111111111111111100000000000000000000000000000000
4081,313,17,17,M111111111111111100000000000000000000000000000000
4082,313,18,18,M111111111111111100000000000000000000000000000000
4083,313,19,19,M111111111111111100000000000000000000000000000000
4084,313,20,20,M111111111111111100000000000000000000000000000000
4085,313,21,21,M111111111111111100000000000000000000000000000000
4086,313,22,22,M111111111111111100000000000000000000000000000000
4087,313,23,23,M111111111111111100000000000000000000000000000000
4088,313,24,24,M111111111111111100000000000000000000000000000000
4089,313,25,25,M111111111111111100000000000000000000000000000000
4090,313,26,26,M111111111111111100000000000000000000000000000000
4091,313,27,27,M111111111111111100000000000000000000000000000000
4092,313,28,28,M111111111111111100000000000000000000000000000000
4093,313,29,29,M111111111111111100000000000000000000000000000000
4094,313,30,30,M111111111111111100000000000000000000000000000000
4095,313,31,31,M111111111111111100000000000000000000000000000000
4224,124,0,0,M111111111111111100000000000000000000000000000000
4225,124,1,1,M111111111111111100000000000000000000000000000000
4226,124,2,2,M111111111111111100000000000000000000000000000000
4227,124,3,3,M111111111111111100000000000000000000000000000000
4228,124,4,4,M111111111111111100000000000000000000000000000000
4229,124,5,5,M111111111111111100000000000000000000000000000000
4230,124,6,6,M111111111111111100000000000000000000000000000000
4231,124,7,7,M111111111111111100000000000000000000000000000000
4232,124,8,8,M111111111111111100000000000000000000000000000000
4233,124,9,9,M111111111111111100000000000000000000000000000000
4234,124,10,10,M111111111111111100000000000000000000000000000000
4235,124,11,11,M111111111111111100000000000000000000000000000000
4236,124,12,12,M111111111111111100000000000000000000000000000000
4237,124,13,13,M111111111111111100000000000000000000000000000000
4238,124,14,14,M111111111111111100000000000000000000000000000000
4239,124,15,15,M111111111111111100000000000000000000000000000000
4240,124,16,16,M111111111111111100000000000000000000000000000000
4241,124,17,17,M111111111111111100000000000000000000000000000000
4242,124,18,18,M111111111111111100000000000000000000000000000000
4243,124,19,19,M111111111111111100000000000000000000000000000000
4244,124,20,20,M111111111111111100000000000000000000000000000000
4245,124,21,21,M111111111111111100000000000000000000000000000000
4246,124,22,22,M111111111111111100000000000000000000000000000000
4247,124,23,23,M111111111111111100000000000000000000000000000000
4248,124,24,24,M111111111111111100000000000000000000000000000000
4249,124,25,25,M111111111111111100000000000000000000000000000000
4250,124,26,26,M111111111111111100000000000000000000000000000000
4251,124,27,27,M111111111111111100000000000000000000000000000000
4252,124,28,28,M111111111111111100000000000000000000000000000000
4253,124,29,29,M111111111111111100000000000000000000000000000000
4254,124,30,30,M111111111111111100000000000000000000000000000000
4255,124,31,31,M111111111111111100000000000000000000000000000000
4288,82,0,0,M111111111111111100000000000000000000000000000000
4289,82,1,1,M111111111111111100000000000000000000000000000000
4290,82,2,2,M111111111111111100000000000000000000000000000000
4291,82,3,3,M111111111111111100000000000000000000000000000000
4292,82,4,4,M111111111111111100000000000000000000000000000000
4293,82,5,5,M111111111111111100000000000000000000000000000000
4294,82,6,6,M111111111111111100000000000000000000000000000000
4295,82,7,7,M111111111111111100000000000000000000000000000000
4296,82,8,8,M111111111111111100000000000000000000000000000000
4297,82,9,9,M111111111111111100000000000000000000000000000000
4298,82,10,10,M111111111111111100000000000000000000000000000000
4299,82,11,11,M111111111111111100000000000000000000000000000000
4300,82,12,12,M111111111111111100000000000000000000000000000000
4301,82,13,13,M111111111111111100000000000000000000000000000000
4302,82,14,14,M111111111111111100000000000000000000000000000000
4303,82,15,15,M111111111111111100000000000000000000000000000000
4304,82,16,16,M111111111111111100000000000000000000000000000000
4305,82,17,17,M111111111111111100000000000000000000000000000000
4306,82,18,18,M111111111111111100000000000000000000000000000000
4307,82,19,19,M111111111111111100000000000000000000000000000000
4308,82,20,20,M111111111111111100000000000000000000000000000000
4309,82,21,21,M111111111111111100000000000000000000000000000000
4310,82,22,22,M111111111111111100000000000000000000000000000000
4311,82,23,23,M111111111111111100000000000000000000000000000000
4312,82,24,24,M111111111111111100000000000000000000000000000000
4313,82,25,25,M111111111111111100000000000000000000000000000000
4314,82,26,26,M111111111111111100000000000000000000000000000000
4315,82,27,27,M111111111111111100000000000000000000000000000000
4316,82,28,28,M111111111111111100000000000000000000000000000000
4317,82,29,29,M111111111111111100000000000000000000000000000000
4318,82,30,30,M111111111111111100000000000000000000000000000000
4319,82,31,31,M111111111111111100000000000000000000000000000000
4544,288,0,0,M111111111111111100000000000000000000000000000000
4545,288,1,1,M111111111111111100000000000000000000000000000000
4546,288,2,2,M111111111111111100000000000000000000000000000000
4547,288,3,3,M111111111111111100000000000000000000000000000000
4548,288,4,4,M111111111111111100000000000000000000000000000000
4549,288,5,5,M111111111111111100000000000000000000000000000000
4550,288,6,6,M111111111111111100000000000000000000000000000000
4551,288,7,7,M111111111111111100000000000000000000000000000000
4552,288,8,8,M111111111111111100000000000000000000000000000000
4553,288,9,9,M111111111111111100000000000000000000000000000000
4554,288,10,10,M111111111111111100000000000000000000000000000000
4555,288,11,11,M111111111111111100000000000000000000000000000000
4556,288,12,12,M111111111111111100000000000000000000000000000000
4557,288,13,13,M111111111111111100000000000000000000000000000000
4558,288,14,14,M111111111111111100000000000000000000000000000000
4559,288,15,15,M111111111111111100000000000000000000000000000000
4560,288,16,16,M111111111111111100000000000000000000000000000000
4561,288,17,17,M111111111111111100000000000000000000000000000000
4562,288,18,18,M111111111111111100000000000000000000000000000000
4563,288,19,19,M111111111111111100000000000000000000000000000000
4564,288,20,20,M111111111111111100000000000000000000000000000000
4565,288,21,21,M111111111111111100000000000000000000000000000000
4566,288,22,22,M111111111111111100000000000000000000000000000000
4567,288,23,23,M111111111111111100000000000000000000000000000000
4568,288,24,24,M111111111111111100000000000000000000000000000000
4569,288,25,25,M111111111111111100000000000000000000000000000000
4570,288,26,26,M111111111111111100000000000000000000000000000000
4571,288,27,27,M111111111111111100000000000000000000000000000000
4572,288,28,28,M111111111111111100000000000000000000000000000000
4573,288,29,29,M111111111111111100000000000000000000000000000000
4574,288,30,30,M111111111111111100000000000000000000000000000000
4575,288,31,31,M111111111111111100000000000000000000000000000000
4640,3,0,0,M111111111111111100000000000000000000000000000000
4641,3,1,1,M111111111111111100000000000000000000000000000000
4642,3,2,2,M111111111111111100000000000000000000000000000000
4643,3,3,3,M111111111111111100000000000000000000000000000000
4644,3,4,4,M111111111111111100000000000000000000000000000000
4645,3,5,5,M111111111111111100000000000000000000000000000000
4646,3,6,6,M111111111111111100000000000000000000000000000000
4647,3,7,7,M111111111111111100000000000000000000000000000000
4648,3,8,8,M111111111111111100000000000000000000000000000000
4649,3,9,9,M111111111111111100000000000000000000000000000000
4650,3,10,10,M111111111111111100000000000000000000000000000000
4651,3,11,11,M111111111111111100000000000000000000000000000000
4652,3,12,12,M111111111111111100000000000000000000000000000000
4653,3,13,13,M111111111111111100000000000000000000000000000000
4654,3,14,14,M111111111111111100000000000000000000000000000000
4655,3,15,15,M111111111111111100000000000000000000000000000000
4656,3,16,16,M111111111111111100000000000000000000000000000000
4657,3,17,17,M111111111111111100000000000000000000000000000000
4658,3,18,18,M111111111111111100000000000000000000000000000000
4659,3,19,19,M111111111111111100000000000000000000000000000000
4660,3,20,20,M111111111111111100000000000000000000000000000000
4661,3,21,21,M111111111111111100000000000000000000000000000000
4662,3,22,22,M111111111111111100000000000000000000000000000000
4663,3,23,23,M111111111111111100000000000000000000000000000000
4664,3,24,24,M111111111111111100000000000000000000000000000000
4665,3,25,25,M111111111111111100000000000000000000000000000000
4666,3,26,26,M111111111111111100000000000000000000000000000000
4667,3,27,27,M111111111111111100000000000000000000000000000000
4668,3,28,28,M111111111111111100000000000000000000000000000000
4669,3,29,29,M111111111111111100000000000000000000000000000000
4670,3,30,30,M111111111111111100000000000000000000000000000000
4671,3,31,31,M111111111111111100000000000000000000000000000000
4736,462,0,0,M111111111111111100000000000000000000000000000000
4737,462,1,1,M111111111111111100000000000000000000000000000000
4738,462,2,2,M111111111111111100000000000000000000000000000000
4739,462,3,3,M111111111111111100000000000000000000000000000000
4740,462,4,4,M111111111111111100000000000000000000000000000000
4741,462,5,5,M111111111111111100000000000000000000000000000000
4742,462,6,6,M111111111111111100000000000000000000000000000000
4743,462,7,7,M111111111111111100000000000000000000000000000000
4744,462,8,8,M111111111111111100000000000000000000000000000000
4745,462,9,9,M111111111111111100000000000000000000000000000000
4746,462,10,10,M111111111111111100000000000000000000000000000000
4747,462,11,11,M111111111111111100000000000000000000000000000000
4748,462,12,12,M111111111111111100000000000000000000000000000000
4749,462,13,13,M111111111111111100000000000000000000000000000000
4750,462,14,14,M111111111111111100000000000000000000000000000000
4751,462,15,15,M111111111111111100000000000000000000000000000000
4752,462,16,16,M111111111111111100000000000000000000000000000000
4753,462,17,17,M111111111111111100000000000000000000000000000000
4754,462,18,18,M111111111111111100000000000000000000000000000000
4755,462,19,19,M111111111111111100000000000000000000000000000000
4756,462,20,20,M111111111111111100000000000000000000000000000000
4757,462,21,21,M111111111111111100000000000000000000000000000000
4758,462,22,22,M111111111111111100000000000000000000000000000000
4759,462,23,23,M111111111111111100000000000000000000000000000000
4760,462,24,24,M111111111111111100000000000000000000000000000000
4761,462,25,25,M111111111111111100000000000000000000000000000000
4762,462,26,26,M111111111111111100000000000000000000000000000000
4763,462,27,27,M111111111111111100000000000000000000000000000000
4764,462,28,28,M111111111111111100000000000000000000000000000000
4765,462,29,29,M111111111111111100000000000000000000000000000000
4766,462,30,30,M111111111111111100000000000000000000000000000000
4767,462,31,31,M111111111111111100000000000000000000000000000000
4768,461,0,0,M111111111111111100000000000000000000000000000000
4769,461,1,1,M111111111111111100000000000000000000000000000000
4770,461,2,2,M111111111111111100000000000000000000000000000000
4771,461,3,3,M111111111111111100000000000000000000000000000000
4772,461,4,4,M111111111111111100000000000000000000000000000000
4773,461,5,5,M111111111111111100000000000000000000000000000000
4774,461,6,6,M111111111111111100000000000000000000000000000000
4775,461,7,7,M111111111111111100000000000000000000000000000000
4776,461,8,8,M111111111111111100000000000000000000000000000000
4777,461,9,9,M111111111111111100000000000000000000000000000000
4778,461,10,10,M111111111111111100000000000000000000000000000000
4779,461,11,11,M111111111111111100000000000000000000000000000000
4780,461,12,12,M111111111111111100000000000000000000000000000000
4781,461,13,13,M111111111111111100000000000000000000000000000000
4782,461,14,14,M111111111111111100000000000000000000000000000000
4783,461,15,15,M111111111111111100000000000000000000000000000000
4784,461,16,16,M111111111111111100000000000000000000000000000000
4785,461,17,17,M111111111111111100000000000000000000000000000000
4786,461,18,18,M111111111111111100000000000000000000000000000000
4787,461,19,19,M111111111111111100000000000000000000000000000000
4788,461,20,20,M111111111111111100000000000000000000000000000000
4789,461,21,21,M111111111111111100000000000000000000000000000000
4790,461,22,22,M111111111111111100000000000000000000000000000000
4791,461,23,23,M111111111111111100000000000000000000000000000000
4792,461,24,24,M111111111111111100000000000000000000000000000000
4793,461,25,25,M111111111111111100000000000000000000000000000000
4794,461,26,26,M111111111111111100000000000000000000000000000000
4795,461,27,27,M111111111111111100000000000000000000000000000000
4796,461,28,28,M111111111111111100000000000000000000000000000000
4797,461,29,29,M111111111111111100000000000000000000000000000000
4798,461,30,30,M111111111111111100000000000000000000000000000000
4799,461,31,31,M111111111111111100000000000000000000000000000000
5024,475,0,0,M111111111111111100000000000000000000000000000000
5025,475,1,1,M111111111111111100000000000000000000000000000000
5026,475,2,2,M111111111111111100000000000000000000000000000000
5027,475,3,3,M111111111111111100000000000000000000000000000000
5028,475,4,4,M111111111111111100000000000000000000000000000000
5029,475,5,5,M111111111111111100000000000000000000000000000000
5030,475,6,6,M111111111111111100000000000000000000000000000000
5031,475,7,7,M111111111111111100000000000000000000000000000000
5032,475,8,8,M111111111111111100000000000000000000000000000000
5033,475,9,9,M111111111111111100000000000000000000000000000000
5034,475,10,10,M111111111111111100000000000000000000000000000000
5035,475,11,11,M111111111111111100000000000000000000000000000000
5036,475,12,12,M111111111111111100000000000000000000000000000000
5037,475,13,13,M111111111111111100000000000000000000000000000000
5038,475,14,14,M111111111111111100000000000000000000000000000000
5039,475,15,15,M111111111111111100000000000000000000000000000000
5040,475,16,16,M111111111111111100000000000000000000000000000000
5041,475,17,17,M111111111111111100000000000000000000000000000000
5042,475,18,18,M111111111111111100000000000000000000000000000000
5043,475,19,19,M111111111111111100000000000000000000000000000000
5044,475,20,20,M111111111111111100000000000000000000000000000000
5045,475,21,21,M111111111111111100000000000000000000000000000000
5046,475,22,22,M111111111111111100000000000000000000000000000000
5047,475,23,23,M111111111111111100000000000000000000000000000000
5048,475,24,24,M111111111111111100000000000000000000000000000000
5049,475,25,25,M111111111111111100000000000000000000000000000000
5050,475,26,26,M111111111111111100000000000000000000000000000000
5051,475,27,27,M111111111111111100000000000000000000000000000000
5052,475,28,28,M111111111111111100000000000000000000000000000000
5053,475,29,29,M111111111111111100000000000000000000000000000000
5054,475,30,30,M111111111111111100000000000000000000000000000000
5055,475,31,31,M111111111111111100000000000000000000000000000000
5088,109,0,0,M111111111111111100000000000000000000000000000000
5089,109,1,1,M111111111111111100000000000000000000000000000000
5090,109,2,2,M111111111111111100000000000000000000000000000000
5091,109,3,3,M111111111111111100000000000000000000000000000000
5092,109,4,4,M111111111111111100000000000000000000000000000000
5093,109,5,5,M111111111111111100000000000000000000000000000000
5094,109,6,6,M111111111111111100000000000000000000000000000000
5095,109,7,7,M111111111111111100000000000000000000000000000000
5096,109,8,8,M111111111111111100000000000000000000000000000000
5097,109,9,9,M111111111111111100000000000000000000000000000000
5098,109,10,10,M111111111111111100000000000000000000000000000000
5099,109,11,11,M111111111111111100000000000000000000000000000000
5100,109,12,12,M111111111111111100000000000000000000000000000000
5101,109,13,13,M111111111111111100000000000000000000000000000000
5102,109,14,14,M111111111111111100000000000000000000000000000000
5103,109,15,15,M111111111111111100000000000000000000000000000000
5104,109,16,16,M111111111111111100000000000000000000000000000000
5105,109,17,17,M111111111111111100000000000000000000000000000000
5106,109,18,18,M111111111111111100000000000000000000000000000000
5107,109,19,19,M111111111111111100000000000000000000000000000000
5108,109,20,20,M111111111111111100000000000000000000000000000000
5109,109,21,21,M111111111111111100000000000000000000000000000000
5110,109,22,22,M111111111111111100000000000000000000000000000000
5111,109,23,23,M111111111111111100000000000000000000000000000000
5112,109,24,24,M111111111111111100000000000000000000000000000000
5113,109,25,25,M111111111111111100000000000000000000000000000000
5114,109,26,26,M111111111111111100000000000000000000000000000000
5115,109,27,27,M111111111111111100000000000000000000000000000000
5116,109,28,28,M111111111111111100000000000000000000000000000000
5117,109,29,29,M111111111111111100000000000000000000000000000000
5118,109,30,30,M111111111111111100000000000000000000000000000000
5119,109,31,31,M111111111111111100000000000000000000000000000000
5152,549,0,0,M111111111111111100000000000000000000000000000000
5153,549,1,1,M111111111111111100000000000000000000000000000000
5154,549,2,2,M111111111111111100000000000000000000000000000000
5155,549,3,3,M111111111111111100000000000000000000000000000000
5156,549,4,4,M111111111111111100000000000000000000000000000000
5157,549,5,5,M111111111111111100000000000000000000000000000000
5158,549,6,6,M111111111111111100000000000000000000000000000000
5159,549,7,7,M111111111111111100000000000000000000000000000000
5160,549,8,8,M111111111111111100000000000000000000000000000000
5161,549,9,9,M111111111111111100000000000000000000000000000000
5162,549,10,10,M111111111111111100000000000000000000000000000000
5163,549,11,11,M111111111111111100000000000000000000000000000000
5164,549,12,12,M111111111111111100000000000000000000000000000000
5165,549,13,13,M111111111111111100000000000000000000000000000000
5166,549,14,14,M111111111111111100000000000000000000000000000000
5167,549,15,15,M111111111111111100000000000000000000000000000000
5168,549,16,16,M111111111111111100000000000000000000000000000000
5169,549,17,17,M111111111111111100000000000000000000000000000000
5170,549,18,18,M111111111111111100000000000000000000000000000000
5171,549,19,19,M111111111111111100000000000000000000000000000000
5172,549,20,20,M111111111111111100000000000000000000000000000000
5173,549,21,21,M111111111111111100000000000000000000000000000000
5174,549,22,22,M111111111111111100000000000000000000000000000000
5175,549,23,23,M111111111111111100000000000000000000000000000000
5176,549,24,24,M111111111111111100000000000000000000000000000000
5177,549,25,25,M111111111111111100000000000000000000000000000000
5178,549,26,26,M111111111111111100000000000000000000000000000000
5179,549,27,27,M111111111111111100000000000000000000000000000000
5180,549,28,28,M111111111111111100000000000000000000000000000000
5181,549,29,29,M111111111111111100000000000000000000000000000000
5182,549,30,30,M111111111111111100000000000000000000000000000000
5183,549,31,31,M111111111111111100000000000000000000000000000000
5600,359,0,0,M111111111111111100000000000000000000000000000000
5601,359,1,1,M111111111111111100000000000000000000000000000000
5602,359,2,2,M111111111111111100000000000000000000000000000000
5603,359,3,3,M111111111111111100000000000000000000000000000000
5604,359,4,4,M111111111111111100000000000000000000000000000000
5605,359,5,5,M111111111111111100000000000000000000000000000000
5606,359,6,6,M111111111111111100000000000000000000000000000000
5607,359,7,7,M111111111111111100000000000000000000000000000000
5608,359,8,8,M111111111111111100000000000000000000000000000000
5609,359,9,9,M111111111111111100000000000000000000000000000000
5610,359,10,10,M111111111111111100000000000000000000000000000000
5611,359,11,11,M111111111111111100000000000000000000000000000000
5612,359,12,12,M111111111111111100000000000000000000000000000000
5613,359,13,13,M111111111111111100000000000000000000000000000000
5614,359,14,14,M111111111111111100000000000000000000000000000000
5615,359,15,15,M111111111111111100000000000000000000000000000000
5616,359,16,16,M111111111111111100000000000000000000000000000000
5617,359,17,17,M111111111111111100000000000000000000000000000000
5618,359,18,18,M111111111111111100000000000000000000000000000000
5619,359,19,19,M111111111111111100000000000000000000000000000000
5620,359,20,20,M111111111111111100000000000000000000000000000000
5621,359,21,21,M111111111111111100000000000000000000000000000000
5622,359,22,22,M111111111111111100000000000000000000000000000000
5623,359,23,23,M111111111111111100000000000000000000000000000000
5624,359,24,24,M111111111111111100000000000000000000000000000000
5625,359,25,25,M111111111111111100000000000000000000000000000000
5626,359,26,26,M111111111111111100000000000000000000000000000000
5627,359,27,27,M111111111111111100000000000000000000000000000000
5628,359,28,28,M111111111111111100000000000000000000000000000000
5629,359,29,29,M111111111111111100000000000000000000000000000000
5630,359,30,30,M111111111111111100000000000000000000000000000000
5631,359,31,31,M111111111111111100000000000000000000000000000000
5728,551,0,0,M111111111111111100000000000000000000000000000000
5729,551,1,1,M111111111111111100000000000000000000000000000000
5730,551,2,2,M111111111111111100000000000000000000000000000000
5731,551,3,3,M111111111111111100000000000000000000000000000000
5732,551,4,4,M111111111111111100000000000000000000000000000000
5733,551,5,5,M111111111111111100000000000000000000000000000000
5734,551,6,6,M111111111111111100000000000000000000000000000000
5735,551,7,7,M111111111111111100000000000000000000000000000000
5736,551,8,8,M111111111111111100000000000000000000000000000000
5737,551,9,9,M111111111111111100000000000000000000000000000000
5738,551,10,10,M111111111111111100000000000000000000000000000000
5739,551,11,11,M111111111111111100000000000000000000000000000000
5740,551,12,12,M111111111111111100000000000000000000000000000000
5741,551,13,13,M111111111111111100000000000000000000000000000000
5742,551,14,14,M111111111111111100000000000000000000000000000000
5743,551,15,15,M111111111111111100000000000000000000000000000000
5744,551,16,16,M111111111111111100000000000000000000000000000000
5745,551,17,17,M111111111111111100000000000000000000000000000000
5746,551,18,18,M111111111111111100000000000000000000000000000000
5747,551,19,19,M111111111111111100000000000000000000000000000000
5748,551,20,20,M111111111111111100000000000000000000000000000000
5749,551,21,21,M111111111111111100000000000000000000000000000000
5750,551,22,22,M111111111111111100000000000000000000000000000000
5751,551,23,23,M111111111111111100000000000000000000000000000000
5752,551,24,24,M111111111111111100000000000000000000000000000000
5753,551,25,25,M111111111111111100000000000000000000000000000000
5754,551,26,26,M111111111111111100000000000000000000000000000000
5755,551,27,27,M111111111111111100000000000000000000000000000000
5756,551,28,28,M111111111111111100000000000000000000000000000000
5757,551,29,29,M111111111111111100000000000000000000000000000000
5758,551,30,30,M111111111111111100000000000000000000000000000000
5759,551,31,31,M111111111111111100000000000000000000000000000000
5824,362,0,0,M111111111111111100000000000000000000000000000000
5825,362,1,1,M111111111111111100000000000000000000000000000000
5826,362,2,2,M111111111111111100000000000000000000000000000000
5827,362,3,3,M111111111111111100000000000000000000000000000000
5828,362,4,4,M111111111111111100000000000000000000000000000000
5829,362,5,5,M111111111111111100000000000000000000000000000000
5830,362,6,6,M111111111111111100000000000000000000000000000000
5831,362,7,7,M111111111111111100000000000000000000000000000000
5832,362,8,8,M111111111111111100000000000000000000000000000000
5833,362,9,9,M111111111111111100000000000000000000000000000000
5834,362,10,10,M111111111111111100000000000000000000000000000000
5835,362,11,11,M111111111111111100000000000000000000000000000000
5836,362,12,12,M111111111111111100000000000000000000000000000000
5837,362,13,13,M111111111111111100000000000000000000000000000000
5838,362,14,14,M111111111111111100000000000000000000000000000000
5839,362,15,15,M111111111111111100000000000000000000000000000000
5840,362,16,16,M111111111111111100000000000000000000000000000000
5841,362,17,17,M111111111111111100000000000000000000000000000000
5842,362,18,18,M111111111111111100000000000000000000000000000000
5843,362,19,19,M111111111111111100000000000000000000000000000000
5844,362,20,20,M111111111111111100000000000000000000000000000000
5845,362,21,21,M111111111111111100000000000000000000000000000000
5846,362,22,22,M111111111111111100000000000000000000000000000000
5847,362,23,23,M111111111111111100000000000000000000000000000000
5848,362,24,24,M111111111111111100000000000000000000000000000000
5849,362,25,25,M111111111111111100000000000000000000000000000000
5850,362,26,26,M111111111111111100000000000000000000000000000000
5851,362,27,27,M111111111111111100000000000000000000000000000000
5852,362,28,28,M111111111111111100000000000000000000000000000000
5853,362,29,29,M111111111111111100000000000000000000000000000000
5854,362,30,30,M111111111111111100000000000000000000000000000000
5855,362,31,31,M111111111111111100000000000000000000000000000000
6016,395,0,0,M111111111111111100000000000000000000000000000000
6017,395,1,1,M111111111111111100000000000000000000000000000000
6018,395,2,2,M111111111111111100000000000000000000000000000000
6019,395,3,3,M111111111111111100000000000000000000000000000000
6020,395,4,4,M111111111111111100000000000000000000000000000000
6021,395,5,5,M111111111111111100000000000000000000000000000000
6022,395,6,6,M111111111111111100000000000000000000000000000000
6023,395,7,7,M111111111111111100000000000000000000000000000000
6024,395,8,8,M111111111111111100000000000000000000000000000000
6025,395,9,9,M111111111111111100000000000000000000000000000000
6026,395,10,10,M111111111111111100000000000000000000000000000000
6027,395,11,11,M111111111111111100000000000000000000000000000000
6028,395,12,12,M111111111111111100000000000000000000000000000000
6029,395,13,13,M111111111111111100000000000000000000000000000000
6030,395,14,14,M111111111111111100000000000000000000000000000000
6031,395,15,15,M111111111111111100000000000000000000000000000000
6032,395,16,16,M111111111111111100000000000000000000000000000000
6033,395,17,17,M111111111111111100000000000000000000000000000000
6034,395,18,18,M111111111111111100000000000000000000000000000000
6035,395,19,19,M111111111111111100000000000000000000000000000000
6036,395,20,20,M111111111111111100000000000000000000000000000000
6037,395,21,21,M111111111111111100000000000000000000000000000000
6038,395,22,22,M111111111111111100000000000000000000000000000000
6039,395,23,23,M111111111111111100000000000000000000000000000000
6040,395,24,24,M111111111111111100000000000000000000000000000000
6041,395,25,25,M111111111111111100000000000000000000000000000000
6042,395,26,26,M111111111111111100000000000000000000000000000000
6043,395,27,27,M111111111111111100000000000000000000000000000000
6044,395,28,28,M111111111111111100000000000000000000000000000000
6045,395,29,29,M111111111111111100000000000000000000000000000000
6046,395,30,30,M111111111111111100000000000000000000000000000000
6047,395,31,31,M111111111111111100000000000000000000000000000000
6240,354,0,0,M111111111111111100000000000000000000000000000000
6241,354,1,1,M111111111111111100000000000000000000000000000000
6242,354,2,2,M111111111111111100000000000000000000000000000000
6243,354,3,3,M111111111111111100000000000000000000000000000000
6244,354,4,4,M111111111111111100000000000000000000000000000000
6245,354,5,5,M111111111111111100000000000000000000000000000000
6246,354,6,6,M111111111111111100000000000000000000000000000000
6247,354,7,7,M111111111111111100000000000000000000000000000000
6248,354,8,8,M111111111111111100000000000000000000000000000000
6249,354,9,9,M111111111111111100000000000000000000000000000000
6250,354,10,10,M111111111111111100000000000000000000000000000000
6251,354,11,11,M111111111111111100000000000000000000000000000000
6252,354,12,12,M111111111111111100000000000000000000000000000000
6253,354,13,13,M111111111111111100000000000000000000000000000000
6254,354,14,14,M111111111111111100000000000000000000000000000000
6255,354,15,15,M111111111111111100000000000000000000000000000000
6256,354,16,16,M111111111111111100000000000000000000000000000000
6257,354,17,17,M111111111111111100000000000000000000000000000000
6258,354,18,18,M111111111111111100000000000000000000000000000000
6259,354,19,19,M111111111111111100000000000000000000000000000000
6260,354,20,20,M111111111111111100000000000000000000000000000000
6261,354,21,21,M111111111111111100000000000000000000000000000000
6262,354,22,22,M111111111111111100000000000000000000000000000000
6263,354,23,23,M111111111111111100000000000000000000000000000000
6264,354,24,24,M111111111111111100000000000000000000000000000000
6265,354,25,25,M111111111111111100000000000000000000000000000000
6266,354,26,26,M111111111111111100000000000000000000000000000000
6267,354,27,27,M111111111111111100000000000000000000000000000000
6268,354,28,28,M111111111111111100000000000000000000000000000000
6269,354,29,29,M111111111111111100000000000000000000000000000000
6270,354,30,30,M111111111111111100000000000000000000000000000000
6271,354,31,31,M111111111111111100000000000000000000000000000000
6368,376,0,0,M111111111111111100000000000000000000000000000000
6369,376,1,1,M111111111111111100000000000000000000000000000000
6370,376,2,2,M111111111111111100000000000000000000000000000000
6371,376,3,3,M111111111111111100000000000000000000000000000000
6372,376,4,4,M111111111111111100000000000000000000000000000000
6373,376,5,5,M111111111111111100000000000000000000000000000000
6374,376,6,6,M111111111111111100000000000000000000000000000000
6375,376,7,7,M111111111111111100000000000000000000000000000000
6376,376,8,8,M111111111111111100000000000000000000000000000000
6377,376,9,9,M111111111111111100000000000000000000000000000000
6378,376,10,10,M111111111111111100000000000000000000000000000000
6379,376,11,11,M111111111111111100000000000000000000000000000000
6380,376,12,12,M111111111111111100000000000000000000000000000000
6381,376,13,13,M111111111111111100000000000000000000000000000000
6382,376,14,14,M111111111111111100000000000000000000000000000000
6383,376,15,15,M111111111111111100000000000000000000000000000000
6384,376,16,16,M111111111111111100000000000000000000000000000000
6385,376,17,17,M111111111111111100000000000000000000000000000000
6386,376,18,18,M111111111111111100000000000000000000000000000000
6387,376,19,19,M111111111111111100000000000000000000000000000000
6388,376,20,20,M111111111111111100000000000000000000000000000000
6389,376,21,21,M111111111111111100000000000000000000000000000000
6390,376,22,22,M111111111111111100000000000000000000000000000000
6391,376,23,23,M111111111111111100000000000000000000000000000000
6392,376,24,24,M111111111111111100000000000000000000000000000000
6393,376,25,25,M111111111111111100000000000000000000000000000000
6394,376,26,26,M111111111111111100000000000000000000000000000000
6395,376,27,27,M111111111111111100000000000000000000000000000000
6396,376,28,28,M111111111111111100000000000000000000000000000000
6397,376,29,29,M111111111111111100000000000000000000000000000000
6398,376,30,30,M111111111111111100000000000000000000000000000000
6399,376,31,31,M111111111111111100000000000000000000000000000000
6656,331,0,0,M111111111111111100000000000000000000000000000000
6657,331,1,1,M111111111111111100000000000000000000000000000000
6658,331,2,2,M111111111111111100000000000000000000000000000000
6659,331,3,3,M111111111111111100000000000000000000000000000000
6660,331,4,4,M111111111111111100000000000000000000000000000000
6661,331,5,5,M111111111111111100000000000000000000000000000000
6662,331,6,6,M111111111111111100000000000000000000000000000000
6663,331,7,7,M111111111111111100000000000000000000000000000000
6664,331,8,8,M111111111111111100000000000000000000000000000000
6665,331,9,9,M111111111111111100000000000000000000000000000000
6666,331,10,10,M111111111111111100000000000000000000000000000000
6667,331,11,11,M111111111111111100000000000000000000000000000000
6668,331,12,12,M111111111111111100000000000000000000000000000000
6669,331,13,13,M111111111111111100000000000000000000000000000000
6670,331,14,14,M111111111111111100000000000000000000000000000000
6671,331,15,15,M111111111111111100000000000000000000000000000000
6672,331,16,16,M111111111111111100000000000000000000000000000000
6673,331,17,17,M111111111111111100000000000000000000000000000000
6674,331,18,18,M111111111111111100000000000000000000000000000000
6675,331,19,19,M111111111111111100000000000000000000000000000000
6676,331,20,20,M111111111111111100000000000000000000000000000000
6677,331,21,21,M111111111111111100000000000000000000000000000000
6678,331,22,22,M111111111111111100000000000000000000000000000000
6679,331,23,23,M111111111111111100000000000000000000000000000000
6680,331,24,24,M111111111111111100000000000000000000000000000000
6681,331,25,25,M111111111111111100000000000000000000000000000000
6682,331,26,26,M111111111111111100000000000000000000000000000000
6683,331,27,27,M111111111111111100000000000000000000000000000000
6684,331,28,28,M111111111111111100000000000000000000000000000000
6685,331,29,29,M111111111111111100000000000000000000000000000000
6686,331,30,30,M111111111111111100000000000000000000000000000000
6687,331,31,31,M111111111111111100000000000000000000000000000000
6784,192,0,0,M111111111111111100000000000000000000000000000000
6785,192,1,1,M111111111111111100000000000000000000000000000000
6786,192,2,2,M111111111111111100000000000000000000000000000000
6787,192,3,3,M111111111111111100000000000000000000000000000000
6788,192,4,4,M111111111111111100000000000000000000000000000000
6789,192,5,5,M111111111111111100000000000000000000000000000000
6790,192,6,6,M111111111111111100000000000000000000000000000000
6791,192,7,7,M111111111111111100000000000000000000000000000000
6792,192,8,8,M111111111111111100000000000000000000000000000000
6793,192,9,9,M111111111111111100000000000000000000000000000000
6794,192,10,10,M111111111111111100000000000000000000000000000000
6795,192,11,11,M111111111111111100000000000000000000000000000000
6796,192,12,12,M111111111111111100000000000000000000000000000000
6797,192,13,13,M111111111111111100000000000000000000000000000000
6798,192,14,14,M111111111111111100000000000000000000000000000000
6799,192,15,15,M111111111111111100000000000000000000000000000000
6800,192,16,16,M111111111111111100000000000000000000000000000000
6801,192,17,17,M111111111111111100000000000000000000000000000000
6802,192,18,18,M111111111111111100000000000000000000000000000000
6803,192,19,19,M111111111111111100000000000000000000000000000000
6804,192,20,20,M111111111111111100000000000000000000000000000000
6805,192,21,21,M111111111111111100000000000000000000000000000000
6806,192,22,22,M111111111111111100000000000000000000000000000000
6807,192,23,23,M111111111111111100000000000000000000000000000000
6808,192,24,24,M111111111111111100000000000000000000000000000000
6809,192,25,25,M111111111111111100000000000000000000000000000000
6810,192,26,26,M111111111111111100000000000000000000000000000000
6811,192,27,27,M111111111111111100000000000000000000000000000000
6812,192,28,28,M111111111111111100000000000000000000000000000000
6813,192,29,29,M111111111111111100000000000000000000000000000000
6814,192,30,30,M111111111111111100000000000000000000000000000000
6815,192,31,31,M111111111111111100000000000000000000000000000000
6880,279,0,0,M111111111111111100000000000000000000000000000000
6881,279,1,1,M111111111111111100000000000000000000000000000000
6882,279,2,2,M111111111111111100000000000000000000000000000000
6883,279,3,3,M111111111111111100000000000000000000000000000000
6884,279,4,4,M111111111111111100000000000000000000000000000000
6885,279,5,5,M111111111111111100000000000000000000000000000000
6886,279,6,6,M111111111111111100000000000000000000000000000000
6887,279,7,7,M111111111111111100000000000000000000000000000000
6888,279,8,8,M111111111111111100000000000000000000000000000000
6889,279,9,9,M111111111111111100000000000000000000000000000000
6890,279,10,10,M111111111111111100000000000000000000000000000000
6891,279,11,11,M111111111111111100000000000000000000000000000000
6892,279,12,12,M111111111111111100000000000000000000000000000000
6893,279,13,13,M111111111111111100000000000000000000000000000000
6894,279,14,14,M111111111111111100000000000000000000000000000000
6895,279,15,15,M111111111111111100000000000000000000000000000000
6896,279,16,16,M111111111111111100000000000000000000000000000000
6897,279,17,17,M111111111111111100000000000000000000000000000000
6898,279,18,18,M111111111111111100000000000000000000000000000000
6899,279,19,19,M111111111111111100000000000000000000000000000000
6900,279,20,20,M111111111111111100000000000000000000000000000000
6901,279,21,21,M111111111111111100000000000000000000000000000000
6902,279,22,22,M111111111111111100000000000000000000000000000000
6903,279,23,23,M111111111111111100000000000000000000000000000000
6904,279,24,24,M111111111111111100000000000000000000000000000000
6905,279,25,25,M111111111111111100000000000000000000000000000000
6906,279,26,26,M111111111111111100000000000000000000000000000000
6907,279,27,27,M111111111111111100000000000000000000000000000000
6908,279,28,28,M111111111111111100000000000000000000000000000000
6909,279,29,29,M111111111111111100000000000000000000000000000000
6910,279,30,30,M111111111111111100000000000000000000000000000000
6911,279,31,31,M111111111111111100000000000000000000000000000000
6976,157,0,0,M111111111111111100000000000000000000000000000000
6977,157,1,1,M111111111111111100000000000000000000000000000000
6978,157,2,2,M111111111111111100000000000000000000000000000000
6979,157,3,3,M111111111111111100000000000000000000000000000000
6980,157,4,4,M111111111111111100000000000000000000000000000000
6981,157,5,5,M111111111111111100000000000000000000000000000000
6982,157,6,6,M111111111111111100000000000000000000000000000000
6983,157,7,7,M111111111111111100000000000000000000000000000000
6984,157,8,8,M111111111111111100000000000000000000000000000000
6985,157,9,9,M111111111111111100000000000000000000000000000000
6986,157,10,10,M111111111111111100000000000000000000000000000000
6987,157,11,11,M111111111111111100000000000000000000000000000000
6988,157,12,12,M111111111111111100000000000000000000000000000000
6989,157,13,13,M111111111111111100000000000000000000000000000000
6990,157,14,14,M111111111111111100000000000000000000000000000000
6991,157,15,15,M111111111111111100000000000000000000000000000000
6992,157,16,16,M111111111111111100000000000000000000000000000000
6993,157,17,17,M111111111111111100000000000000000000000000000000
6994,157,18,18,M111111111111111100000000000000000000000000000000
6995,157,19,19,M111111111111111100000000000000000000000000000000
6996,157,20,20,M111111111111111100000000000000000000000000000000
6997,157,21,21,M111111111111111100000000000000000000000000000000
6998,157,22,22,M111111111111111100000000000000000000000000000000
6999,157,23,23,M111111111111111100000000000000000000000000000000
7000,157,24,24,M111111111111111100000000000000000000000000000000
7001,157,25,25,M111111111111111100000000000000000000000000000000
7002,157,26,26,M111111111111111100000000000000000000000000000000
7003,157,27,27,M111111111111111100000000000000000000000000000000
7004,157,28,28,M111111111111111100000000000000000000000000000000
7005,157,29,29,M111111111111111100000000000000000000000000000000
7006,157,30,30,M111111111111111100000000000000000000000000000000
7007,157,31,31,M111111111111111100000000000000000000000000000000
7232,191,0,0,M111111111111111100000000000000000000000000000000
7233,191,1,1,M111111111111111100000000000000000000000000000000
7234,191,2,2,M111111111111111100000000000000000000000000000000
7235,191,3,3,M111111111111111100000000000000000000000000000000
7236,191,4,4,M111111111111111100000000000000000000000000000000
7237,191,5,5,M111111111111111100000000000000000000000000000000
7238,191,6,6,M111111111111111100000000000000000000000000000000
7239,191,7,7,M111111111111111100000000000000000000000000000000
7240,191,8,8,M111111111111111100000000000000000000000000000000
7241,191,9,9,M111111111111111100000000000000000000000000000000
7242,191,10,10,M111111111111111100000000000000000000000000000000
7243,191,11,11,M111111111111111100000000000000000000000000000000
7244,191,12,12,M111111111111111100000000000000000000000000000000
7245,191,13,13,M111111111111111100000000000000000000000000000000
7246,191,14,14,M111111111111111100000000000000000000000000000000
7247,191,15,15,M111111111111111100000000000000000000000000000000
7248,191,16,16,M111111111111111100000000000000000000000000000000
7249,191,17,17,M111111111111111100000000000000000000000000000000
7250,191,18,18,M111111111111111100000000000000000000000000000000
7251,191,19,19,M111111111111111100000000000000000000000000000000
7252,191,20,20,M111111111111111100000000000000000000000000000000
7253,191,21,21,M111111111111111100000000000000000000000000000000
7254,191,22,22,M111111111111111100000000000000000000000000000000
7255,191,23,23,M111111111111111100000000000000000000000000000000
7256,191,24,24,M111111111111111100000000000000000000000000000000
7257,191,25,25,M111111111111111100000000000000000000000000000000
7258,191,26,26,M111111111111111100000000000000000000000000000000
7259,191,27,27,M111111111111111100000000000000000000000000000000
7260,191,28,28,M111111111111111100000000000000000000000000000000
7261,191,29,29,M111111111111111100000000000000000000000000000000
7262,191,30,30,M111111111111111100000000000000000000000000000000
7263,191,31,31,M111111111111111100000000000000000000000000000000
7264,545,0,0,M111111111111111100000000000000000000000000000000
7265,545,1,1,M111111111111111100000000000000000000000000000000
7266,545,2,2,M111111111111111100000000000000000000000000000000
7267,545,3,3,M111111111111111100000000000000000000000000000000
7268,545,4,4,M111111111111111100000000000000000000000000000000
7269,545,5,5,M111111111111111100000000000000000000000000000000
7270,545,6,6,M111111111111111100000000000000000000000000000000
7271,545,7,7,M111111111111111100000000000000000000000000000000
7272,545,8,8,M111111111111111100000000000000000000000000000000
7273,545,9,9,M111111111111111100000000000000000000000000000000
7274,545,10,10,M111111111111111100000000000000000000000000000000
7275,545,11,11,M111111111111111100000000000000000000000000000000
7276,545,12,12,M111111111111111100000000000000000000000000000000
7277,545,13,13,M111111111111111100000000000000000000000000000000
7278,545,14,14,M111111111111111100000000000000000000000000000000
7279,545,15,15,M111111111111111100000000000000000000000000000000
7280,545,16,16,M111111111111111100000000000000000000000000000000
7281,545,17,17,M111111111111111100000000000000000000000000000000
7282,545,18,18,M111111111111111100000000000000000000000000000000
7283,545,19,19,M111111111111111100000000000000000000000000000000
7284,545,20,20,M111111111111111100000000000000000000000000000000
7285,545,21,21,M111111111111111100000000000000000000000000000000
7286,545,22,22,M111111111111111100000000000000000000000000000000
7287,545,23,23,M111111111111111100000000000000000000000000000000
7288,545,24,24,M111111111111111100000000000000000000000000000000
7289,545,25,25,M111111111111111100000000000000000000000000000000
7290,545,26,26,M111111111111111100000000000000000000000000000000
7291,545,27,27,M111111111111111100000000000000000000000000000000
7292,545,28,28,M111111111111111100000000000000000000000000000000
7293,545,29,29,M111111111111111100000000000000000000000000000000
7294,545,30,30,M111111111111111100000000000000000000000000000000
7295,545,31,31,M111111111111111100000000000000000000000000000000
7392,530,0,0,M111111111111111100000000000000000000000000000000
7393,530,1,1,M111111111111111100000000000000000000000000000000
7394,530,2,2,M111111111111111100000000000000000000000000000000
7395,530,3,3,M111111111111111100000000000000000000000000000000
7396,530,4,4,M111111111111111100000000000000000000000000000000
7397,530,5,5,M111111111111111100000000000000000000000000000000
7398,530,6,6,M111111111111111100000000000000000000000000000000
7399,530,7,7,M111111111111111100000000000000000000000000000000
7400,530,8,8,M111111111111111100000000000000000000000000000000
7401,530,9,9,M111111111111111100000000000000000000000000000000
7402,530,10,10,M111111111111111100000000000000000000000000000000
7403,530,11,11,M111111111111111100000000000000000000000000000000
7404,530,12,12,M111111111111111100000000000000000000000000000000
7405,530,13,13,M111111111111111100000000000000000000000000000000
7406,530,14,14,M111111111111111100000000000000000000000000000000
7407,530,15,15,M111111111111111100000000000000000000000000000000
7408,530,16,16,M111111111111111100000000000000000000000000000000
7409,530,17,17,M111111111111111100000000000000000000000000000000
7410,530,18,18,M111111111111111100000000000000000000000000000000
7411,530,19,19,M111111111111111100000000000000000000000000000000
7412,530,20,20,M111111111111111100000000000000000000000000000000
7413,530,21,21,M111111111111111100000000000000000000000000000000
7414,530,22,22,M111111111111111100000000000000000000000000000000
7415,530,23,23,M111111111111111100000000000000000000000000000000
7416,530,24,24,M111111111111111100000000000000000000000000000000
7417,530,25,25,M111111111111111100000000000000000000000000000000
7418,530,26,26,M111111111111111100000000000000000000000000000000
7419,530,27,27,M111111111111111100000000000000000000000000000000
7420,530,28,28,M111111111111111100000000000000000000000000000000
7421,530,29,29,M111111111111111100000000000000000000000000000000
7422,530,30,30,M111111111111111100000000000000000000000000000000
7423,530,31,31,M111111111111111100000000000000000000000000000000
7712,510,0,0,M111111111111111100000000000000000000000000000000
7713,510,1,1,M111111111111111100000000000000000000000000000000
7714,510,2,2,M111111111111111100000000000000000000000000000000
7715,510,3,3,M111111111111111100000000000000000000000000000000
7716,510,4,4,M111111111111111100000000000000000000000000000000
7717,510,5,5,M111111111111111100000000000000000000000000000000
7718,510,6,6,M111111111111111100000000000000000000000000000000
7719,510,7,7,M111111111111111100000000000000000000000000000000
7720,510,8,8,M111111111111111100000000000000000000000000000000
7721,510,9,9,M111111111111111100000000000000000000000000000000
7722,510,10,10,M111111111111111100000000000000000000000000000000
7723,510,11,11,M111111111111111100000000000000000000000000000000
7724,510,12,12,M111111111111111100000000000000000000000000000000
7725,510,13,13,M111111111111111100000000000000000000000000000000
7726,510,14,14,M111111111111111100000000000000000000000000000000
7727,510,15,15,M111111111111111100000000000000000000000000000000
7728,510,16,16,M111111111111111100000000000000000000000000000000
7729,510,17,17,M111111111111111100000000000000000000000000000000
7730,510,18,18,M111111111111111100000000000000000000000000000000
7731,510,19,19,M111111111111111100000000000000000000000000000000
7732,510,20,20,M111111111111111100000000000000000000000000000000
7733,510,21,21,M111111111111111100000000000000000000000000000000
7734,510,22,22,M111111111111111100000000000000000000000000000000
7735,510,23,23,M111111111111111100000000000000000000000000000000
7736,510,24,24,M111111111111111100000000000000000000000000000000
7737,510,25,25,M111111111111111100000000000000000000000000000000
7738,510,26,26,M111111111111111100000000000000000000000000000000
7739,510,27,27,M111111111111111100000000000000000000000000000000
7740,510,28,28,M111111111111111100000000000000000000000000000000
7741,510,29,29,M111111111111111100000000000000000000000000000000
7742,510,30,30,M111111111111111100000000000000000000000000000000
7743,510,31,31,M111111111111111100000000000000000000000000000000
7744,2,0,0,M111111111111111100000000000000000000000000000000
7745,2,1,1,M111111111111111100000000000000000000000000000000
7746,2,2,2,M111111111111111100000000000000000000000000000000
7747,2,3,3,M111111111111111100000000000000000000000000000000
7748,2,4,4,M111111111111111100000000000000000000000000000000
7749,2,5,5,M111111111111111100000000000000000000000000000000
7750,2,6,6,M111111111111111100000000000000000000000000000000
7751,2,7,7,M111111111111111100000000000000000000000000000000
7752,2,8,8,M111111111111111100000000000000000000000000000000
7753,2,9,9,M111111111111111100000000000000000000000000000000
7754,2,10,10,M111111111111111100000000000000000000000000000000
7755,2,11,11,M111111111111111100000000000000000000000000000000
7756,2,12,12,M111111111111111100000000000000000000000000000000
7757,2,13,13,M111111111111111100000000000000000000000000000000
7758,2,14,14,M111111111111111100000000000000000000000000000000
7759,2,15,15,M111111111111111100000000000000000000000000000000
7760,2,16,16,M111111111111111100000000000000000000000000000000
7761,2,17,17,M111111111111111100000000000000000000000000000000
7762,2,18,18,M111111111111111100000000000000000000000000000000
7763,2,19,19,M111111111111111100000000000000000000000000000000
7764,2,20,20,M111111111111111100000000000000000000000000000000
7765,2,21,21,M111111111111111100000000000000000000000000000000
7766,2,22,22,M111111111111111100000000000000000000000000000000
7767,2,23,23,M111111111111111100000000000000000000000000000000
7768,2,24,24,M111111111111111100000000000000000000000000000000
7769,2,25,25,M111111111111111100000000000000000000000000000000
7770,2,26,26,M111111111111111100000000000000000000000000000000
7771,2,27,27,M111111111111111100000000000000000000000000000000
7772,2,28,28,M111111111111111100000000000000000000000000000000
7773,2,29,29,M111111111111111100000000000000000000000000000000
7774,2,30,30,M111111111111111100000000000000000000000000000000
7775,2,31,31,M111111111111111100000000000000000000000000000000
7776,570,0,0,M111111111111111100000000000000000000000000000000
7777,570,1,1,M111111111111111100000000000000000000000000000000
7778,570,2,2,M111111111111111100000000000000000000000000000000
7779,570,3,3,M111111111111111100000000000000000000000000000000
7780,570,4,4,M111111111111111100000000000000000000000000000000
7781,570,5,5,M111111111111111100000000000000000000000000000000
7782,570,6,6,M111111111111111100000000000000000000000000000000
7783,570,7,7,M111111111111111100000000000000000000000000000000
7784,570,8,8,M111111111111111100000000000000000000000000000000
7785,570,9,9,M111111111111111100000000000000000000000000000000
7786,570,10,10,M111111111111111100000000000000000000000000000000
7787,570,11,11,M111111111111111100000000000000000000000000000000
7788,570,12,12,M111111111111111100000000000000000000000000000000
7789,570,13,13,M111111111111111100000000000000000000000000000000
7790,570,14,14,M111111111111111100000000000000000000000000000000
7791,570,15,15,M111111111111111100000000000000000000000000000000
7792,570,16,16,M111111111111111100000000000000000000000000000000
7793,570,17,17,M111111111111111100000000000000000000000000000000
7794,570,18,18,M111111111111111100000000000000000000000000000000
7795,570,19,19,M111111111111111100000000000000000000000000000000
7796,570,20,20,M111111111111111100000000000000000000000000000000
7797,570,21,21,M111111111111111100000000000000000000000000000000
7798,570,22,22,M111111111111111100000000000000000000000000000000
7799,570,23,23,M111111111111111100000000000000000000000000000000
7800,570,24,24,M111111111111111100000000000000000000000000000000
7801,570,25,25,M111111111111111100000000000000000000000000000000
7802,570,26,26,M111111111111111100000000000000000000000000000000
7803,570,27,27,M111111111111111100000000000000000000000000000000
7804,570,28,28,M111111111111111100000000000000000000000000000000
7805,570,29,29,M111111111111111100000000000000000000000000000000
7806,570,30,30,M111111111111111100000000000000000000000000000000
7807,570,31,31,M111111111111111100000000000000000000000000000000
9376,523,0,0,M111111111111111100000000000000000000000000000000
9377,523,1,1,M111111111111111100000000000000000000000000000000
9378,523,2,2,M111111111111111100000000000000000000000000000000
9379,523,3,3,M111111111111111100000000000000000000000000000000
9380,523,4,4,M111111111111111100000000000000000000000000000000
9381,523,5,5,M111111111111111100000000000000000000000000000000
9382,523,6,6,M111111111111111100000000000000000000000000000000
9383,523,7,7,M111111111111111100000000000000000000000000000000
9384,523,8,8,M111111111111111100000000000000000000000000000000
9385,523,9,9,M111111111111111100000000000000000000000000000000
9386,523,10,10,M111111111111111100000000000000000000000000000000
9387,523,11,11,M111111111111111100000000000000000000000000000000
9388,523,12,12,M111111111111111100000000000000000000000000000000
9389,523,13,13,M111111111111111100000000000000000000000000000000
9390,523,14,14,M111111111111111100000000000000000000000000000000
9391,523,15,15,M111111111111111100000000000000000000000000000000
9392,523,16,16,M111111111111111100000000000000000000000000000000
9393,523,17,17,M111111111111111100000000000000000000000000000000
9394,523,18,18,M111111111111111100000000000000000000000000000000
9395,523,19,19,M111111111111111100000000000000000000000000000000
9396,523,20,20,M111111111111111100000000000000000000000000000000
9397,523,21,21,M111111111111111100000000000000000000000000000000
9398,523,22,22,M111111111111111100000000000000000000000000000000
9399,523,23,23,M111111111111111100000000000000000000000000000000
9400,523,24,24,M111111111111111100000000000000000000000000000000
9401,523,25,25,M111111111111111100000000000000000000000000000000
9402,523,26,26,M111111111111111100000000000000000000000000000000
9403,523,27,27,M111111111111111100000000000000000000000000000000
9404,523,28,28,M111111111111111100000000000000000000000000000000
9405,523,29,29,M111111111111111100000000000000000000000000000000
9406,523,30,30,M111111111111111100000000000000000000000000000000
9407,523,31,31,M111111111111111100000000000000000000000000000000
9440,416,0,0,M111111111111111100000000000000000000000000000000
9441,416,1,1,M111111111111111100000000000000000000000000000000
9442,416,2,2,M111111111111111100000000000000000000000000000000
9443,416,3,3,M111111111111111100000000000000000000000000000000
9444,416,4,4,M111111111111111100000000000000000000000000000000
9445,416,5,5,M111111111111111100000000000000000000000000000000
9446,416,6,6,M111111111111111100000000000000000000000000000000
9447,416,7,7,M111111111111111100000000000000000000000000000000
9448,416,8,8,M111111111111111100000000000000000000000000000000
9449,416,9,9,M111111111111111100000000000000000000000000000000
9450,416,10,10,M111111111111111100000000000000000000000000000000
9451,416,11,11,M111111111111111100000000000000000000000000000000
9452,416,12,12,M111111111111111100000000000000000000000000000000
9453,416,13,13,M111111111111111100000000000000000000000000000000
9454,416,14,14,M111111111111111100000000000000000000000000000000
9455,416,15,15,M111111111111111100000000000000000000000000000000
9456,416,16,16,M111111111111111100000000000000000000000000000000
9457,416,17,17,M111111111111111100000000000000000000000000000000
9458,416,18,18,M111111111111111100000000000000000000000000000000
9459,416,19,19,M111111111111111100000000000000000000000000000000
9460,416,20,20,M111111111111111100000000000000000000000000000000
9461,416,21,21,M111111111111111100000000000000000000000000000000
9462,416,22,22,M111111111111111100000000000000000000000000000000
9463,416,23,23,M111111111111111100000000000000000000000000000000
9464,416,24,24,M111111111111111100000000000000000000000000000000
9465,416,25,25,M111111111111111100000000000000000000000000000000
9466,416,26,26,M111111111111111100000000000000000000000000000000
9467,416,27,27,M111111111111111100000000000000000000000000000000
9468,416,28,28,M111111111111111100000000000000000000000000000000
9469,416,29,29,M111111111111111100000000000000000000000000000000
9470,416,30,30,M111111111111111100000000000000000000000000000000
9471,416,31,31,M111111111111111100000000000000000000000000000000
9600,419,0,0,M111111111111111100000000000000000000000000000000
9601,419,1,1,M111111111111111100000000000000000000000000000000
9602,419,2,2,M111111111111111100000000000000000000000000000000
9603,419,3,3,M111111111111111100000000000000000000000000000000
9604,419,4,4,M111111111111111100000000000000000000000000000000
9605,419,5,5,M111111111111111100000000000000000000000000000000
9606,419,6,6,M111111111111111100000000000000000000000000000000
9607,419,7,7,M111111111111111100000000000000000000000000000000
9608,419,8,8,M111111111111111100000000000000000000000000000000
9609,419,9,9,M111111111111111100000000000000000000000000000000
9610,419,10,10,M111111111111111100000000000000000000000000000000
9611,419,11,11,M111111111111111100000000000000000000000000000000
9612,419,12,12,M111111111111111100000000000000000000000000000000
9613,419,13,13,M111111111111111100000000000000000000000000000000
9614,419,14,14,M111111111111111100000000000000000000000000000000
9615,419,15,15,M111111111111111100000000000000000000000000000000
9616,419,16,16,M111111111111111100000000000000000000000000000000
9617,419,17,17,M111111111111111100000000000000000000000000000000
9618,419,18,18,M111111111111111100000000000000000000000000000000
9619,419,19,19,M111111111111111100000000000000000000000000000000
9620,419,20,20,M111111111111111100000000000000000000000000000000
9621,419,21,21,M111111111111111100000000000000000000000000000000
9622,419,22,22,M111111111111111100000000000000000000000000000000
9623,419,23,23,M111111111111111100000000000000000000000000000000
9624,419,24,24,M111111111111111100000000000000000000000000000000
9625,419,25,25,M111111111111111100000000000000000000000000000000
9626,419,26,26,M111111111111111100000000000000000000000000000000
9627,419,27,27,M111111111111111100000000000000000000000000000000
9628,419,28,28,M111111111111111100000000000000000000000000000000
9629,419,29,29,M111111111111111100000000000000000000000000000000
9630,419,30,30,M111111111111111100000000000000000000000000000000
9631,419,31,31,M111111111111111100000000000000000000000000000000
9728,286,0,0,M111111111111111100000000000000000000000000000000
9729,286,1,1,M111111111111111100000000000000000000000000000000
9730,286,2,2,M111111111111111100000000000000000000000000000000
9731,286,3,3,M111111111111111100000000000000000000000000000000
9732,286,4,4,M111111111111111100000000000000000000000000000000
9733,286,5,5,M111111111111111100000000000000000000000000000000
9734,286,6,6,M111111111111111100000000000000000000000000000000
9735,286,7,7,M111111111111111100000000000000000000000000000000
9736,286,8,8,M111111111111111100000000000000000000000000000000
9737,286,9,9,M111111111111111100000000000000000000000000000000
9738,286,10,10,M111111111111111100000000000000000000000000000000
9739,286,11,11,M111111111111111100000000000000000000000000000000
9740,286,12,12,M111111111111111100000000000000000000000000000000
9741,286,13,13,M111111111111111100000000000000000000000000000000
9742,286,14,14,M111111111111111100000000000000000000000000000000
9743,286,15,15,M111111111111111100000000000000000000000000000000
9744,286,16,16,M111111111111111100000000000000000000000000000000
9745,286,17,17,M111111111111111100000000000000000000000000000000
9746,286,18,18,M111111111111111100000000000000000000000000000000
9747,286,19,19,M111111111111111100000000000000000000000000000000
9748,286,20,20,M111111111111111100000000000000000000000000000000
9749,286,21,21,M111111111111111100000000000000000000000000000000
9750,286,22,22,M111111111111111100000000000000000000000000000000
9751,286,23,23,M111111111111111100000000000000000000000000000000
9752,286,24,24,M111111111111111100000000000000000000000000000000
9753,286,25,25,M111111111111111100000000000000000000000000000000
9754,286,26,26,M111111111111111100000000000000000000000000000000
9755,286,27,27,M111111111111111100000000000000000000000000000000
9756,286,28,28,M111111111111111100000000000000000000000000000000
9757,286,29,29,M111111111111111100000000000000000000000000000000
9758,286,30,30,M111111111111111100000000000000000000000000000000
9759,286,31,31,M111111111111111100000000000000000000000000000000
9952,158,0,0,M111111111111111100000000000000000000000000000000
9953,158,1,1,M111111111111111100000000000000000000000000000000
9954,158,2,2,M111111111111111100000000000000000000000000000000
9955,158,3,3,M111111111111111100000000000000000000000000000000
9956,158,4,4,M111111111111111100000000000000000000000000000000
9957,158,5,5,M111111111111111100000000000000000000000000000000
9958,158,6,6,M111111111111111100000000000000000000000000000000
9959,158,7,7,M111111111111111100000000000000000000000000000000
9960,158,8,8,M111111111111111100000000000000000000000000000000
9961,158,9,9,M111111111111111100000000000000000000000000000000
9962,158,10,10,M111111111111111100000000000000000000000000000000
9963,158,11,11,M111111111111111100000000000000000000000000000000
9964,158,12,12,M111111111111111100000000000000000000000000000000
9965,158,13,13,M111111111111111100000000000000000000000000000000
9966,158,14,14,M111111111111111100000000000000000000000000000000
9967,158,15,15,M111111111111111100000000000000000000000000000000
9968,158,16,16,M111111111111111100000000000000000000000000000000
9969,158,17,17,M111111111111111100000000000000000000000000000000
9970,158,18,18,M111111111111111100000000000000000000000000000000
9971,158,19,19,M111111111111111100000000000000000000000000000000
9972,158,20,20,M111111111111111100000000000000000000000000000000
9973,158,21,21,M111111111111111100000000000000000000000000000000
9974,158,22,22,M111111111111111100000000000000000000000000000000
9975,158,23,23,M111111111111111100000000000000000000000000000000
9976,158,24,24,M111111111111111100000000000000000000000000000000
9977,158,25,25,M111111111111111100000000000000000000000000000000
9978,158,26,26,M111111111111111100000000000000000000000000000000
9979,158,27,27,M111111111111111100000000000000000000000000000000
9980,158,28,28,M111111111111111100000000000000000000000000000000
9981,158,29,29,M111111111111111100000000000000000000000000000000
9982,158,30,30,M111111111111111100000000000000000000000000000000
9983,158,31,31,M111111111111111100000000000000000000000000000000
9984,170,0,0,M111111111111111100000000000000000000000000000000
9985,170,1,1,M111111111111111100000000000000000000000000000000
9986,170,2,2,M111111111111111100000000000000000000000000000000
9987,170,3,3,M111111111111111100000000000000000000000000000000
9988,170,4,4,M111111111111111100000000000000000000000000000000
9989,170,5,5,M111111111111111100000000000000000000000000000000
9990,170,6,6,M111111111111111100000000000000000000000000000000
9991,170,7,7,M111111111111111100000000000000000000000000000000
9992,170,8,8,M111111111111111100000000000000000000000000000000
9993,170,9,9,M111111111111111100000000000000000000000000000000
9994,170,10,10,M111111111111111100000000000000000000000000000000
9995,170,11,11,M111111111111111100000000000000000000000000000000
9996,170,12,12,M111111111111111100000000000000000000000000000000
9997,170,13,13,M111111111111111100000000000000000000000000000000
9998,170,14,14,M111111111111111100000000000000000000000000000000
9999,170,15,15,M111111111111111100000000000000000000000000000000
10000,170,16,16,M111111111111111100000000000000000000000000000000
10001,170,17,17,M111111111111111100000000000000000000000000000000
10002,170,18,18,M111111111111111100000000000000000000000000000000
10003,170,19,19,M111111111111111100000000000000000000000000000000
10004,170,20,20,M111111111111111100000000000000000000000000000000
10005,170,21,21,M111111111111111100000000000000000000000000000000
10006,170,22,22,M111111111111111100000000000000000000000000000000
10007,170,23,23,M111111111111111100000000000000000000000000000000
10008,170,24,24,M111111111111111100000000000000000000000000000000
10009,170,25,25,M111111111111111100000000000000000000000000000000
10010,170,26,26,M111111111111111100000000000000000000000000000000
10011,170,27,27,M111111111111111100000000000000000000000000000000
10012,170,28,28,M111111111111111100000000000000000000000000000000
10013,170,29,29,M111111111111111100000000000000000000000000000000
10014,170,30,30,M111111111111111100000000000000000000000000000000
10015,170,31,31,M111111111111111100000000000000000000000000000000
10080,368,0,0,M111111111111111100000000000000000000000000000000
10081,368,1,1,M111111111111111100000000000000000000000000000000
10082,368,2,2,M111111111111111100000000000000000000000000000000
10083,368,3,3,M111111111111111100000000000000000000000000000000
10084,368,4,4,M111111111111111100000000000000000000000000000000
10085,368,5,5,M111111111111111100000000000000000000000000000000
10086,368,6,6,M111111111111111100000000000000000000000000000000
10087,368,7,7,M111111111111111100000000000000000000000000000000
10088,368,8,8,M111111111111111100000000000000000000000000000000
10089,368,9,9,M111111111111111100000000000000000000000000000000
10090,368,10,10,M111111111111111100000000000000000000000000000000
10091,368,11,11,M111111111111111100000000000000000000000000000000
10092,368,12,12,M111111111111111100000000000000000000000000000000
10093,368,13,13,M111111111111111100000000000000000000000000000000
10094,368,14,14,M111111111111111100000000000000000000000000000000
10095,368,15,15,M111111111111111100000000000000000000000000000000
10096,368,16,16,M111111111111111100000000000000000000000000000000
10097,368,17,17,M111111111111111100000000000000000000000000000000
10098,368,18,18,M111111111111111100000000000000000000000000000000
10099,368,19,19,M111111111111111100000000000000000000000000000000
10100,368,20,20,M111111111111111100000000000000000000000000000000
10101,368,21,21,M111111111111111100000000000000000000000000000000
10102,368,22,22,M111111111111111100000000000000000000000000000000
10103,368,23,23,M111111111111111100000000000000000000000000000000
10104,368,24,24,M111111111111111100000000000000000000000000000000
10105,368,25,25,M111111111111111100000000000000000000000000000000
10106,368,26,26,M111111111111111100000000000000000000000000000000
10107,368,27,27,M111111111111111100000000000000000000000000000000
10108,368,28,28,M111111111111111100000000000000000000000000000000
10109,368,29,29,M111111111111111100000000000000000000000000000000
10110,368,30,30,M111111111111111100000000000000000000000000000000
10111,368,31,31,M111111111111111100000000000000000000000000000000
10240,0,0,0,M111111111111111100000000000000000000000000000000
10241,0,1,1,M111111111111111100000000000000000000000000000000
10242,0,2,2,M111111111111111100000000000000000000000000000000
10243,0,3,3,M111111111111111100000000000000000000000000000000
10244,0,4,4,M111111111111111100000000000000000000000000000000
10245,0,5,5,M111111111111111100000000000000000000000000000000
10246,0,6,6,M111111111111111100000000000000000000000000000000
10247,0,7,7,M111111111111111100000000000000000000000000000000
10248,0,8,8,M111111111111111100000000000000000000000000000000
10249,0,9,9,M111111111111111100000000000000000000000000000000
10250,0,10,10,M111111111111111100000000000000000000000000000000
10251,0,11,11,M111111111111111100000000000000000000000000000000
10252,0,12,12,M111111111111111100000000000000000000000000000000
10253,0,13,13,M111111111111111100000000000000000000000000000000
10254,0,14,14,M111111111111111100000000000000000000000000000000
10255,0,15,15,M111111111111111100000000000000000000000000000000
10256,0,16,16,M111111111111111100000000000000000000000000000000
10257,0,17,17,M111111111111111100000000000000000000000000000000
10258,0,18,18,M111111111111111100000000000000000000000000000000
10259,0,19,19,M111111111111111100000000000000000000000000000000
10260,0,20,20,M111111111111111100000000000000000000000000000000
10261,0,21,21,M111111111111111100000000000000000000000000000000
10262,0,22,22,M111111111111111100000000000000000000000000000000
10263,0,23,23,M111111111111111100000000000000000000000000000000
10264,0,24,24,M111111111111111100000000000000000000000000000000
10265,0,25,25,M111111111111111100000000000000000000000000000000
10266,0,26,26,M111111111111111100000000000000000000000000000000
10267,0,27,27,M111111111111111100000000000000000000000000000000
10268,0,28,28,M111111111111111100000000000000000000000000000000
10269,0,29,29,M111111111111111100000000000000000000000000000000
10270,0,30,30,M111111111111111100000000000000000000000000000000
10271,0,31,31,M111111111111111100000000000000000000000000000000
10304,17,0,0,M111111111111111100000000000000000000000000000000
10305,17,1,1,M111111111111111100000000000000000000000000000000
10306,17,2,2,M111111111111111100000000000000000000000000000000
10307,17,3,3,M111111111111111100000000000000000000000000000000
10308,17,4,4,M111111111111111100000000000000000000000000000000
10309,17,5,5,M111111111111111100000000000000000000000000000000
10310,17,6,6,M111111111111111100000000000000000000000000000000
10311,17,7,7,M111111111111111100000000000000000000000000000000
10312,17,8,8,M111111111111111100000000000000000000000000000000
10313,17,9,9,M111111111111111100000000000000000000000000000000
10314,17,10,10,M111111111111111100000000000000000000000000000000
10315,17,11,11,M111111111111111100000000000000000000000000000000
10316,17,12,12,M111111111111111100000000000000000000000000000000
10317,17,13,13,M111111111111111100000000000000000000000000000000
10318,17,14,14,M111111111111111100000000000000000000000000000000
10319,17,15,15,M111111111111111100000000000000000000000000000000
10320,17,16,16,M111111111111111100000000000000000000000000000000
10321,17,17,17,M111111111111111100000000000000000000000000000000
10322,17,18,18,M111111111111111100000000000000000000000000000000
10323,17,19,19,M111111111111111100000000000000000000000000000000
10324,17,20,20,M111111111111111100000000000000000000000000000000
10325,17,21,21,M111111111111111100000000000000000000000000000000
10326,17,22,22,M111111111111111100000000000000000000000000000000
10327,17,23,23,M111111111111111100000000000000000000000000000000
10328,17,24,24,M111111111111111100000000000000000000000000000000
10329,17,25,25,M111111111111111100000000000000000000000000000000
10330,17,26,26,M111111111111111100000000000000000000000000000000
10331,17,27,27,M111111111111111100000000000000000000000000000000
10332,17,28,28,M111111111111111100000000000000000000000000000000
10333,17,29,29,M111111111111111100000000000000000000000000000000
10334,17,30,30,M111111111111111100000000000000000000000000000000
10335,17,31,31,M111111111111111100000000000000000000000000000000
10848,69,0,0,M111111111111111100000000000000000000000000000000
10849,69,1,1,M111111111111111100000000000000000000000000000000
10850,69,2,2,M111111111111111100000000000000000000000000000000
10851,69,3,3,M111111111111111100000000000000000000000000000000
10852,69,4,4,M111111111111111100000000000000000000000000000000
10853,69,5,5,M111111111111111100000000000000000000000000000000
10854,69,6,6,M111111111111111100000000000000000000000000000000
10855,69,7,7,M111111111111111100000000000000000000000000000000
10856,69,8,8,M111111111111111100000000000000000000000000000000
10857,69,9,9,M111111111111111100000000000000000000000000000000
10858,69,10,10,M111111111111111100000000000000000000000000000000
10859,69,11,11,M111111111111111100000000000000000000000000000000
10860,69,12,12,M111111111111111100000000000000000000000000000000
10861,69,13,13,M111111111111111100000000000000000000000000000000
10862,69,14,14,M111111111111111100000000000000000000000000000000
10863,69,15,15,M111111111111111100000000000000000000000000000000
10864,69,16,16,M111111111111111100000000000000000000000000000000
10865,69,17,17,M111111111111111100000000000000000000000000000000
10866,69,18,18,M111111111111111100000000000000000000000000000000
10867,69,19,19,M111111111111111100000000000000000000000000000000
10868,69,20,20,M111111111111111100000000000000000000000000000000
10869,69,21,21,M111111111111111100000000000000000000000000000000
10870,69,22,22,M111111111111111100000000000000000000000000000000
10871,69,23,23,M111111111111111100000000000000000000000000000000
10872,69,24,24,M111111111111111100000000000000000000000000000000
10873,69,25,25,M111111111111111100000000000000000000000000000000
10874,69,26,26,M111111111111111100000000000000000000000000000000
10875,69,27,27,M111111111111111100000000000000000000000000000000
10876,69,28,28,M111111111111111100000000000000000000000000000000
10877,69,29,29,M111111111111111100000000000000000000000000000000
10878,69,30,30,M111111111111111100000000000000000000000000000000
10879,69,31,31,M111111111111111100000000000000000000000000000000
11424,456,0,0,M111111111111111100000000000000000000000000000000
11425,456,1,1,M111111111111111100000000000000000000000000000000
11426,456,2,2,M111111111111111100000000000000000000000000000000
11427,456,3,3,M111111111111111100000000000000000000000000000000
11428,456,4,4,M111111111111111100000000000000000000000000000000
11429,456,5,5,M111111111111111100000000000000000000000000000000
11430,456,6,6,M111111111111111100000000000000000000000000000000
11431,456,7,7,M111111111111111100000000000000000000000000000000
11432,456,8,8,M111111111111111100000000000000000000000000000000
11433,456,9,9,M111111111111111100000000000000000000000000000000
11434,456,10,10,M111111111111111100000000000000000000000000000000
11435,456,11,11,M111111111111111100000000000000000000000000000000
11436,456,12,12,M111111111111111100000000000000000000000000000000
11437,456,13,13,M111111111111111100000000000000000000000000000000
11438,456,14,14,M111111111111111100000000000000000000000000000000
11439,456,15,15,M111111111111111100000000000000000000000000000000
11440,456,16,16,M111111111111111100000000000000000000000000000000
11441,456,17,17,M111111111111111100000000000000000000000000000000
11442,456,18,18,M111111111111111100000000000000000000000000000000
11443,456,19,19,M111111111111111100000000000000000000000000000000
11444,456,20,20,M111111111111111100000000000000000000000000000000
11445,456,21,21,M111111111111111100000000000000000000000000000000
11446,456,22,22,M111111111111111100000000000000000000000000000000
11447,456,23,23,M111111111111111100000000000000000000000000000000
11448,456,24,24,M111111111111111100000000000000000000000000000000
11449,456,25,25,M111111111111111100000000000000000000000000000000
11450,456,26,26,M111111111111111100000000000000000000000000000000
11451,456,27,27,M111111111111111100000000000000000000000000000000
11452,456,28,28,M111111111111111100000000000000000000000000000000
11453,456,29,29,M111111111111111100000000000000000000000000000000
11454,456,30,30,M111111111111111100000000000000000000000000000000
11455,456,31,31,M111111111111111100000000000000000000000000000000
11456,477,0,0,M111111111111111100000000000000000000000000000000
11457,477,1,1,M111111111111111100000000000000000000000000000000
11458,477,2,2,M111111111111111100000000000000000000000000000000
11459,477,3,3,M111111111111111100000000000000000000000000000000
11460,477,4,4,M111111111111111100000000000000000000000000000000
11461,477,5,5,M111111111111111100000000000000000000000000000000
11462,477,6,6,M111111111111111100000000000000000000000000000000
11463,477,7,7,M111111111111111100000000000000000000000000000000
11464,477,8,8,M111111111111111100000000000000000000000000000000
11465,477,9,9,M111111111111111100000000000000000000000000000000
11466,477,10,10,M111111111111111100000000000000000000000000000000
11467,477,11,11,M111111111111111100000000000000000000000000000000
11468,477,12,12,M111111111111111100000000000000000000000000000000
11469,477,13,13,M111111111111111100000000000000000000000000000000
11470,477,14,14,M111111111111111100000000000000000000000000000000
11471,477,15,15,M111111111111111100000000000000000000000000000000
11472,477,16,16,M111111111111111100000000000000000000000000000000
11473,477,17,17,M111111111111111100000000000000000000000000000000
11474,477,18,18,M111111111111111100000000000000000000000000000000
11475,477,19,19,M111111111111111100000000000000000000000000000000
11476,477,20,20,M111111111111111100000000000000000000000000000000
11477,477,21,21,M111111111111111100000000000000000000000000000000
11478,477,22,22,M111111111111111100000000000000000000000000000000
11479,477,23,23,M111111111111111100000000000000000000000000000000
11480,477,24,24,M111111111111111100000000000000000000000000000000
11481,477,25,25,M111111111111111100000000000000000000000000000000
11482,477,26,26,M111111111111111100000000000000000000000000000000
11483,477,27,27,M111111111111111100000000000000000000000000000000
11484,477,28,28,M111111111111111100000000000000000000000000000000
11485,477,29,29,M111111111111111100000000000000000000000000000000
11486,477,30,30,M111111111111111100000000000000000000000000000000
11487,477,31,31,M111111111111111100000000000000000000000000000000
11520,272,0,0,M111111111111111100000000000000000000000000000000
11521,272,1,1,M111111111111111100000000000000000000000000000000
11522,272,2,2,M111111111111111100000000000000000000000000000000
11523,272,3,3,M111111111111111100000000000000000000000000000000
11524,272,4,4,M111111111111111100000000000000000000000000000000
11525,272,5,5,M111111111111111100000000000000000000000000000000
11526,272,6,6,M111111111111111100000000000000000000000000000000
11527,272,7,7,M111111111111111100000000000000000000000000000000
11528,272,8,8,M111111111111111100000000000000000000000000000000
11529,272,9,9,M111111111111111100000000000000000000000000000000
11530,272,10,10,M111111111111111100000000000000000000000000000000
11531,272,11,11,M111111111111111100000000000000000000000000000000
11532,272,12,12,M111111111111111100000000000000000000000000000000
11533,272,13,13,M111111111111111100000000000000000000000000000000
11534,272,14,14,M111111111111111100000000000000000000000000000000
11535,272,15,15,M111111111111111100000000000000000000000000000000
11536,272,16,16,M111111111111111100000000000000000000000000000000
11537,272,17,17,M111111111111111100000000000000000000000000000000
11538,272,18,18,M111111111111111100000000000000000000000000000000
11539,272,19,19,M111111111111111100000000000000000000000000000000
11540,272,20,20,M111111111111111100000000000000000000000000000000
11541,272,21,21,M111111111111111100000000000000000000000000000000
11542,272,22,22,M111111111111111100000000000000000000000000000000
11543,272,23,23,M111111111111111100000000000000000000000000000000
11544,272,24,24,M111111111111111100000000000000000000000000000000
11545,272,25,25,M111111111111111100000000000000000000000000000000
11546,272,26,26,M111111111111111100000000000000000000000000000000
11547,272,27,27,M111111111111111100000000000000000000000000000000
11548,272,28,28,M111111111111111100000000000000000000000000000000
11549,272,29,29,M111111111111111100000000000000000000000000000000
11550,272,30,30,M111111111111111100000000000000000000000000000000
11551,272,31,31,M111111111111111100000000000000000000000000000000
12000,385,0,0,M111111111111111100000000000000000000000000000000
12001,385,1,1,M111111111111111100000000000000000000000000000000
12002,385,2,2,M111111111111111100000000000000000000000000000000
12003,385,3,3,M111111111111111100000000000000000000000000000000
12004,385,4,4,M111111111111111100000000000000000000000000000000
12005,385,5,5,M111111111111111100000000000000000000000000000000
12006,385,6,6,M111111111111111100000000000000000000000000000000
12007,385,7,7,M111111111111111100000000000000000000000000000000
12008,385,8,8,M111111111111111100000000000000000000000000000000
12009,385,9,9,M111111111111111100000000000000000000000000000000
12010,385,10,10,M111111111111111100000000000000000000000000000000
12011,385,11,11,M111111111111111100000000000000000000000000000000
12012,385,12,12,M111111111111111100000000000000000000000000000000
12013,385,13,13,M111111111111111100000000000000000000000000000000
12014,385,14,14,M111111111111111100000000000000000000000000000000
12015,385,15,15,M111111111111111100000000000000000000000000000000
12016,385,16,16,M111111111111111100000000000000000000000000000000
12017,385,17,17,M111111111111111100000000000000000000000000000000
12018,385,18,18,M111111111111111100000000000000000000000000000000
12019,385,19,19,M111111111111111100000000000000000000000000000000
12020,385,20,20,M111111111111111100000000000000000000000000000000
12021,385,21,21,M111111111111111100000000000000000000000000000000
12022,385,22,22,M111111111111111100000000000000000000000000000000
12023,385,23,23,M111111111111111100000000000000000000000000000000
12024,385,24,24,M111111111111111100000000000000000000000000000000
12025,385,25,25,M111111111111111100000000000000000000000000000000
12026,385,26,26,M111111111111111100000000000000000000000000000000
12027,385,27,27,M111111111111111100000000000000000000000000000000
12028,385,28,28,M111111111111111100000000000000000000000000000000
12029,385,29,29,M111111111111111100000000000000000000000000000000
12030,385,30,30,M111111111111111100000000000000000000000000000000
12031,385,31,31,M111111111111111100000000000000000000000000000000
12128,62,0,0,M111111111111111100000000000000000000000000000000
12129,62,1,1,M111111111111111100000000000000000000000000000000
12130,62,2,2,M111111111111111100000000000000000000000000000000
12131,62,3,3,M111111111111111100000000000000000000000000000000
12132,62,4,4,M111111111111111100000000000000000000000000000000
12133,62,5,5,M111111111111111100000000000000000000000000000000
12134,62,6,6,M111111111111111100000000000000000000000000000000
12135,62,7,7,M111111111111111100000000000000000000000000000000
12136,62,8,8,M111111111111111100000000000000000000000000000000
12137,62,9,9,M111111111111111100000000000000000000000000000000
12138,62,10,10,M111111111111111100000000000000000000000000000000
12139,62,11,11,M111111111111111100000000000000000000000000000000
12140,62,12,12,M111111111111111100000000000000000000000000000000
12141,62,13,13,M111111111111111100000000000000000000000000000000
12142,62,14,14,M111111111111111100000000000000000000000000000000
12143,62,15,15,M111111111111111100000000000000000000000000000000
12144,62,16,16,M111111111111111100000000000000000000000000000000
12145,62,17,17,M111111111111111100000000000000000000000000000000
12146,62,18,18,M111111111111111100000000000000000000000000000000
12147,62,19,19,M111111111111111100000000000000000000000000000000
12148,62,20,20,M111111111111111100000000000000000000000000000000
12149,62,21,21,M111111111111111100000000000000000000000000000000
12150,62,22,22,M111111111111111100000000000000000000000000000000
12151,62,23,23,M111111111111111100000000000000000000000000000000
12152,62,24,24,M111111111111111100000000000000000000000000000000
12153,62,25,25,M111111111111111100000000000000000000000000000000
12154,62,26,26,M111111111111111100000000000000000000000000000000
12155,62,27,27,M111111111111111100000000000000000000000000000000
12156,62,28,28,M111111111111111100000000000000000000000000000000
12157,62,29,29,M111111111111111100000000000000000000000000000000
12158,62,30,30,M111111111111111100000000000000000000000000000000
12159,62,31,31,M111111111111111100000000000000000000000000000000
12256,99,0,0,M111111111111111100000000000000000000000000000000
12257,99,1,1,M111111111111111100000000000000000000000000000000
12258,99,2,2,M111111111111111100000000000000000000000000000000
12259,99,3,3,M111111111111111100000000000000000000000000000000
12260,99,4,4,M111111111111111100000000000000000000000000000000
12261,99,5,5,M111111111111111100000000000000000000000000000000
12262,99,6,6,M111111111111111100000000000000000000000000000000
12263,99,7,7,M111111111111111100000000000000000000000000000000
12264,99,8,8,M111111111111111100000000000000000000000000000000
12265,99,9,9,M111111111111111100000000000000000000000000000000
12266,99,10,10,M111111111111111100000000000000000000000000000000
12267,99,11,11,M111111111111111100000000000000000000000000000000
12268,99,12,12,M111111111111111100000000000000000000000000000000
12269,99,13,13,M111111111111111100000000000000000000000000000000
12270,99,14,14,M111111111111111100000000000000000000000000000000
12271,99,15,15,M111111111111111100000000000000000000000000000000
12272,99,16,16,M111111111111111100000000000000000000000000000000
12273,99,17,17,M111111111111111100000000000000000000000000000000
12274,99,18,18,M111111111111111100000000000000000000000000000000
12275,99,19,19,M111111111111111100000000000000000000000000000000
12276,99,20,20,M111111111111111100000000000000000000000000000000
12277,99,21,21,M111111111111111100000000000000000000000000000000
12278,99,22,22,M111111111111111100000000000000000000000000000000
12279,99,23,23,M111111111111111100000000000000000000000000000000
12280,99,24,24,M111111111111111100000000000000000000000000000000
12281,99,25,25,M111111111111111100000000000000000000000000000000
12282,99,26,26,M111111111111111100000000000000000000000000000000
12283,99,27,27,M111111111111111100000000000000000000000000000000
12284,99,28,28,M111111111111111100000000000000000000000000000000
12285,99,29,29,M111111111111111100000000000000000000000000000000
12286,99,30,30,M111111111111111100000000000000000000000000000000
12287,99,31,31,M111111111111111100000000000000000000000000000000
12352,411,0,0,M111111111111111100000000000000000000000000000000
12353,411,1,1,M111111111111111100000000000000000000000000000000
12354,411,2,2,M111111111111111100000000000000000000000000000000
12355,411,3,3,M111111111111111100000000000000000000000000000000
12356,411,4,4,M111111111111111100000000000000000000000000000000
12357,411,5,5,M111111111111111100000000000000000000000000000000
12358,411,6,6,M111111111111111100000000000000000000000000000000
12359,411,7,7,M111111111111111100000000000000000000000000000000
12360,411,8,8,M111111111111111100000000000000000000000000000000
12361,411,9,9,M111111111111111100000000000000000000000000000000
12362,411,10,10,M111111111111111100000000000000000000000000000000
12363,411,11,11,M111111111111111100000000000000000000000000000000
12364,411,12,12,M111111111111111100000000000000000000000000000000
12365,411,13,13,M111111111111111100000000000000000000000000000000
12366,411,14,14,M111111111111111100000000000000000000000000000000
12367,411,15,15,M111111111111111100000000000000000000000000000000
12368,411,16,16,M111111111111111100000000000000000000000000000000
12369,411,17,17,M111111111111111100000000000000000000000000000000
12370,411,18,18,M111111111111111100000000000000000000000000000000
12371,411,19,19,M111111111111111100000000000000000000000000000000
12372,411,20,20,M111111111111111100000000000000000000000000000000
12373,411,21,21,M111111111111111100000000000000000000000000000000
12374,411,22,22,M111111111111111100000000000000000000000000000000
12375,411,23,23,M111111111111111100000000000000000000000000000000
12376,411,24,24,M111111111111111100000000000000000000000000000000
12377,411,25,25,M111111111111111100000000000000000000000000000000
12378,411,26,26,M111111111111111100000000000000000000000000000000
12379,411,27,27,M111111111111111100000000000000000000000000000000
12380,411,28,28,M111111111111111100000000000000000000000000000000
12381,411,29,29,M111111111111111100000000000000000000000000000000
12382,411,30,30,M111111111111111100000000000000000000000000000000
12383,411,31,31,M111111111111111100000000000000000000000000000000
12576,55,0,0,M111111111111111100000000000000000000000000000000
12577,55,1,1,M111111111111111100000000000000000000000000000000
12578,55,2,2,M111111111111111100000000000000000000000000000000
12579,55,3,3,M111111111111111100000000000000000000000000000000
12580,55,4,4,M111111111111111100000000000000000000000000000000
12581,55,5,5,M111111111111111100000000000000000000000000000000
12582,55,6,6,M111111111111111100000000000000000000000000000000
12583,55,7,7,M111111111111111100000000000000000000000000000000
12584,55,8,8,M111111111111111100000000000000000000000000000000
12585,55,9,9,M111111111111111100000000000000000000000000000000
12586,55,10,10,M111111111111111100000000000000000000000000000000
12587,55,11,11,M111111111111111100000000000000000000000000000000
12588,55,12,12,M111111111111111100000000000000000000000000000000
12589,55,13,13,M111111111111111100000000000000000000000000000000
12590,55,14,14,M111111111111111100000000000000000000000000000000
12591,55,15,15,M111111111111111100000000000000000000000000000000
12592,55,16,16,M111111111111111100000000000000000000000000000000
12593,55,17,17,M111111111111111100000000000000000000000000000000
12594,55,18,18,M111111111111111100000000000000000000000000000000
12595,55,19,19,M111111111111111100000000000000000000000000000000
12596,55,20,20,M111111111111111100000000000000000000000000000000
12597,55,21,21,M111111111111111100000000000000000000000000000000
12598,55,22,22,M111111111111111100000000000000000000000000000000
12599,55,23,23,M111111111111111100000000000000000000000000000000
12600,55,24,24,M111111111111111100000000000000000000000000000000
12601,55,25,25,M111111111111111100000000000000000000000000000000
12602,55,26,26,M111111111111111100000000000000000000000000000000
12603,55,27,27,M111111111111111100000000000000000000000000000000
12604,55,28,28,M111111111111111100000000000000000000000000000000
12605,55,29,29,M111111111111111100000000000000000000000000000000
12606,55,30,30,M111111111111111100000000000000000000000000000000
12607,55,31,31,M111111111111111100000000000000000000000000000000
12608,496,0,0,M111111111111111100000000000000000000000000000000
12609,496,1,1,M111111111111111100000000000000000000000000000000
12610,496,2,2,M111111111111111100000000000000000000000000000000
12611,496,3,3,M111111111111111100000000000000000000000000000000
12612,496,4,4,M111111111111111100000000000000000000000000000000
12613,496,5,5,M111111111111111100000000000000000000000000000000
12614,496,6,6,M111111111111111100000000000000000000000000000000
12615,496,7,7,M111111111111111100000000000000000000000000000000
12616,496,8,8,M111111111111111100000000000000000000000000000000
12617,496,9,9,M111111111111111100000000000000000000000000000000
12618,496,10,10,M111111111111111100000000000000000000000000000000
12619,496,11,11,M111111111111111100000000000000000000000000000000
12620,496,12,12,M111111111111111100000000000000000000000000000000
12621,496,13,13,M111111111111111100000000000000000000000000000000
12622,496,14,14,M111111111111111100000000000000000000000000000000
12623,496,15,15,M111111111111111100000000000000000000000000000000
12624,496,16,16,M111111111111111100000000000000000000000000000000
12625,496,17,17,M111111111111111100000000000000000000000000000000
12626,496,18,18,M111111111111111100000000000000000000000000000000
12627,496,19,19,M111111111111111100000000000000000000000000000000
12628,496,20,20,M111111111111111100000000000000000000000000000000
12629,496,21,21,M111111111111111100000000000000000000000000000000
12630,496,22,22,M111111111111111100000000000000000000000000000000
12631,496,23,23,M111111111111111100000000000000000000000000000000
12632,496,24,24,M111111111111111100000000000000000000000000000000
12633,496,25,25,M111111111111111100000000000000000000000000000000
12634,496,26,26,M111111111111111100000000000000000000000000000000
12635,496,27,27,M111111111111111100000000000000000000000000000000
12636,496,28,28,M111111111111111100000000000000000000000000000000
12637,496,29,29,M111111111111111100000000000000000000000000000000
12638,496,30,30,M111111111111111100000000000000000000000000000000
12639,496,31,31,M111111111111111100000000000000000000000000000000
12736,129,0,0,M111111111111111100000000000000000000000000000000
12737,129,1,1,M111111111111111100000000000000000000000000000000
12738,129,2,2,M111111111111111100000000000000000000000000000000
12739,129,3,3,M111111111111111100000000000000000000000000000000
12740,129,4,4,M111111111111111100000000000000000000000000000000
12741,129,5,5,M111111111111111100000000000000000000000000000000
12742,129,6,6,M111111111111111100000000000000000000000000000000
12743,129,7,7,M111111111111111100000000000000000000000000000000
12744,129,8,8,M111111111111111100000000000000000000000000000000
12745,129,9,9,M111111111111111100000000000000000000000000000000
12746,129,10,10,M111111111111111100000000000000000000000000000000
12747,129,11,11,M111111111111111100000000000000000000000000000000
12748,129,12,12,M111111111111111100000000000000000000000000000000
12749,129,13,13,M111111111111111100000000000000000000000000000000
12750,129,14,14,M111111111111111100000000000000000000000000000000
12751,129,15,15,M111111111111111100000000000000000000000000000000
12752,129,16,16,M111111111111111100000000000000000000000000000000
12753,129,17,17,M111111111111111100000000000000000000000000000000
12754,129,18,18,M111111111111111100000000000000000000000000000000
12755,129,19,19,M111111111111111100000000000000000000000000000000
12756,129,20,20,M111111111111111100000000000000000000000000000000
12757,129,21,21,M111111111111111100000000000000000000000000000000
12758,129,22,22,M111111111111111100000000000000000000000000000000
12759,129,23,23,M111111111111111100000000000000000000000000000000
12760,129,24,24,M111111111111111100000000000000000000000000000000
12761,129,25,25,M111111111111111100000000000000000000000000000000
12762,129,26,26,M111111111111111100000000000000000000000000000000
12763,129,27,27,M111111111111111100000000000000000000000000000000
12764,129,28,28,M111111111111111100000000000000000000000000000000
12765,129,29,29,M111111111111111100000000000000000000000000000000
12766,129,30,30,M111111111111111100000000000000000000000000000000
12767,129,31,31,M111111111111111100000000000000000000000000000000
12768,249,0,0,M111111111111111100000000000000000000000000000000
12769,249,1,1,M111111111111111100000000000000000000000000000000
12770,249,2,2,M111111111111111100000000000000000000000000000000
12771,249,3,3,M111111111111111100000000000000000000000000000000
12772,249,4,4,M111111111111111100000000000000000000000000000000
12773,249,5,5,M111111111111111100000000000000000000000000000000
12774,249,6,6,M111111111111111100000000000000000000000000000000
12775,249,7,7,M111111111111111100000000000000000000000000000000
12776,249,8,8,M111111111111111100000000000000000000000000000000
12777,249,9,9,M111111111111111100000000000000000000000000000000
12778,249,10,10,M111111111111111100000000000000000000000000000000
12779,249,11,11,M111111111111111100000000000000000000000000000000
12780,249,12,12,M111111111111111100000000000000000000000000000000
12781,249,13,13,M111111111111111100000000000000000000000000000000
12782,249,14,14,M111111111111111100000000000000000000000000000000
12783,249,15,15,M111111111111111100000000000000000000000000000000
12784,249,16,16,M111111111111111100000000000000000000000000000000
12785,249,17,17,M111111111111111100000000000000000000000000000000
12786,249,18,18,M111111111111111100000000000000000000000000000000
12787,249,19,19,M111111111111111100000000000000000000000000000000
12788,249,20,20,M111111111111111100000000000000000000000000000000
12789,249,21,21,M111111111111111100000000000000000000000000000000
12790,249,22,22,M111111111111111100000000000000000000000000000000
12791,249,23,23,M111111111111111100000000000000000000000000000000
12792,249,24,24,M111111111111111100000000000000000000000000000000
12793,249,25,25,M111111111111111100000000000000000000000000000000
12794,249,26,26,M111111111111111100000000000000000000000000000000
12795,249,27,27,M111111111111111100000000000000000000000000000000
12796,249,28,28,M111111111111111100000000000000000000000000000000
12797,249,29,29,M111111111111111100000000000000000000000000000000
12798,249,30,30,M111111111111111100000000000000000000000000000000
12799,249,31,31,M111111111111111100000000000000000000000000000000
12864,197,0,0,M111111111111111100000000000000000000000000000000
12865,197,1,1,M111111111111111100000000000000000000000000000000
12866,197,2,2,M111111111111111100000000000000000000000000000000
12867,197,3,3,M111111111111111100000000000000000000000000000000
12868,197,4,4,M111111111111111100000000000000000000000000000000
12869,197,5,5,M111111111111111100000000000000000000000000000000
12870,197,6,6,M111111111111111100000000000000000000000000000000
12871,197,7,7,M111111111111111100000000000000000000000000000000
12872,197,8,8,M111111111111111100000000000000000000000000000000
12873,197,9,9,M111111111111111100000000000000000000000000000000
12874,197,10,10,M111111111111111100000000000000000000000000000000
12875,197,11,11,M111111111111111100000000000000000000000000000000
12876,197,12,12,M111111111111111100000000000000000000000000000000
12877,197,13,13,M111111111111111100000000000000000000000000000000
12878,197,14,14,M111111111111111100000000000000000000000000000000
12879,197,15,15,M111111111111111100000000000000000000000000000000
12880,197,16,16,M111111111111111100000000000000000000000000000000
12881,197,17,17,M111111111111111100000000000000000000000000000000
12882,197,18,18,M111111111111111100000000000000000000000000000000
12883,197,19,19,M111111111111111100000000000000000000000000000000
12884,197,20,20,M111111111111111100000000000000000000000000000000
12885,197,21,21,M111111111111111100000000000000000000000000000000
12886,197,22,22,M111111111111111100000000000000000000000000000000
12887,197,23,23,M111111111111111100000000000000000000000000000000
12888,197,24,24,M111111111111111100000000000000000000000000000000
12889,197,25,25,M111111111111111100000000000000000000000000000000
12890,197,26,26,M111111111111111100000000000000000000000000000000
12891,197,27,27,M111111111111111100000000000000000000000000000000
12892,197,28,28,M111111111111111100000000000000000000000000000000
12893,197,29,29,M111111111111111100000000000000000000000000000000
12894,197,30,30,M111111111111111100000000000000000000000000000000
12895,197,31,31,M111111111111111100000000000000000000000000000000
12928,295,0,0,M111111111111111100000000000000000000000000000000
12929,295,1,1,M111111111111111100000000000000000000000000000000
12930,295,2,2,M111111111111111100000000000000000000000000000000
12931,295,3,3,M111111111111111100000000000000000000000000000000
12932,295,4,4,M111111111111111100000000000000000000000000000000
12933,295,5,5,M111111111111111100000000000000000000000000000000
12934,295,6,6,M111111111111111100000000000000000000000000000000
12935,295,7,7,M111111111111111100000000000000000000000000000000
12936,295,8,8,M111111111111111100000000000000000000000000000000
12937,295,9,9,M111111111111111100000000000000000000000000000000
12938,295,10,10,M111111111111111100000000000000000000000000000000
12939,295,11,11,M111111111111111100000000000000000000000000000000
12940,295,12,12,M111111111111111100000000000000000000000000000000
12941,295,13,13,M111111111111111100000000000000000000000000000000
12942,295,14,14,M111111111111111100000000000000000000000000000000
12943,295,15,15,M111111111111111100000000000000000000000000000000
12944,295,16,16,M111111111111111100000000000000000000000000000000
12945,295,17,17,M111111111111111100000000000000000000000000000000
12946,295,18,18,M111111111111111100000000000000000000000000000000
12947,295,19,19,M111111111111111100000000000000000000000000000000
12948,295,20,20,M111111111111111100000000000000000000000000000000
12949,295,21,21,M111111111111111100000000000000000000000000000000
12950,295,22,22,M111111111111111100000000000000000000000000000000
12951,295,23,23,M111111111111111100000000000000000000000000000000
12952,295,24,24,M111111111111111100000000000000000000000000000000
12953,295,25,25,M111111111111111100000000000000000000000000000000
12954,295,26,26,M111111111111111100000000000000000000000000000000
12955,295,27,27,M111111111111111100000000000000000000000000000000
12956,295,28,28,M111111111111111100000000000000000000000000000000
12957,295,29,29,M111111111111111100000000000000000000000000000000
12958,295,30,30,M111111111111111100000000000000000000000000000000
12959,295,31,31,M111111111111111100000000000000000000000000000000
12960,422,0,0,M111111111111111100000000000000000000000000000000
12961,422,1,1,M111111111111111100000000000000000000000000000000
12962,422,2,2,M111111111111111100000000000000000000000000000000
12963,422,3,3,M111111111111111100000000000000000000000000000000
12964,422,4,4,M111111111111111100000000000000000000000000000000
12965,422,5,5,M111111111111111100000000000000000000000000000000
12966,422,6,6,M111111111111111100000000000000000000000000000000
12967,422,7,7,M111111111111111100000000000000000000000000000000
12968,422,8,8,M111111111111111100000000000000000000000000000000
12969,422,9,9,M111111111111111100000000000000000000000000000000
12970,422,10,10,M111111111111111100000000000000000000000000000000
12971,422,11,11,M111111111111111100000000000000000000000000000000
12972,422,12,12,M111111111111111100000000000000000000000000000000
12973,422,13,13,M111111111111111100000000000000000000000000000000
12974,422,14,14,M111111111111111100000000000000000000000000000000
12975,422,15,15,M111111111111111100000000000000000000000000000000
12976,422,16,16,M111111111111111100000000000000000000000000000000
12977,422,17,17,M111111111111111100000000000000000000000000000000
12978,422,18,18,M111111111111111100000000000000000000000000000000
12979,422,19,19,M111111111111111100000000000000000000000000000000
12980,422,20,20,M111111111111111100000000000000000000000000000000
12981,422,21,21,M111111111111111100000000000000000000000000000000
12982,422,22,22,M111111111111111100000000000000000000000000000000
12983,422,23,23,M111111111111111100000000000000000000000000000000
12984,422,24,24,M111111111111111100000000000000000000000000000000
12985,422,25,25,M111111111111111100000000000000000000000000000000
12986,422,26,26,M111111111111111100000000000000000000000000000000
12987,422,27,27,M111111111111111100000000000000000000000000000000
12988,422,28,28,M111111111111111100000000000000000000000000000000
12989,422,29,29,M111111111111111100000000000000000000000000000000
12990,422,30,30,M111111111111111100000000000000000000000000000000
12991,422,31,31,M111111111111111100000000000000000000000000000000
13280,179,0,0,M111111111111111100000000000000000000000000000000
13281,179,1,1,M111111111111111100000000000000000000000000000000
13282,179,2,2,M111111111111111100000000000000000000000000000000
13283,179,3,3,M111111111111111100000000000000000000000000000000
13284,179,4,4,M111111111111111100000000000000000000000000000000
13285,179,5,5,M111111111111111100000000000000000000000000000000
13286,179,6,6,M111111111111111100000000000000000000000000000000
13287,179,7,7,M111111111111111100000000000000000000000000000000
13288,179,8,8,M111111111111111100000000000000000000000000000000
13289,179,9,9,M111111111111111100000000000000000000000000000000
13290,179,10,10,M111111111111111100000000000000000000000000000000
13291,179,11,11,M111111111111111100000000000000000000000000000000
13292,179,12,12,M111111111111111100000000000000000000000000000000
13293,179,13,13,M111111111111111100000000000000000000000000000000
13294,179,14,14,M111111111111111100000000000000000000000000000000
13295,179,15,15,M111111111111111100000000000000000000000000000000
13296,179,16,16,M111111111111111100000000000000000000000000000000
13297,179,17,17,M111111111111111100000000000000000000000000000000
13298,179,18,18,M111111111111111100000000000000000000000000000000
13299,179,19,19,M111111111111111100000000000000000000000000000000
13300,179,20,20,M111111111111111100000000000000000000000000000000
13301,179,21,21,M111111111111111100000000000000000000000000000000
13302,179,22,22,M111111111111111100000000000000000000000000000000
13303,179,23,23,M111111111111111100000000000000000000000000000000
13304,179,24,24,M111111111111111100000000000000000000000000000000
13305,179,25,25,M111111111111111100000000000000000000000000000000
13306,179,26,26,M111111111111111100000000000000000000000000000000
13307,179,27,27,M111111111111111100000000000000000000000000000000
13308,179,28,28,M111111111111111100000000000000000000000000000000
13309,179,29,29,M111111111111111100000000000000000000000000000000
13310,179,30,30,M111111111111111100000000000000000000000000000000
13311,179,31,31,M111111111111111100000000000000000000000000000000
13344,437,0,0,M111111111111111100000000000000000000000000000000
13345,437,1,1,M111111111111111100000000000000000000000000000000
13346,437,2,2,M111111111111111100000000000000000000000000000000
13347,437,3,3,M111111111111111100000000000000000000000000000000
13348,437,4,4,M111111111111111100000000000000000000000000000000
13349,437,5,5,M111111111111111100000000000000000000000000000000
13350,437,6,6,M111111111111111100000000000000000000000000000000
13351,437,7,7,M111111111111111100000000000000000000000000000000
13352,437,8,8,M111111111111111100000000000000000000000000000000
13353,437,9,9,M111111111111111100000000000000000000000000000000
13354,437,10,10,M111111111111111100000000000000000000000000000000
13355,437,11,11,M111111111111111100000000000000000000000000000000
13356,437,12,12,M111111111111111100000000000000000000000000000000
13357,437,13,13,M111111111111111100000000000000000000000000000000
13358,437,14,14,M111111111111111100000000000000000000000000000000
13359,437,15,15,M111111111111111100000000000000000000000000000000
13360,437,16,16,M111111111111111100000000000000000000000000000000
13361,437,17,17,M111111111111111100000000000000000000000000000000
13362,437,18,18,M111111111111111100000000000000000000000000000000
13363,437,19,19,M111111111111111100000000000000000000000000000000
13364,437,20,20,M111111111111111100000000000000000000000000000000
13365,437,21,21,M111111111111111100000000000000000000000000000000
13366,437,22,22,M111111111111111100000000000000000000000000000000
13367,437,23,23,M111111111111111100000000000000000000000000000000
13368,437,24,24,M111111111111111100000000000000000000000000000000
13369,437,25,25,M111111111111111100000000000000000000000000000000
13370,437,26,26,M111111111111111100000000000000000000000000000000
13371,437,27,27,M111111111111111100000000000000000000000000000000
13372,437,28,28,M111111111111111100000000000000000000000000000000
13373,437,29,29,M111111111111111100000000000000000000000000000000
13374,437,30,30,M111111111111111100000000000000000000000000000000
13375,437,31,31,M111111111111111100000000000000000000000000000000
13888,356,0,0,M111111111111111100000000000000000000000000000000
13889,356,1,1,M111111111111111100000000000000000000000000000000
13890,356,2,2,M111111111111111100000000000000000000000000000000
13891,356,3,3,M111111111111111100000000000000000000000000000000
13892,356,4,4,M111111111111111100000000000000000000000000000000
13893,356,5,5,M111111111111111100000000000000000000000000000000
13894,356,6,6,M111111111111111100000000000000000000000000000000
13895,356,7,7,M111111111111111100000000000000000000000000000000
13896,356,8,8,M111111111111111100000000000000000000000000000000
13897,356,9,9,M111111111111111100000000000000000000000000000000
13898,356,10,10,M111111111111111100000000000000000000000000000000
13899,356,11,11,M111111111111111100000000000000000000000000000000
13900,356,12,12,M111111111111111100000000000000000000000000000000
13901,356,13,13,M111111111111111100000000000000000000000000000000
13902,356,14,14,M111111111111111100000000000000000000000000000000
13903,356,15,15,M111111111111111100000000000000000000000000000000
13904,356,16,16,M111111111111111100000000000000000000000000000000
13905,356,17,17,M111111111111111100000000000000000000000000000000
13906,356,18,18,M111111111111111100000000000000000000000000000000
13907,356,19,19,M111111111111111100000000000000000000000000000000
13908,356,20,20,M111111111111111100000000000000000000000000000000
13909,356,21,21,M111111111111111100000000000000000000000000000000
13910,356,22,22,M111111111111111100000000000000000000000000000000
13911,356,23,23,M111111111111111100000000000000000000000000000000
13912,356,24,24,M111111111111111100000000000000000000000000000000
13913,356,25,25,M111111111111111100000000000000000000000000000000
13914,356,26,26,M111111111111111100000000000000000000000000000000
13915,356,27,27,M111111111111111100000000000000000000000000000000
13916,356,28,28,M111111111111111100000000000000000000000000000000
13917,356,29,29,M111111111111111100000000000000000000000000000000
13918,356,30,30,M111111111111111100000000000000000000000000000000
13919,356,31,31,M111111111111111100000000000000000000000000000000
13920,500,0,0,M111111111111111100000000000000000000000000000000
13921,500,1,1,M111111111111111100000000000000000000000000000000
13922,500,2,2,M111111111111111100000000000000000000000000000000
13923,500,3,3,M111111111111111100000000000000000000000000000000
13924,500,4,4,M111111111111111100000000000000000000000000000000
13925,500,5,5,M111111111111111100000000000000000000000000000000
13926,500,6,6,M111111111111111100000000000000000000000000000000
13927,500,7,7,M111111111111111100000000000000000000000000000000
13928,500,8,8,M111111111111111100000000000000000000000000000000
13929,500,9,9,M111111111111111100000000000000000000000000000000
13930,500,10,10,M111111111111111100000000000000000000000000000000
13931,500,11,11,M111111111111111100000000000000000000000000000000
13932,500,12,12,M111111111111111100000000000000000000000000000000
13933,500,13,13,M111111111111111100000000000000000000000000000000
13934,500,14,14,M111111111111111100000000000000000000000000000000
13935,500,15,15,M111111111111111100000000000000000000000000000000
13936,500,16,16,M111111111111111100000000000000000000000000000000
13937,500,17,17,M111111111111111100000000000000000000000000000000
13938,500,18,18,M111111111111111100000000000000000000000000000000
13939,500,19,19,M111111111111111100000000000000000000000000000000
13940,500,20,20,M111111111111111100000000000000000000000000000000
13941,500,21,21,M111111111111111100000000000000000000000000000000
13942,500,22,22,M111111111111111100000000000000000000000000000000
13943,500,23,23,M111111111111111100000000000000000000000000000000
13944,500,24,24,M111111111111111100000000000000000000000000000000
13945,500,25,25,M111111111111111100000000000000000000000000000000
13946,500,26,26,M111111111111111100000000000000000000000000000000
13947,500,27,27,M111111111111111100000000000000000000000000000000
13948,500,28,28,M111111111111111100000000000000000000000000000000
13949,500,29,29,M111111111111111100000000000000000000000000000000
13950,500,30,30,M111111111111111100000000000000000000000000000000
13951,500,31,31,M111111111111111100000000000000000000000000000000
14176,316,0,0,M111111111111111100000000000000000000000000000000
14177,316,1,1,M111111111111111100000000000000000000000000000000
14178,316,2,2,M111111111111111100000000000000000000000000000000
14179,316,3,3,M111111111111111100000000000000000000000000000000
14180,316,4,4,M111111111111111100000000000000000000000000000000
14181,316,5,5,M111111111111111100000000000000000000000000000000
14182,316,6,6,M111111111111111100000000000000000000000000000000
14183,316,7,7,M111111111111111100000000000000000000000000000000
14184,316,8,8,M111111111111111100000000000000000000000000000000
14185,316,9,9,M111111111111111100000000000000000000000000000000
14186,316,10,10,M111111111111111100000000000000000000000000000000
14187,316,11,11,M111111111111111100000000000000000000000000000000
14188,316,12,12,M111111111111111100000000000000000000000000000000
14189,316,13,13,M111111111111111100000000000000000000000000000000
14190,316,14,14,M111111111111111100000000000000000000000000000000
14191,316,15,15,M111111111111111100000000000000000000000000000000
14192,316,16,16,M111111111111111100000000000000000000000000000000
14193,316,17,17,M111111111111111100000000000000000000000000000000
14194,316,18,18,M111111111111111100000000000000000000000000000000
14195,316,19,19,M111111111111111100000000000000000000000000000000
14196,316,20,20,M111111111111111100000000000000000000000000000000
14197,316,21,21,M111111111111111100000000000000000000000000000000
14198,316,22,22,M111111111111111100000000000000000000000000000000
14199,316,23,23,M111111111111111100000000000000000000000000000000
14200,316,24,24,M111111111111111100000000000000000000000000000000
14201,316,25,25,M111111111111111100000000000000000000000000000000
14202,316,26,26,M111111111111111100000000000000000000000000000000
14203,316,27,27,M111111111111111100000000000000000000000000000000
14204,316,28,28,M111111111111111100000000000000000000000000000000
14205,316,29,29,M111111111111111100000000000000000000000000000000
14206,316,30,30,M111111111111111100000000000000000000000000000000
14207,316,31,31,M111111111111111100000000000000000000000000000000
14240,332,0,0,M111111111111111100000000000000000000000000000000
14241,332,1,1,M111111111111111100000000000000000000000000000000
14242,332,2,2,M111111111111111100000000000000000000000000000000
14243,332,3,3,M111111111111111100000000000000000000000000000000
14244,332,4,4,M111111111111111100000000000000000000000000000000
14245,332,5,5,M111111111111111100000000000000000000000000000000
14246,332,6,6,M111111111111111100000000000000000000000000000000
14247,332,7,7,M111111111111111100000000000000000000000000000000
14248,332,8,8,M111111111111111100000000000000000000000000000000
14249,332,9,9,M111111111111111100000000000000000000000000000000
14250,332,10,10,M111111111111111100000000000000000000000000000000
14251,332,11,11,M111111111111111100000000000000000000000000000000
14252,332,12,12,M111111111111111100000000000000000000000000000000
14253,332,13,13,M111111111111111100000000000000000000000000000000
14254,332,14,14,M111111111111111100000000000000000000000000000000
14255,332,15,15,M111111111111111100000000000000000000000000000000
14256,332,16,16,M111111111111111100000000000000000000000000000000
14257,332,17,17,M111111111111111100000000000000000000000000000000
14258,332,18,18,M111111111111111100000000000000000000000000000000
14259,332,19,19,M111111111111111100000000000000000000000000000000
14260,332,20,20,M111111111111111100000000000000000000000000000000
14261,332,21,21,M111111111111111100000000000000000000000000000000
14262,332,22,22,M111111111111111100000000000000000000000000000000
14263,332,23,23,M111111111111111100000000000000000000000000000000
14264,332,24,24,M111111111111111100000000000000000000000000000000
14265,332,25,25,M111111111111111100000000000000000000000000000000
14266,332,26,26,M111111111111111100000000000000000000000000000000
14267,332,27,27,M111111111111111100000000000000000000000000000000
14268,332,28,28,M111111111111111100000000000000000000000000000000
14269,332,29,29,M111111111111111100000000000000000000000000000000
14270,332,30,30,M111111111111111100000000000000000000000000000000
14271,332,31,31,M111111111111111100000000000000000000000000000000
14592,186,0,0,M111111111111111100000000000000000000000000000000
14593,186,1,1,M111111111111111100000000000000000000000000000000
14594,186,2,2,M111111111111111100000000000000000000000000000000
14595,186,3,3,M111111111111111100000000000000000000000000000000
14596,186,4,4,M111111111111111100000000000000000000000000000000
14597,186,5,5,M111111111111111100000000000000000000000000000000
14598,186,6,6,M111111111111111100000000000000000000000000000000
14599,186,7,7,M111111111111111100000000000000000000000000000000
14600,186,8,8,M111111111111111100000000000000000000000000000000
14601,186,9,9,M111111111111111100000000000000000000000000000000
14602,186,10,10,M111111111111111100000000000000000000000000000000
14603,186,11,11,M111111111111111100000000000000000000000000000000
14604,186,12,12,M111111111111111100000000000000000000000000000000
14605,186,13,13,M111111111111111100000000000000000000000000000000
14606,186,14,14,M111111111111111100000000000000000000000000000000
14607,186,15,15,M111111111111111100000000000000000000000000000000
14608,186,16,16,M111111111111111100000000000000000000000000000000
14609,186,17,17,M111111111111111100000000000000000000000000000000
14610,186,18,18,M111111111111111100000000000000000000000000000000
14611,186,19,19,M111111111111111100000000000000000000000000000000
14612,186,20,20,M111111111111111100000000000000000000000000000000
14613,186,21,21,M111111111111111100000000000000000000000000000000
14614,186,22,22,M111111111111111100000000000000000000000000000000
14615,186,23,23,M111111111111111100000000000000000000000000000000
14616,186,24,24,M111111111111111100000000000000000000000000000000
14617,186,25,25,M111111111111111100000000000000000000000000000000
14618,186,26,26,M111111111111111100000000000000000000000000000000
14619,186,27,27,M111111111111111100000000000000000000000000000000
14620,186,28,28,M111111111111111100000000000000000000000000000000
14621,186,29,29,M111111111111111100000000000000000000000000000000
14622,186,30,30,M111111111111111100000000000000000000000000000000
14623,186,31,31,M111111111111111100000000000000000000000000000000
14624,50,0,0,M111111111111111100000000000000000000000000000000
14625,50,1,1,M111111111111111100000000000000000000000000000000
14626,50,2,2,M111111111111111100000000000000000000000000000000
14627,50,3,3,M111111111111111100000000000000000000000000000000
14628,50,4,4,M111111111111111100000000000000000000000000000000
14629,50,5,5,M111111111111111100000000000000000000000000000000
14630,50,6,6,M111111111111111100000000000000000000000000000000
14631,50,7,7,M111111111111111100000000000000000000000000000000
14632,50,8,8,M111111111111111100000000000000000000000000000000
14633,50,9,9,M111111111111111100000000000000000000000000000000
14634,50,10,10,M111111111111111100000000000000000000000000000000
14635,50,11,11,M111111111111111100000000000000000000000000000000
14636,50,12,12,M111111111111111100000000000000000000000000000000
14637,50,13,13,M111111111111111100000000000000000000000000000000
14638,50,14,14,M111111111111111100000000000000000000000000000000
14639,50,15,15,M111111111111111100000000000000000000000000000000
14640,50,16,16,M111111111111111100000000000000000000000000000000
14641,50,17,17,M111111111111111100000000000000000000000000000000
14642,50,18,18,M111111111111111100000000000000000000000000000000
14643,50,19,19,M111111111111111100000000000000000000000000000000
14644,50,20,20,M111111111111111100000000000000000000000000000000
14645,50,21,21,M111111111111111100000000000000000000000000000000
14646,50,22,22,M111111111111111100000000000000000000000000000000
14647,50,23,23,M111111111111111100000000000000000000000000000000
14648,50,24,24,M111111111111111100000000000000000000000000000000
14649,50,25,25,M111111111111111100000000000000000000000000000000
14650,50,26,26,M111111111111111100000000000000000000000000000000
14651,50,27,27,M111111111111111100000000000000000000000000000000
14652,50,28,28,M111111111111111100000000000000000000000000000000
14653,50,29,29,M111111111111111100000000000000000000000000000000
14654,50,30,30,M111111111111111100000000000000000000000000000000
14655,50,31,31,M111111111111111100000000000000000000000000000000
14752,107,0,0,M111111111111111100000000000000000000000000000000
14753,107,1,1,M111111111111111100000000000000000000000000000000
14754,107,2,2,M111111111111111100000000000000000000000000000000
14755,107,3,3,M111111111111111100000000000000000000000000000000
14756,107,4,4,M111111111111111100000000000000000000000000000000
14757,107,5,5,M111111111111111100000000000000000000000000000000
14758,107,6,6,M111111111111111100000000000000000000000000000000
14759,107,7,7,M111111111111111100000000000000000000000000000000
14760,107,8,8,M111111111111111100000000000000000000000000000000
14761,107,9,9,M111111111111111100000000000000000000000000000000
14762,107,10,10,M111111111111111100000000000000000000000000000000
14763,107,11,11,M111111111111111100000000000000000000000000000000
14764,107,12,12,M111111111111111100000000000000000000000000000000
14765,107,13,13,M111111111111111100000000000000000000000000000000
14766,107,14,14,M111111111111111100000000000000000000000000000000
14767,107,15,15,M111111111111111100000000000000000000000000000000
14768,107,16,16,M111111111111111100000000000000000000000000000000
14769,107,17,17,M111111111111111100000000000000000000000000000000
14770,107,18,18,M111111111111111100000000000000000000000000000000
14771,107,19,19,M111111111111111100000000000000000000000000000000
14772,107,20,20,M111111111111111100000000000000000000000000000000
14773,107,21,21,M111111111111111100000000000000000000000000000000
14774,107,22,22,M111111111111111100000000000000000000000000000000
14775,107,23,23,M111111111111111100000000000000000000000000000000
14776,107,24,24,M111111111111111100000000000000000000000000000000
14777,107,25,25,M111111111111111100000000000000000000000000000000
14778,107,26,26,M111111111111111100000000000000000000000000000000
14779,107,27,27,M111111111111111100000000000000000000000000000000
14780,107,28,28,M111111111111111100000000000000000000000000000000
14781,107,29,29,M111111111111111100000000000000000000000000000000
14782,107,30,30,M111111111111111100000000000000000000000000000000
14783,107,31,31,M111111111111111100000000000000000000000000000000
14816,481,0,0,M111111111111111100000000000000000000000000000000
14817,481,1,1,M111111111111111100000000000000000000000000000000
14818,481,2,2,M111111111111111100000000000000000000000000000000
14819,481,3,3,M111111111111111100000000000000000000000000000000
14820,481,4,4,M111111111111111100000000000000000000000000000000
14821,481,5,5,M111111111111111100000000000000000000000000000000
14822,481,6,6,M111111111111111100000000000000000000000000000000
14823,481,7,7,M111111111111111100000000000000000000000000000000
14824,481,8,8,M111111111111111100000000000000000000000000000000
14825,481,9,9,M111111111111111100000000000000000000000000000000
14826,481,10,10,M111111111111111100000000000000000000000000000000
14827,481,11,11,M111111111111111100000000000000000000000000000000
14828,481,12,12,M111111111111111100000000000000000000000000000000
14829,481,13,13,M111111111111111100000000000000000000000000000000
14830,481,14,14,M111111111111111100000000000000000000000000000000
14831,481,15,15,M111111111111111100000000000000000000000000000000
14832,481,16,16,M111111111111111100000000000000000000000000000000
14833,481,17,17,M111111111111111100000000000000000000000000000000
14834,481,18,18,M111111111111111100000000000000000000000000000000
14835,481,19,19,M111111111111111100000000000000000000000000000000
14836,481,20,20,M111111111111111100000000000000000000000000000000
14837,481,21,21,M111111111111111100000000000000000000000000000000
14838,481,22,22,M111111111111111100000000000000000000000000000000
14839,481,23,23,M111111111111111100000000000000000000000000000000
14840,481,24,24,M111111111111111100000000000000000000000000000000
14841,481,25,25,M111111111111111100000000000000000000000000000000
14842,481,26,26,M111111111111111100000000000000000000000000000000
14843,481,27,27,M111111111111111100000000000000000000000000000000
14844,481,28,28,M111111111111111100000000000000000000000000000000
14845,481,29,29,M111111111111111100000000000000000000000000000000
14846,481,30,30,M111111111111111100000000000000000000000000000000
14847,481,31,31,M111111111111111100000000000000000000000000000000
15168,148,0,0,M111111111111111100000000000000000000000000000000
15169,148,1,1,M111111111111111100000000000000000000000000000000
15170,148,2,2,M111111111111111100000000000000000000000000000000
15171,148,3,3,M111111111111111100000000000000000000000000000000
15172,148,4,4,M111111111111111100000000000000000000000000000000
15173,148,5,5,M111111111111111100000000000000000000000000000000
15174,148,6,6,M111111111111111100000000000000000000000000000000
15175,148,7,7,M111111111111111100000000000000000000000000000000
15176,148,8,8,M111111111111111100000000000000000000000000000000
15177,148,9,9,M111111111111111100000000000000000000000000000000
15178,148,10,10,M111111111111111100000000000000000000000000000000
15179,148,11,11,M111111111111111100000000000000000000000000000000
15180,148,12,12,M111111111111111100000000000000000000000000000000
15181,148,13,13,M111111111111111100000000000000000000000000000000
15182,148,14,14,M111111111111111100000000000000000000000000000000
15183,148,15,15,M111111111111111100000000000000000000000000000000
15184,148,16,16,M111111111111111100000000000000000000000000000000
15185,148,17,17,M111111111111111100000000000000000000000000000000
15186,148,18,18,M111111111111111100000000000000000000000000000000
15187,148,19,19,M111111111111111100000000000000000000000000000000
15188,148,20,20,M111111111111111100000000000000000000000000000000
15189,148,21,21,M111111111111111100000000000000000000000000000000
15190,148,22,22,M111111111111111100000000000000000000000000000000
15191,148,23,23,M111111111111111100000000000000000000000000000000
15192,148,24,24,M111111111111111100000000000000000000000000000000
15193,148,25,25,M111111111111111100000000000000000000000000000000
15194,148,26,26,M111111111111111100000000000000000000000000000000
15195,148,27,27,M111111111111111100000000000000000000000000000000
15196,148,28,28,M111111111111111100000000000000000000000000000000
15197,148,29,29,M111111111111111100000000000000000000000000000000
15198,148,30,30,M111111111111111100000000000000000000000000000000
15199,148,31,31,M111111111111111100000000000000000000000000000000
15328,512,0,0,M111111111111111100000000000000000000000000000000
15329,512,1,1,M111111111111111100000000000000000000000000000000
15330,512,2,2,M111111111111111100000000000000000000000000000000
15331,512,3,3,M111111111111111100000000000000000000000000000000
15332,512,4,4,M111111111111111100000000000000000000000000000000
15333,512,5,5,M111111111111111100000000000000000000000000000000
15334,512,6,6,M111111111111111100000000000000000000000000000000
15335,512,7,7,M111111111111111100000000000000000000000000000000
15336,512,8,8,M111111111111111100000000000000000000000000000000
15337,512,9,9,M111111111111111100000000000000000000000000000000
15338,512,10,10,M111111111111111100000000000000000000000000000000
15339,512,11,11,M111111111111111100000000000000000000000000000000
15340,512,12,12,M111111111111111100000000000000000000000000000000
15341,512,13,13,M111111111111111100000000000000000000000000000000
15342,512,14,14,M111111111111111100000000000000000000000000000000
15343,512,15,15,M111111111111111100000000000000000000000000000000
15344,512,16,16,M111111111111111100000000000000000000000000000000
15345,512,17,17,M111111111111111100000000000000000000000000000000
15346,512,18,18,M111111111111111100000000000000000000000000000000
15347,512,19,19,M111111111111111100000000000000000000000000000000
15348,512,20,20,M111111111111111100000000000000000000000000000000
15349,512,21,21,M111111111111111100000000000000000000000000000000
15350,512,22,22,M111111111111111100000000000000000000000000000000
15351,512,23,23,M111111111111111100000000000000000000000000000000
15352,512,24,24,M111111111111111100000000000000000000000000000000
15353,512,25,25,M111111111111111100000000000000000000000000000000
15354,512,26,26,M111111111111111100000000000000000000000000000000
15355,512,27,27,M111111111111111100000000000000000000000000000000
15356,512,28,28,M111111111111111100000000000000000000000000000000
15357,512,29,29,M111111111111111100000000000000000000000000000000
15358,512,30,30,M111111111111111100000000000000000000000000000000
15359,512,31,31,M111111111111111100000000000000000000000000000000
15872,445,0,0,M111111111111111100000000000000000000000000000000
15873,445,1,1,M111111111111111100000000000000000000000000000000
15874,445,2,2,M111111111111111100000000000000000000000000000000
15875,445,3,3,M111111111111111100000000000000000000000000000000
15876,445,4,4,M111111111111111100000000000000000000000000000000
15877,445,5,5,M111111111111111100000000000000000000000000000000
15878,445,6,6,M111111111111111100000000000000000000000000000000
15879,445,7,7,M111111111111111100000000000000000000000000000000
15880,445,8,8,M111111111111111100000000000000000000000000000000
15881,445,9,9,M111111111111111100000000000000000000000000000000
15882,445,10,10,M111111111111111100000000000000000000000000000000
15883,445,11,11,M111111111111111100000000000000000000000000000000
15884,445,12,12,M111111111111111100000000000000000000000000000000
15885,445,13,13,M111111111111111100000000000000000000000000000000
15886,445,14,14,M111111111111111100000000000000000000000000000000
15887,445,15,15,M111111111111111100000000000000000000000000000000
15888,445,16,16,M111111111111111100000000000000000000000000000000
15889,445,17,17,M111111111111111100000000000000000000000000000000
15890,445,18,18,M111111111111111100000000000000000000000000000000
15891,445,19,19,M111111111111111100000000000000000000000000000000
15892,445,20,20,M111111111111111100000000000000000000000000000000
15893,445,21,21,M111111111111111100000000000000000000000000000000
15894,445,22,22,M111111111111111100000000000000000000000000000000
15895,445,23,23,M111111111111111100000000000000000000000000000000
15896,445,24,24,M111111111111111100000000000000000000000000000000
15897,445,25,25,M111111111111111100000000000000000000000000000000
15898,445,26,26,M111111111111111100000000000000000000000000000000
15899,445,27,27,M111111111111111100000000000000000000000000000000
15900,445,28,28,M111111111111111100000000000000000000000000000000
15901,445,29,29,M111111111111111100000000000000000000000000000000
15902,445,30,30,M111111111111111100000000000000000000000000000000
15903,445,31,31,M111111111111111100000000000000000000000000000000
15968,478,0,0,M111111111111111100000000000000000000000000000000
15969,478,1,1,M111111111111111100000000000000000000000000000000
15970,478,2,2,M111111111111111100000000000000000000000000000000
15971,478,3,3,M111111111111111100000000000000000000000000000000
15972,478,4,4,M111111111111111100000000000000000000000000000000
15973,478,5,5,M111111111111111100000000000000000000000000000000
15974,478,6,6,M111111111111111100000000000000000000000000000000
15975,478,7,7,M111111111111111100000000000000000000000000000000
15976,478,8,8,M111111111111111100000000000000000000000000000000
15977,478,9,9,M111111111111111100000000000000000000000000000000
15978,478,10,10,M111111111111111100000000000000000000000000000000
15979,478,11,11,M111111111111111100000000000000000000000000000000
15980,478,12,12,M111111111111111100000000000000000000000000000000
15981,478,13,13,M111111111111111100000000000000000000000000000000
15982,478,14,14,M111111111111111100000000000000000000000000000000
15983,478,15,15,M111111111111111100000000000000000000000000000000
15984,478,16,16,M111111111111111100000000000000000000000000000000
15985,478,17,17,M111111111111111100000000000000000000000000000000
15986,478,18,18,M111111111111111100000000000000000000000000000000
15987,478,19,19,M111111111111111100000000000000000000000000000000
15988,478,20,20,M111111111111111100000000000000000000000000000000
15989,478,21,21,M111111111111111100000000000000000000000000000000
15990,478,22,22,M111111111111111100000000000000000000000000000000
15991,478,23,23,M111111111111111100000000000000000000000000000000
15992,478,24,24,M111111111111111100000000000000000000000000000000
15993,478,25,25,M111111111111111100000000000000000000000000000000
15994,478,26,26,M111111111111111100000000000000000000000000000000
15995,478,27,27,M111111111111111100000000000000000000000000000000
15996,478,28,28,M111111111111111100000000000000000000000000000000
15997,478,29,29,M111111111111111100000000000000000000000000000000
15998,478,30,30,M111111111111111100000000000000000000000000000000
15999,478,31,31,M111111111111111100000000000000000000000000000000
16224,544,0,0,M111111111111111100000000000000000000000000000000
16225,544,1,1,M111111111111111100000000000000000000000000000000
16226,544,2,2,M111111111111111100000000000000000000000000000000
16227,544,3,3,M111111111111111100000000000000000000000000000000
16228,544,4,4,M111111111111111100000000000000000000000000000000
16229,544,5,5,M111111111111111100000000000000000000000000000000
16230,544,6,6,M111111111111111100000000000000000000000000000000
16231,544,7,7,M111111111111111100000000000000000000000000000000
16232,544,8,8,M111111111111111100000000000000000000000000000000
16233,544,9,9,M111111111111111100000000000000000000000000000000
16234,544,10,10,M111111111111111100000000000000000000000000000000
16235,544,11,11,M111111111111111100000000000000000000000000000000
16236,544,12,12,M111111111111111100000000000000000000000000000000
16237,544,13,13,M111111111111111100000000000000000000000000000000
16238,544,14,14,M111111111111111100000000000000000000000000000000
16239,544,15,15,M111111111111111100000000000000000000000000000000
16240,544,16,16,M111111111111111100000000000000000000000000000000
16241,544,17,17,M111111111111111100000000000000000000000000000000
16242,544,18,18,M111111111111111100000000000000000000000000000000
16243,544,19,19,M111111111111111100000000000000000000000000000000
16244,544,20,20,M111111111111111100000000000000000000000000000000
16245,544,21,21,M111111111111111100000000000000000000000000000000
16246,544,22,22,M111111111111111100000000000000000000000000000000
16247,544,23,23,M111111111111111100000000000000000000000000000000
16248,544,24,24,M111111111111111100000000000000000000000000000000
16249,544,25,25,M111111111111111100000000000000000000000000000000
16250,544,26,26,M111111111111111100000000000000000000000000000000
16251,544,27,27,M111111111111111100000000000000000000000000000000
16252,544,28,28,M111111111111111100000000000000000000000000000000
16253,544,29,29,M111111111111111100000000000000000000000000000000
16254,544,30,30,M111111111111111100000000000000000000000000000000
16255,544,31,31,M111111111111111100000000000000000000000000000000
16352,365,0,0,M111111111111111100000000000000000000000000000000
16353,365,1,1,M111111111111111100000000000000000000000000000000
16354,365,2,2,M111111111111111100000000000000000000000000000000
16355,365,3,3,M111111111111111100000000000000000000000000000000
16356,365,4,4,M111111111111111100000000000000000000000000000000
16357,365,5,5,M111111111111111100000000000000000000000000000000
16358,365,6,6,M111111111111111100000000000000000000000000000000
16359,365,7,7,M111111111111111100000000000000000000000000000000
16360,365,8,8,M111111111111111100000000000000000000000000000000
16361,365,9,9,M111111111111111100000000000000000000000000000000
16362,365,10,10,M111111111111111100000000000000000000000000000000
16363,365,11,11,M111111111111111100000000000000000000000000000000
16364,365,12,12,M111111111111111100000000000000000000000000000000
16365,365,13,13,M111111111111111100000000000000000000000000000000
16366,365,14,14,M111111111111111100000000000000000000000000000000
16367,365,15,15,M111111111111111100000000000000000000000000000000
16368,365,16,16,M111111111111111100000000000000000000000000000000
16369,365,17,17,M111111111111111100000000000000000000000000000000
16370,365,18,18,M111111111111111100000000000000000000000000000000
16371,365,19,19,M111111111111111100000000000000000000000000000000
16372,365,20,20,M111111111111111100000000000000000000000000000000
16373,365,21,21,M111111111111111100000000000000000000000000000000
16374,365,22,22,M111111111111111100000000000000000000000000000000
16375,365,23,23,M111111111111111100000000000000000000000000000000
16376,365,24,24,M111111111111111100000000000000000000000000000000
16377,365,25,25,M111111111111111100000000000000000000000000000000
16378,365,26,26,M111111111111111100000000000000000000000000000000
16379,365,27,27,M111111111111111100000000000000000000000000000000
16380,365,28,28,M111111111111111100000000000000000000000000000000
16381,365,29,29,M111111111111111100000000000000000000000000000000
16382,365,30,30,M111111111111111100000000000000000000000000000000
16383,365,31,31,M111111111111111100000000000000000000000000000000
16544,565,0,0,M111111111111111100000000000000000000000000000000
16545,565,1,1,M111111111111111100000000000000000000000000000000
16546,565,2,2,M111111111111111100000000000000000000000000000000
16547,565,3,3,M111111111111111100000000000000000000000000000000
16548,565,4,4,M111111111111111100000000000000000000000000000000
16549,565,5,5,M111111111111111100000000000000000000000000000000
16550,565,6,6,M111111111111111100000000000000000000000000000000
16551,565,7,7,M111111111111111100000000000000000000000000000000
16552,565,8,8,M111111111111111100000000000000000000000000000000
16553,565,9,9,M111111111111111100000000000000000000000000000000
16554,565,10,10,M111111111111111100000000000000000000000000000000
16555,565,11,11,M111111111111111100000000000000000000000000000000
16556,565,12,12,M111111111111111100000000000000000000000000000000
16557,565,13,13,M111111111111111100000000000000000000000000000000
16558,565,14,14,M111111111111111100000000000000000000000000000000
16559,565,15,15,M111111111111111100000000000000000000000000000000
16560,565,16,16,M111111111111111100000000000000000000000000000000
16561,565,17,17,M111111111111111100000000000000000000000000000000
16562,565,18,18,M111111111111111100000000000000000000000000000000
16563,565,19,19,M111111111111111100000000000000000000000000000000
16564,565,20,20,M111111111111111100000000000000000000000000000000
16565,565,21,21,M111111111111111100000000000000000000000000000000
16566,565,22,22,M111111111111111100000000000000000000000000000000
16567,565,23,23,M111111111111111100000000000000000000000000000000
16568,565,24,24,M111111111111111100000000000000000000000000000000
16569,565,25,25,M111111111111111100000000000000000000000000000000
16570,565,26,26,M111111111111111100000000000000000000000000000000
16571,565,27,27,M111111111111111100000000000000000000000000000000
16572,565,28,28,M111111111111111100000000000000000000000000000000
16573,565,29,29,M111111111111111100000000000000000000000000000000
16574,565,30,30,M111111111111111100000000000000000000000000000000
16575,565,31,31,M111111111111111100000000000000000000000000000000
16576,65,0,0,M111111111111111100000000000000000000000000000000
16577,65,1,1,M111111111111111100000000000000000000000000000000
16578,65,2,2,M111111111111111100000000000000000000000000000000
16579,65,3,3,M111111111111111100000000000000000000000000000000
16580,65,4,4,M111111111111111100000000000000000000000000000000
16581,65,5,5,M111111111111111100000000000000000000000000000000
16582,65,6,6,M111111111111111100000000000000000000000000000000
16583,65,7,7,M111111111111111100000000000000000000000000000000
16584,65,8,8,M111111111111111100000000000000000000000000000000
16585,65,9,9,M111111111111111100000000000000000000000000000000
16586,65,10,10,M111111111111111100000000000000000000000000000000
16587,65,11,11,M111111111111111100000000000000000000000000000000
16588,65,12,12,M111111111111111100000000000000000000000000000000
16589,65,13,13,M111111111111111100000000000000000000000000000000
16590,65,14,14,M111111111111111100000000000000000000000000000000
16591,65,15,15,M111111111111111100000000000000000000000000000000
16592,65,16,16,M111111111111111100000000000000000000000000000000
16593,65,17,17,M111111111111111100000000000000000000000000000000
16594,65,18,18,M111111111111111100000000000000000000000000000000
16595,65,19,19,M111111111111111100000000000000000000000000000000
16596,65,20,20,M111111111111111100000000000000000000000000000000
16597,65,21,21,M111111111111111100000000000000000000000000000000
16598,65,22,22,M111111111111111100000000000000000000000000000000
16599,65,23,23,M111111111111111100000000000000000000000000000000
16600,65,24,24,M111111111111111100000000000000000000000000000000
16601,65,25,25,M111111111111111100000000000000000000000000000000
16602,65,26,26,M111111111111111100000000000000000000000000000000
16603,65,27,27,M111111111111111100000000000000000000000000000000
16604,65,28,28,M111111111111111100000000000000000000000000000000
16605,65,29,29,M111111111111111100000000000000000000000000000000
16606,65,30,30,M111111111111111100000000000000000000000000000000
16607,65,31,31,M111111111111111100000000000000000000000000000000
16672,291,0,0,M111111111111111100000000000000000000000000000000
16673,291,1,1,M111111111111111100000000000000000000000000000000
16674,291,2,2,M111111111111111100000000000000000000000000000000
16675,291,3,3,M111111111111111100000000000000000000000000000000
16676,291,4,4,M111111111111111100000000000000000000000000000000
16677,291,5,5,M111111111111111100000000000000000000000000000000
16678,291,6,6,M111111111111111100000000000000000000000000000000
16679,291,7,7,M111111111111111100000000000000000000000000000000
16680,291,8,8,M111111111111111100000000000000000000000000000000
16681,291,9,9,M111111111111111100000000000000000000000000000000
16682,291,10,10,M111111111111111100000000000000000000000000000000
16683,291,11,11,M111111111111111100000000000000000000000000000000
16684,291,12,12,M111111111111111100000000000000000000000000000000
16685,291,13,13,M111111111111111100000000000000000000000000000000
16686,291,14,14,M111111111111111100000000000000000000000000000000
16687,291,15,15,M111111111111111100000000000000000000000000000000
16688,291,16,16,M111111111111111100000000000000000000000000000000
16689,291,17,17,M111111111111111100000000000000000000000000000000
16690,291,18,18,M111111111111111100000000000000000000000000000000
16691,291,19,19,M111111111111111100000000000000000000000000000000
16692,291,20,20,M111111111111111100000000000000000000000000000000
16693,291,21,21,M111111111111111100000000000000000000000000000000
16694,291,22,22,M111111111111111100000000000000000000000000000000
16695,291,23,23,M111111111111111100000000000000000000000000000000
16696,291,24,24,M111111111111111100000000000000000000000000000000
16697,291,25,25,M111111111111111100000000000000000000000000000000
16698,291,26,26,M111111111111111100000000000000000000000000000000
16699,291,27,27,M111111111111111100000000000000000000000000000000
16700,291,28,28,M111111111111111100000000000000000000000000000000
16701,291,29,29,M111111111111111100000000000000000000000000000000
16702,291,30,30,M111111111111111100000000000000000000000000000000
16703,291,31,31,M111111111111111100000000000000000000000000000000
16736,526,0,0,M111111111111111100000000000000000000000000000000
16737,526,1,1,M111111111111111100000000000000000000000000000000
16738,526,2,2,M111111111111111100000000000000000000000000000000
16739,526,3,3,M111111111111111100000000000000000000000000000000
16740,526,4,4,M111111111111111100000000000000000000000000000000
16741,526,5,5,M111111111111111100000000000000000000000000000000
16742,526,6,6,M111111111111111100000000000000000000000000000000
16743,526,7,7,M111111111111111100000000000000000000000000000000
16744,526,8,8,M111111111111111100000000000000000000000000000000
16745,526,9,9,M111111111111111100000000000000000000000000000000
16746,526,10,10,M111111111111111100000000000000000000000000000000
16747,526,11,11,M111111111111111100000000000000000000000000000000
16748,526,12,12,M111111111111111100000000000000000000000000000000
16749,526,13,13,M111111111111111100000000000000000000000000000000
16750,526,14,14,M111111111111111100000000000000000000000000000000
16751,526,15,15,M111111111111111100000000000000000000000000000000
16752,526,16,16,M111111111111111100000000000000000000000000000000
16753,526,17,17,M111111111111111100000000000000000000000000000000
16754,526,18,18,M111111111111111100000000000000000000000000000000
16755,526,19,19,M111111111111111100000000000000000000000000000000
16756,526,20,20,M111111111111111100000000000000000000000000000000
16757,526,21,21,M111111111111111100000000000000000000000000000000
16758,526,22,22,M111111111111111100000000000000000000000000000000
16759,526,23,23,M111111111111111100000000000000000000000000000000
16760,526,24,24,M111111111111111100000000000000000000000000000000
16761,526,25,25,M111111111111111100000000000000000000000000000000
16762,526,26,26,M111111111111111100000000000000000000000000000000
16763,526,27,27,M111111111111111100000000000000000000000000000000
16764,526,28,28,M111111111111111100000000000000000000000000000000
16765,526,29,29,M111111111111111100000000000000000000000000000000
16766,526,30,30,M111111111111111100000000000000000000000000000000
16767,526,31,31,M111111111111111100000000000000000000000000000000
16960,468,0,0,M111111111111111100000000000000000000000000000000
16961,468,1,1,M111111111111111100000000000000000000000000000000
16962,468,2,2,M111111111111111100000000000000000000000000000000
16963,468,3,3,M111111111111111100000000000000000000000000000000
16964,468,4,4,M111111111111111100000000000000000000000000000000
16965,468,5,5,M111111111111111100000000000000000000000000000000
16966,468,6,6,M111111111111111100000000000000000000000000000000
16967,468,7,7,M111111111111111100000000000000000000000000000000
16968,468,8,8,M111111111111111100000000000000000000000000000000
16969,468,9,9,M111111111111111100000000000000000000000000000000
16970,468,10,10,M111111111111111100000000000000000000000000000000
16971,468,11,11,M111111111111111100000000000000000000000000000000
16972,468,12,12,M111111111111111100000000000000000000000000000000
16973,468,13,13,M111111111111111100000000000000000000000000000000
16974,468,14,14,M111111111111111100000000000000000000000000000000
16975,468,15,15,M111111111111111100000000000000000000000000000000
16976,468,16,16,M111111111111111100000000000000000000000000000000
16977,468,17,17,M111111111111111100000000000000000000000000000000
16978,468,18,18,M111111111111111100000000000000000000000000000000
16979,468,19,19,M111111111111111100000000000000000000000000000000
16980,468,20,20,M111111111111111100000000000000000000000000000000
16981,468,21,21,M111111111111111100000000000000000000000000000000
16982,468,22,22,M111111111111111100000000000000000000000000000000
16983,468,23,23,M111111111111111100000000000000000000000000000000
16984,468,24,24,M111111111111111100000000000000000000000000000000
16985,468,25,25,M111111111111111100000000000000000000000000000000
16986,468,26,26,M111111111111111100000000000000000000000000000000
16987,468,27,27,M111111111111111100000000000000000000000000000000
16988,468,28,28,M111111111111111100000000000000000000000000000000
16989,468,29,29,M111111111111111100000000000000000000000000000000
16990,468,30,30,M111111111111111100000000000000000000000000000000
16991,468,31,31,M111111111111111100000000000000000000000000000000
17152,534,0,0,M111111111111111100000000000000000000000000000000
17153,534,1,1,M111111111111111100000000000000000000000000000000
17154,534,2,2,M111111111111111100000000000000000000000000000000
17155,534,3,3,M111111111111111100000000000000000000000000000000
17156,534,4,4,M111111111111111100000000000000000000000000000000
17157,534,5,5,M111111111111111100000000000000000000000000000000
17158,534,6,6,M111111111111111100000000000000000000000000000000
17159,534,7,7,M111111111111111100000000000000000000000000000000
17160,534,8,8,M111111111111111100000000000000000000000000000000
17161,534,9,9,M111111111111111100000000000000000000000000000000
17162,534,10,10,M111111111111111100000000000000000000000000000000
17163,534,11,11,M111111111111111100000000000000000000000000000000
17164,534,12,12,M111111111111111100000000000000000000000000000000
17165,534,13,13,M111111111111111100000000000000000000000000000000
17166,534,14,14,M111111111111111100000000000000000000000000000000
17167,534,15,15,M111111111111111100000000000000000000000000000000
17168,534,16,16,M111111111111111100000000000000000000000000000000
17169,534,17,17,M111111111111111100000000000000000000000000000000
17170,534,18,18,M111111111111111100000000000000000000000000000000
17171,534,19,19,M111111111111111100000000000000000000000000000000
17172,534,20,20,M111111111111111100000000000000000000000000000000
17173,534,21,21,M111111111111111100000000000000000000000000000000
17174,534,22,22,M111111111111111100000000000000000000000000000000
17175,534,23,23,M111111111111111100000000000000000000000000000000
17176,534,24,24,M111111111111111100000000000000000000000000000000
17177,534,25,25,M111111111111111100000000000000000000000000000000
17178,534,26,26,M111111111111111100000000000000000000000000000000
17179,534,27,27,M111111111111111100000000000000000000000000000000
17180,534,28,28,M111111111111111100000000000000000000000000000000
17181,534,29,29,M111111111111111100000000000000000000000000000000
17182,534,30,30,M111111111111111100000000000000000000000000000000
17183,534,31,31,M111111111111111100000000000000000000000000000000
17216,539,0,0,M111111111111111100000000000000000000000000000000
17217,539,1,1,M111111111111111100000000000000000000000000000000
17218,539,2,2,M111111111111111100000000000000000000000000000000
17219,539,3,3,M111111111111111100000000000000000000000000000000
17220,539,4,4,M111111111111111100000000000000000000000000000000
17221,539,5,5,M111111111111111100000000000000000000000000000000
17222,539,6,6,M111111111111111100000000000000000000000000000000
17223,539,7,7,M111111111111111100000000000000000000000000000000
17224,539,8,8,M111111111111111100000000000000000000000000000000
17225,539,9,9,M111111111111111100000000000000000000000000000000
17226,539,10,10,M111111111111111100000000000000000000000000000000
17227,539,11,11,M111111111111111100000000000000000000000000000000
17228,539,12,12,M111111111111111100000000000000000000000000000000
17229,539,13,13,M111111111111111100000000000000000000000000000000
17230,539,14,14,M111111111111111100000000000000000000000000000000
17231,539,15,15,M111111111111111100000000000000000000000000000000
17232,539,16,16,M111111111111111100000000000000000000000000000000
17233,539,17,17,M111111111111111100000000000000000000000000000000
17234,539,18,18,M111111111111111100000000000000000000000000000000
17235,539,19,19,M111111111111111100000000000000000000000000000000
17236,539,20,20,M111111111111111100000000000000000000000000000000
17237,539,21,21,M111111111111111100000000000000000000000000000000
17238,539,22,22,M111111111111111100000000000000000000000000000000
17239,539,23,23,M111111111111111100000000000000000000000000000000
17240,539,24,24,M111111111111111100000000000000000000000000000000
17241,539,25,25,M111111111111111100000000000000000000000000000000
17242,539,26,26,M111111111111111100000000000000000000000000000000
17243,539,27,27,M111111111111111100000000000000000000000000000000
17244,539,28,28,M111111111111111100000000000000000000000000000000
17245,539,29,29,M111111111111111100000000000000000000000000000000
17246,539,30,30,M111111111111111100000000000000000000000000000000
17247,539,31,31,M111111111111111100000000000000000000000000000000
17440,394,0,0,M111111111111111100000000000000000000000000000000
17441,394,1,1,M111111111111111100000000000000000000000000000000
17442,394,2,2,M111111111111111100000000000000000000000000000000
17443,394,3,3,M111111111111111100000000000000000000000000000000
17444,394,4,4,M111111111111111100000000000000000000000000000000
17445,394,5,5,M111111111111111100000000000000000000000000000000
17446,394,6,6,M111111111111111100000000000000000000000000000000
17447,394,7,7,M111111111111111100000000000000000000000000000000
17448,394,8,8,M111111111111111100000000000000000000000000000000
17449,394,9,9,M111111111111111100000000000000000000000000000000
17450,394,10,10,M111111111111111100000000000000000000000000000000
17451,394,11,11,M111111111111111100000000000000000000000000000000
17452,394,12,12,M111111111111111100000000000000000000000000000000
17453,394,13,13,M111111111111111100000000000000000000000000000000
17454,394,14,14,M111111111111111100000000000000000000000000000000
17455,394,15,15,M111111111111111100000000000000000000000000000000
17456,394,16,16,M111111111111111100000000000000000000000000000000
17457,394,17,17,M111111111111111100000000000000000000000000000000
17458,394,18,18,M111111111111111100000000000000000000000000000000
17459,394,19,19,M111111111111111100000000000000000000000000000000
17460,394,20,20,M111111111111111100000000000000000000000000000000
17461,394,21,21,M111111111111111100000000000000000000000000000000
17462,394,22,22,M111111111111111100000000000000000000000000000000
17463,394,23,23,M111111111111111100000000000000000000000000000000
17464,394,24,24,M111111111111111100000000000000000000000000000000
17465,394,25,25,M111111111111111100000000000000000000000000000000
17466,394,26,26,M111111111111111100000000000000000000000000000000
17467,394,27,27,M111111111111111100000000000000000000000000000000
17468,394,28,28,M111111111111111100000000000000000000000000000000
17469,394,29,29,M111111111111111100000000000000000000000000000000
17470,394,30,30,M111111111111111100000000000000000000000000000000
17471,394,31,31,M111111111111111100000000000000000000000000000000
17504,220,0,0,M111111111111111100000000000000000000000000000000
17505,220,1,1,M111111111111111100000000000000000000000000000000
17506,220,2,2,M111111111111111100000000000000000000000000000000
17507,220,3,3,M111111111111111100000000000000000000000000000000
17508,220,4,4,M111111111111111100000000000000000000000000000000
17509,220,5,5,M111111111111111100000000000000000000000000000000
17510,220,6,6,M111111111111111100000000000000000000000000000000
17511,220,7,7,M111111111111111100000000000000000000000000000000
17512,220,8,8,M111111111111111100000000000000000000000000000000
17513,220,9,9,M111111111111111100000000000000000000000000000000
17514,220,10,10,M111111111111111100000000000000000000000000000000
17515,220,11,11,M111111111111111100000000000000000000000000000000
17516,220,12,12,M111111111111111100000000000000000000000000000000
17517,220,13,13,M111111111111111100000000000000000000000000000000
17518,220,14,14,M111111111111111100000000000000000000000000000000
17519,220,15,15,M111111111111111100000000000000000000000000000000
17520,220,16,16,M111111111111111100000000000000000000000000000000
17521,220,17,17,M111111111111111100000000000000000000000000000000
17522,220,18,18,M111111111111111100000000000000000000000000000000
17523,220,19,19,M111111111111111100000000000000000000000000000000
17524,220,20,20,M111111111111111100000000000000000000000000000000
17525,220,21,21,M111111111111111100000000000000000000000000000000
17526,220,22,22,M111111111111111100000000000000000000000000000000
17527,220,23,23,M111111111111111100000000000000000000000000000000
17528,220,24,24,M111111111111111100000000000000000000000000000000
17529,220,25,25,M111111111111111100000000000000000000000000000000
17530,220,26,26,M111111111111111100000000000000000000000000000000
17531,220,27,27,M111111111111111100000000000000000000000000000000
17532,220,28,28,M111111111111111100000000000000000000000000000000
17533,220,29,29,M111111111111111100000000000000000000000000000000
17534,220,30,30,M111111111111111100000000000000000000000000000000
17535,220,31,31,M111111111111111100000000000000000000000000000000
17664,318,0,0,M111111111111111100000000000000000000000000000000
17665,318,1,1,M111111111111111100000000000000000000000000000000
17666,318,2,2,M111111111111111100000000000000000000000000000000
17667,318,3,3,M111111111111111100000000000000000000000000000000
17668,318,4,4,M111111111111111100000000000000000000000000000000
17669,318,5,5,M111111111111111100000000000000000000000000000000
17670,318,6,6,M111111111111111100000000000000000000000000000000
17671,318,7,7,M111111111111111100000000000000000000000000000000
17672,318,8,8,M111111111111111100000000000000000000000000000000
17673,318,9,9,M111111111111111100000000000000000000000000000000
17674,318,10,10,M111111111111111100000000000000000000000000000000
17675,318,11,11,M111111111111111100000000000000000000000000000000
17676,318,12,12,M111111111111111100000000000000000000000000000000
17677,318,13,13,M111111111111111100000000000000000000000000000000
17678,318,14,14,M111111111111111100000000000000000000000000000000
17679,318,15,15,M111111111111111100000000000000000000000000000000
17680,318,16,16,M111111111111111100000000000000000000000000000000
17681,318,17,17,M111111111111111100000000000000000000000000000000
17682,318,18,18,M111111111111111100000000000000000000000000000000
17683,318,19,19,M111111111111111100000000000000000000000000000000
17684,318,20,20,M111111111111111100000000000000000000000000000000
17685,318,21,21,M111111111111111100000000000000000000000000000000
17686,318,22,22,M111111111111111100000000000000000000000000000000
17687,318,23,23,M111111111111111100000000000000000000000000000000
17688,318,24,24,M111111111111111100000000000000000000000000000000
17689,318,25,25,M111111111111111100000000000000000000000000000000
17690,318,26,26,M111111111111111100000000000000000000000000000000
17691,318,27,27,M111111111111111100000000000000000000000000000000
17692,318,28,28,M111111111111111100000000000000000000000000000000
17693,318,29,29,M111111111111111100000000000000000000000000000000
17694,318,30,30,M111111111111111100000000000000000000000000000000
17695,318,31,31,M111111111111111100000000000000000000000000000000
17856,345,0,0,M111111111111111100000000000000000000000000000000
17857,345,1,1,M111111111111111100000000000000000000000000000000
17858,345,2,2,M111111111111111100000000000000000000000000000000
17859,345,3,3,M111111111111111100000000000000000000000000000000
17860,345,4,4,M111111111111111100000000000000000000000000000000
17861,345,5,5,M111111111111111100000000000000000000000000000000
17862,345,6,6,M111111111111111100000000000000000000000000000000
17863,345,7,7,M111111111111111100000000000000000000000000000000
17864,345,8,8,M111111111111111100000000000000000000000000000000
17865,345,9,9,M111111111111111100000000000000000000000000000000
17866,345,10,10,M111111111111111100000000000000000000000000000000
17867,345,11,11,M111111111111111100000000000000000000000000000000
17868,345,12,12,M111111111111111100000000000000000000000000000000
17869,345,13,13,M111111111111111100000000000000000000000000000000
17870,345,14,14,M111111111111111100000000000000000000000000000000
17871,345,15,15,M111111111111111100000000000000000000000000000000
17872,345,16,16,M111111111111111100000000000000000000000000000000
17873,345,17,17,M111111111111111100000000000000000000000000000000
17874,345,18,18,M111111111111111100000000000000000000000000000000
17875,345,19,19,M111111111111111100000000000000000000000000000000
17876,345,20,20,M111111111111111100000000000000000000000000000000
17877,345,21,21,M111111111111111100000000000000000000000000000000
17878,345,22,22,M111111111111111100000000000000000000000000000000
17879,345,23,23,M111111111111111100000000000000000000000000000000
17880,345,24,24,M111111111111111100000000000000000000000000000000
17881,345,25,25,M111111111111111100000000000000000000000000000000
17882,345,26,26,M111111111111111100000000000000000000000000000000
17883,345,27,27,M111111111111111100000000000000000000000000000000
17884,345,28,28,M111111111111111100000000000000000000000000000000
17885,345,29,29,M111111111111111100000000000000000000000000000000
17886,345,30,30,M111111111111111100000000000000000000000000000000
17887,345,31,31,M111111111111111100000000000000000000000000000000
18176,294,0,0,M111111111111111100000000000000000000000000000000
18177,294,1,1,M111111111111111100000000000000000000000000000000
18178,294,2,2,M111111111111111100000000000000000000000000000000
18179,294,3,3,M111111111111111100000000000000000000000000000000
18180,294,4,4,M111111111111111100000000000000000000000000000000
18181,294,5,5,M111111111111111100000000000000000000000000000000
18182,294,6,6,M111111111111111100000000000000000000000000000000
18183,294,7,7,M111111111111111100000000000000000000000000000000
18184,294,8,8,M111111111111111100000000000000000000000000000000
18185,294,9,9,M111111111111111100000000000000000000000000000000
18186,294,10,10,M111111111111111100000000000000000000000000000000
18187,294,11,11,M111111111111111100000000000000000000000000000000
18188,294,12,12,M111111111111111100000000000000000000000000000000
18189,294,13,13,M111111111111111100000000000000000000000000000000
18190,294,14,14,M111111111111111100000000000000000000000000000000
18191,294,15,15,M111111111111111100000000000000000000000000000000
18192,294,16,16,M111111111111111100000000000000000000000000000000
18193,294,17,17,M111111111111111100000000000000000000000000000000
18194,294,18,18,M111111111111111100000000000000000000000000000000
18195,294,19,19,M111111111111111100000000000000000000000000000000
18196,294,20,20,M111111111111111100000000000000000000000000000000
18197,294,21,21,M111111111111111100000000000000000000000000000000
18198,294,22,22,M111111111111111100000000000000000000000000000000
18199,294,23,23,M111111111111111100000000000000000000000000000000
18200,294,24,24,M111111111111111100000000000000000000000000000000
18201,294,25,25,M111111111111111100000000000000000000000000000000
18202,294,26,26,M111111111111111100000000000000000000000000000000
18203,294,27,27,M111111111111111100000000000000000000000000000000
18204,294,28,28,M111111111111111100000000000000000000000000000000
18205,294,29,29,M111111111111111100000000000000000000000000000000
18206,294,30,30,M111111111111111100000000000000000000000000000000
18207,294,31,31,M111111111111111100000000000000000000000000000000
18208,242,0,0,M111111111111111100000000000000000000000000000000
18209,242,1,1,M111111111111111100000000000000000000000000000000
18210,242,2,2,M111111111111111100000000000000000000000000000000
18211,242,3,3,M111111111111111100000000000000000000000000000000
18212,242,4,4,M111111111111111100000000000000000000000000000000
18213,242,5,5,M111111111111111100000000000000000000000000000000
18214,242,6,6,M111111111111111100000000000000000000000000000000
18215,242,7,7,M111111111111111100000000000000000000000000000000
18216,242,8,8,M111111111111111100000000000000000000000000000000
18217,242,9,9,M111111111111111100000000000000000000000000000000
18218,242,10,10,M111111111111111100000000000000000000000000000000
18219,242,11,11,M111111111111111100000000000000000000000000000000
18220,242,12,12,M111111111111111100000000000000000000000000000000
18221,242,13,13,M111111111111111100000000000000000000000000000000
18222,242,14,14,M111111111111111100000000000000000000000000000000
18223,242,15,15,M111111111111111100000000000000000000000000000000
18224,242,16,16,M111111111111111100000000000000000000000000000000
18225,242,17,17,M111111111111111100000000000000000000000000000000
18226,242,18,18,M111111111111111100000000000000000000000000000000
18227,242,19,19,M111111111111111100000000000000000000000000000000
18228,242,20,20,M111111111111111100000000000000000000000000000000
18229,242,21,21,M111111111111111100000000000000000000000000000000
18230,242,22,22,M111111111111111100000000000000000000000000000000
18231,242,23,23,M111111111111111100000000000000000000000000000000
18232,242,24,24,M111111111111111100000000000000000000000000000000
18233,242,25,25,M111111111111111100000000000000000000000000000000
18234,242,26,26,M111111111111111100000000000000000000000000000000
18235,242,27,27,M111111111111111100000000000000000000000000000000
18236,242,28,28,M111111111111111100000000000000000000000000000000
18237,242,29,29,M111111111111111100000000000000000000000000000000
18238,242,30,30,M111111111111111100000000000000000000000000000000
18239,242,31,31,M111111111111111100000000000000000000000000000000
