row_id,volume_id,presented_index,true_rank,true_missing_mask
0,18,0,27,M110111100001000010001000001000100100100000011100
1,18,1,8,M110111100001000010001000001000100100100000011100
2,18,2,23,M110111100001000010001000001000100100100000011100
3,18,3,15,M110111100001000010001000001000100100100000011100
4,18,4,26,M110111100001000010001000001000100100100000011100
5,18,5,5,M110111100001000010001000001000100100100000011100
6,18,6,7,M110111100001000010001000001000100100100000011100
7,18,7,3,M110111100001000010001000001000100100100000011100
8,18,8,13,M110111100001000010001000001000100100100000011100
9,18,9,11,M110111100001000010001000001000100100100000011100
10,18,10,6,M110111100001000010001000001000100100100000011100
11,18,11,12,M110111100001000010001000001000100100100000011100
12,18,12,4,M110111100001000010001000001000100100100000011100
13,18,13,25,M110111100001000010001000001000100100100000011100
14,18,14,20,M110111100001000010001000001000100100100000011100
15,18,15,24,M110111100001000010001000001000100100100000011100
16,18,16,17,M110111100001000010001000001000100100100000011100
17,18,17,16,M110111100001000010001000001000100100100000011100
18,18,18,14,M110111100001000010001000001000100100100000011100
19,18,19,31,M110111100001000010001000001000100100100000011100
20,18,20,0,M110111100001000010001000001000100100100000011100
21,18,21,10,M110111100001000010001000001000100100100000011100
22,18,22,19,M110111100001000010001000001000100100100000011100
23,18,23,29,M110111100001000010001000001000100100100000011100
24,18,24,9,M110111100001000010001000001000100100100000011100
25,18,25,30,M110111100001000010001000001000100100100000011100
26,18,26,2,M110111100001000010001000001000100100100000011100
27,18,27,1,M110111100001000010001000001000100100100000011100
28,18,28,28,M110111100001000010001000001000100100100000011100
29,18,29,22,M110111100001000010001000001000100100100000011100
30,18,30,21,M110111100001000010001000001000100100100000011100
31,18,31,18,M110111100001000010001000001000100100100000011100
32,567,0,5,M011110011001100001011001000000000000000100110100
33,567,1,0,M011110011001100001011001000000000000000100110100
34,567,2,20,M011110011001100001011001000000000000000100110100
35,567,3,26,M011110011001100001011001000000000000000100110100
36,567,4,21,M011110011001100001011001000000000000000100110100
37,567,5,4,M011110011001100001011001000000000000000100110100
38,567,6,31,M011110011001100001011001000000000000000100110100
39,567,7,13,M011110011001100001011001000000000000000100110100
40,567,8,14,M011110011001100001011001000000000000000100110100
41,567,9,23,M011110011001100001011001000000000000000100110100
42,567,10,30,M011110011001100001011001000000000000000100110100
43,567,11,17,M011110011001100001011001000000000000000100110100
44,567,12,16,M011110011001100001011001000000000000000100110100
45,567,13,18,M011110011001100001011001000000000000000100110100
46,567,14,7,M011110011001100001011001000000000000000100110100
47,567,15,28,M011110011001100001011001000000000000000100110100
48,567,16,22,M011110011001100001011001000000000000000100110100
49,567,17,24,M011110011001100001011001000000000000000100110100
50,567,18,12,M011110011001100001011001000000000000000100110100
51,567,19,6,M011110011001100001011001000000000000000100110100
52,567,20,29,M011110011001100001011001000000000000000100110100
53,567,21,1,M011110011001100001011001000000000000000100110100
54,567,22,27,M011110011001100001011001000000000000000100110100
55,567,23,3,M011110011001100001011001000000000000000100110100
56,567,24,8,M011110011001100001011001000000000000000100110100
57,567,25,10,M011110011001100001011001000000000000000100110100
58,567,26,2,M011110011001100001011001000000000000000100110100
59,567,27,9,M011110011001100001011001000000000000000100110100
60,567,28,25,M011110011001100001011001000000000000000100110100
61,567,29,11,M011110011001100001011001000000000000000100110100
62,567,30,15,M011110011001100001011001000000000000000100110100
63,567,31,19,M011110011001100001011001000000000000000100110100
64,37,0,12,M011101010010100011000100000000100010000100101001
65,37,1,8,M011101010010100011000100000000100010000100101001
66,37,2,28,M011101010010100011000100000000100010000100101001
67,37,3,0,M011101010010100011000100000000100010000100101001
68,37,4,24,M011101010010100011000100000000100010000100101001
69,37,5,15,M011101010010100011000100000000100010000100101001
70,37,6,11,M011101010010100011000100000000100010000100101001
71,37,7,29,M011101010010100011000100000000100010000100101001
72,37,8,30,M011101010010100011000100000000100010000100101001
73,37,9,6,M011101010010100011000100000000100010000100101001
74,37,10,17,M011101010010100011000100000000100010000100101001
75,37,11,20,M011101010010100011000100000000100010000100101001
76,37,12,23,M011101010010100011000100000000100010000100101001
77,37,13,10,M011101010010100011000100000000100010000100101001
78,37,14,16,M011101010010100011000100000000100010000100101001
79,37,15,27,M011101010010100011000100000000100010000100101001
80,37,16,2,M011101010010100011000100000000100010000100101001
81,37,17,26,M011101010010100011000100000000100010000100101001
82,37,18,5,M011101010010100011000100000000100010000100101001
83,37,19,4,M011101010010100011000100000000100010000100101001
84,37,20,3,M011101010010100011000100000000100010000100101001
85,37,21,18,M011101010010100011000100000000100010000100101001
86,37,22,21,M011101010010100011000100000000100010000100101001
87,37,23,31,M011101010010100011000100000000100010000100101001
88,37,24,9,M011101010010100011000100000000100010000100101001
89,37,25,25,M011101010010100011000100000000100010000100101001
90,37,26,1,M011101010010100011000100000000100010000100101001
91,37,27,19,M011101010010100011000100000000100010000100101001
92,37,28,22,M011101010010100011000100000000100010000100101001
93,37,29,7,M011101010010100011000100000000100010000100101001
94,37,30,13,M011101010010100011000100000000100010000100101001
95,37,31,14,M011101010010100011000100000000100010000100101001
96,175,0,23,M111000000011010010000000001000010101001100011010
97,175,1,5,M111000000011010010000000001000010101001100011010
98,175,2,0,M111000000011010010000000001000010101001100011010
99,175,3,6,M111000000011010010000000001000010101001100011010
100,175,4,31,M111000000011010010000000001000010101001100011010
101,175,5,18,M111000000011010010000000001000010101001100011010
102,175,6,16,M111000000011010010000000001000010101001100011010
103,175,7,25,M111000000011010010000000001000010101001100011010
104,175,8,28,M111000000011010010000000001000010101001100011010
105,175,9,9,M111000000011010010000000001000010101001100011010
106,175,10,27,M111000000011010010000000001000010101001100011010
107,175,11,15,M111000000011010010000000001000010101001100011010
108,175,12,22,M111000000011010010000000001000010101001100011010
109,175,13,26,M111000000011010010000000001000010101001100011010
110,175,14,17,M111000000011010010000000001000010101001100011010
111,175,15,21,M111000000011010010000000001000010101001100011010
112,175,16,29,M111000000011010010000000001000010101001100011010
113,175,17,12,M111000000011010010000000001000010101001100011010
114,175,18,3,M111000000011010010000000001000010101001100011010
115,175,19,4,M111000000011010010000000001000010101001100011010
116,175,20,2,M111000000011010010000000001000010101001100011010
117,175,21,10,M111000000011010010000000001000010101001100011010
118,175,22,20,M111000000011010010000000001000010101001100011010
119,175,23,30,M111000000011010010000000001000010101001100011010
120,175,24,24,M111000000011010010000000001000010101001100011010
121,175,25,14,M111000000011010010000000001000010101001100011010
122,175,26,8,M111000000011010010000000001000010101001100011010
123,175,27,13,M111000000011010010000000001000010101001100011010
124,175,28,1,M111000000011010010000000001000010101001100011010
125,175,29,11,M111000000011010010000000001000010101001100011010
126,175,30,19,M111000000011010010000000001000010101001100011010
127,175,31,7,M111000000011010010000000001000010101001100011010
128,573,0,3,M100101000001001010100001000010010000001101000111
129,573,1,13,M100101000001001010100001000010010000001101000111
130,573,2,27,M100101000001001010100001000010010000001101000111
131,573,3,31,M100101000001001010100001000010010000001101000111
132,573,4,30,M100101000001001010100001000010010000001101000111
133,573,5,5,M100101000001001010100001000010010000001101000111
134,573,6,16,M100101000001001010100001000010010000001101000111
135,573,7,23,M100101000001001010100001000010010000001101000111
136,573,8,21,M100101000001001010100001000010010000001101000111
137,573,9,12,M100101000001001010100001000010010000001101000111
138,573,10,14,M100101000001001010100001000010010000001101000111
139,573,11,15,M100101000001001010100001000010010000001101000111
140,573,12,20,M100101000001001010100001000010010000001101000111
141,573,13,29,M100101000001001010100001000010010000001101000111
142,573,14,26,M100101000001001010100001000010010000001101000111
143,573,15,22,M100101000001001010100001000010010000001101000111
144,573,16,4,M100101000001001010100001000010010000001101000111
145,573,17,10,M100101000001001010100001000010010000001101000111
146,573,18,18,M100101000001001010100001000010010000001101000111
147,573,19,7,M100101000001001010100001000010010000001101000111
148,573,20,24,M100101000001001010100001000010010000001101000111
149,573,21,2,M100101000001001010100001000010010000001101000111
150,573,22,25,M100101000001001010100001000010010000001101000111
151,573,23,19,M100101000001001010100001000010010000001101000111
152,573,24,1,M100101000001001010100001000010010000001101000111
153,573,25,11,M100101000001001010100001000010010000001101000111
154,573,26,28,M100101000001001010100001000010010000001101000111
155,573,27,9,M100101000001001010100001000010010000001101000111
156,573,28,6,M100101000001001010100001000010010000001101000111
157,573,29,8,M100101000001001010100001000010010000001101000111
158,573,30,0,M100101000001001010100001000010010000001101000111
159,573,31,17,M100101000001001010100001000010010000001101000111
160,382,0,27,M010111000010010000000000000000001001110100101111
161,382,1,8,M010111000010010000000000000000001001110100101111
162,382,2,14,M010111000010010000000000000000001001110100101111
163,382,3,3,M010111000010010000000000000000001001110100101111
164,382,4,6,M010111000010010000000000000000001001110100101111
165,382,5,26,M010111000010010000000000000000001001110100101111
166,382,6,22,M010111000010010000000000000000001001110100101111
167,382,7,11,M010111000010010000000000000000001001110100101111
168,382,8,25,M010111000010010000000000000000001001110100101111
169,382,9,7,M010111000010010000000000000000001001110100101111
170,382,10,18,M010111000010010000000000000000001001110100101111
171,382,11,23,M010111000010010000000000000000001001110100101111
172,382,12,24,M010111000010010000000000000000001001110100101111
173,382,13,16,M010111000010010000000000000000001001110100101111
174,382,14,9,M010111000010010000000000000000001001110100101111
175,382,15,29,M010111000010010000000000000000001001110100101111
176,382,16,19,M010111000010010000000000000000001001110100101111
177,382,17,13,M010111000010010000000000000000001001110100101111
178,382,18,4,M010111000010010000000000000000001001110100101111
179,382,19,31,M010111000010010000000000000000001001110100101111
180,382,20,1,M010111000010010000000000000000001001110100101111
181,382,21,2,M010111000010010000000000000000001001110100101111
182,382,22,21,M010111000010010000000000000000001001110100101111
183,382,23,30,M010111000010010000000000000000001001110100101111
184,382,24,20,M010111000010010000000000000000001001110100101111
185,382,25,5,M010111000010010000000000000000001001110100101111
186,382,26,28,M010111000010010000000000000000001001110100101111
187,382,27,0,M010111000010010000000000000000001001110100101111
188,382,28,10,M010111000010010000000000000000001001110100101111
189,382,29,12,M010111000010010000000000000000001001110100101111
190,382,30,17,M010111000010010000000000000000001001110100101111
191,382,31,15,M010111000010010000000000000000001001110100101111
224,143,0,2,M101110000000100000100100100110000101000000001111
225,143,1,29,M101110000000100000100100100110000101000000001111
226,143,2,19,M101110000000100000100100100110000101000000001111
227,143,3,3,M101110000000100000100100100110000101000000001111
228,143,4,21,M101110000000100000100100100110000101000000001111
229,143,5,0,M101110000000100000100100100110000101000000001111
230,143,6,12,M101110000000100000100100100110000101000000001111
231,143,7,24,M101110000000100000100100100110000101000000001111
232,143,8,13,M101110000000100000100100100110000101000000001111
233,143,9,4,M101110000000100000100100100110000101000000001111
234,143,10,8,M101110000000100000100100100110000101000000001111
235,143,11,17,M101110000000100000100100100110000101000000001111
236,143,12,25,M101110000000100000100100100110000101000000001111
237,143,13,16,M101110000000100000100100100110000101000000001111
238,143,14,9,M101110000000100000100100100110000101000000001111
239,143,15,11,M101110000000100000100100100110000101000000001111
240,143,16,10,M101110000000100000100100100110000101000000001111
241,143,17,31,M101110000000100000100100100110000101000000001111
242,143,18,15,M101110000000100000100100100110000101000000001111
243,143,19,14,M101110000000100000100100100110000101000000001111
244,143,20,7,M101110000000100000100100100110000101000000001111
245,143,21,20,M101110000000100000100100100110000101000000001111
246,143,22,23,M101110000000100000100100100110000101000000001111
247,143,23,1,M101110000000100000100100100110000101000000001111
248,143,24,26,M101110000000100000100100100110000101000000001111
249,143,25,27,M101110000000100000100100100110000101000000001111
250,143,26,28,M101110000000100000100100100110000101000000001111
251,143,27,30,M101110000000100000100100100110000101000000001111
252,143,28,18,M101110000000100000100100100110000101000000001111
253,143,29,22,M101110000000100000100100100110000101000000001111
254,143,30,5,M101110000000100000100100100110000101000000001111
255,143,31,6,M101110000000100000100100100110000101000000001111
256,237,0,11,M110101000000000101000100100100000100010000011111
257,237,1,31,M110101000000000101000100100100000100010000011111
258,237,2,12,M110101000000000101000100100100000100010000011111
259,237,3,17,M110101000000000101000100100100000100010000011111
260,237,4,14,M110101000000000101000100100100000100010000011111
261,237,5,8,M110101000000000101000100100100000100010000011111
262,237,6,23,M110101000000000101000100100100000100010000011111
263,237,7,13,M110101000000000101000100100100000100010000011111
264,237,8,29,M110101000000000101000100100100000100010000011111
265,237,9,20,M110101000000000101000100100100000100010000011111
266,237,10,7,M110101000000000101000100100100000100010000011111
267,237,11,6,M110101000000000101000100100100000100010000011111
268,237,12,28,M110101000000000101000100100100000100010000011111
269,237,13,9,M110101000000000101000100100100000100010000011111
270,237,14,3,M110101000000000101000100100100000100010000011111
271,237,15,5,M110101000000000101000100100100000100010000011111
272,237,16,2,M110101000000000101000100100100000100010000011111
273,237,17,21,M110101000000000101000100100100000100010000011111
274,237,18,16,M110101000000000101000100100100000100010000011111
275,237,19,22,M110101000000000101000100100100000100010000011111
276,237,20,4,M110101000000000101000100100100000100010000011111
277,237,21,18,M110101000000000101000100100100000100010000011111
278,237,22,25,M110101000000000101000100100100000100010000011111
279,237,23,15,M110101000000000101000100100100000100010000011111
280,237,24,10,M110101000000000101000100100100000100010000011111
281,237,25,30,M110101000000000101000100100100000100010000011111
282,237,26,1,M110101000000000101000100100100000100010000011111
283,237,27,26,M110101000000000101000100100100000100010000011111
284,237,28,0,M110101000000000101000100100100000100010000011111
285,237,29,19,M110101000000000101000100100100000100010000011111
286,237,30,27,M110101000000000101000100100100000100010000011111
287,237,31,24,M110101000000000101000100100100000100010000011111
320,378,0,9,M101000000101100001010000000111000110000001010011
321,378,1,5,M101000000101100001010000000111000110000001010011
322,378,2,14,M101000000101100001010000000111000110000001010011
323,378,3,15,M101000000101100001010000000111000110000001010011
324,378,4,29,M101000000101100001010000000111000110000001010011
325,378,5,21,M101000000101100001010000000111000110000001010011
326,378,6,18,M101000000101100001010000000111000110000001010011
327,378,7,27,M101000000101100001010000000111000110000001010011
328,378,8,22,M101000000101100001010000000111000110000001010011
329,378,9,7,M101000000101100001010000000111000110000001010011
330,378,10,28,M101000000101100001010000000111000110000001010011
331,378,11,20,M101000000101100001010000000111000110000001010011
332,378,12,30,M101000000101100001010000000111000110000001010011
333,378,13,8,M101000000101100001010000000111000110000001010011
334,378,14,6,M101000000101100001010000000111000110000001010011
335,378,15,0,M101000000101100001010000000111000110000001010011
336,378,16,11,M101000000101100001010000000111000110000001010011
337,378,17,17,M101000000101100001010000000111000110000001010011
338,378,18,26,M101000000101100001010000000111000110000001010011
339,378,19,25,M101000000101100001010000000111000110000001010011
340,378,20,12,M101000000101100001010000000111000110000001010011
341,378,21,24,M101000000101100001010000000111000110000001010011
342,378,22,13,M101000000101100001010000000111000110000001010011
343,378,23,31,M101000000101100001010000000111000110000001010011
344,378,24,1,M101000000101100001010000000111000110000001010011
345,378,25,16,M101000000101100001010000000111000110000001010011
346,378,26,3,M101000000101100001010000000111000110000001010011
347,378,27,10,M101000000101100001010000000111000110000001010011
348,378,28,4,M101000000101100001010000000111000110000001010011
349,378,29,19,M101000000101100001010000000111000110000001010011
350,378,30,23,M101000000101100001010000000111000110000001010011
351,378,31,2,M101000000101100001010000000111000110000001010011
384,375,0,21,M101011001000000000000011000100001101000100111010
385,375,1,4,M101011001000000000000011000100001101000100111010
386,375,2,23,M101011001000000000000011000100001101000100111010
387,375,3,17,M101011001000000000000011000100001101000100111010
388,375,4,14,M101011001000000000000011000100001101000100111010
389,375,5,16,M101011001000000000000011000100001101000100111010
390,375,6,3,M101011001000000000000011000100001101000100111010
391,375,7,11,M101011001000000000000011000100001101000100111010
392,375,8,18,M101011001000000000000011000100001101000100111010
393,375,9,29,M101011001000000000000011000100001101000100111010
394,375,10,6,M101011001000000000000011000100001101000100111010
395,375,11,22,M101011001000000000000011000100001101000100111010
396,375,12,2,M101011001000000000000011000100001101000100111010
397,375,13,5,M101011001000000000000011000100001101000100111010
398,375,14,10,M101011001000000000000011000100001101000100111010
399,375,15,28,M101011001000000000000011000100001101000100111010
400,375,16,25,M101011001000000000000011000100001101000100111010
401,375,17,12,M101011001000000000000011000100001101000100111010
402,375,18,20,M101011001000000000000011000100001101000100111010
403,375,19,24,M101011001000000000000011000100001101000100111010
404,375,20,26,M101011001000000000000011000100001101000100111010
405,375,21,13,M101011001000000000000011000100001101000100111010
406,375,22,7,M101011001000000000000011000100001101000100111010
407,375,23,1,M101011001000000000000011000100001101000100111010
408,375,24,8,M101011001000000000000011000100001101000100111010
409,375,25,27,M101011001000000000000011000100001101000100111010
410,375,26,15,M101011001000000000000011000100001101000100111010
411,375,27,19,M101011001000000000000011000100001101000100111010
412,375,28,0,M101011001000000000000011000100001101000100111010
413,375,29,31,M101011001000000000000011000100001101000100111010
414,375,30,30,M101011001000000000000011000100001101000100111010
415,375,31,9,M101011001000000000000011000100001101000100111010
416,423,0,17,M111001010000100101100010000100000001000000101011
417,423,1,15,M111001010000100101100010000100000001000000101011
418,423,2,6,M111001010000100101100010000100000001000000101011
419,423,3,22,M111001010000100101100010000100000001000000101011
420,423,4,9,M111001010000100101100010000100000001000000101011
421,423,5,18,M111001010000100101100010000100000001000000101011
422,423,6,23,M111001010000100101100010000100000001000000101011
423,423,7,28,M111001010000100101100010000100000001000000101011
424,423,8,12,M111001010000100101100010000100000001000000101011
425,423,9,5,M111001010000100101100010000100000001000000101011
426,423,10,1,M111001010000100101100010000100000001000000101011
427,423,11,19,M111001010000100101100010000100000001000000101011
428,423,12,16,M111001010000100101100010000100000001000000101011
429,423,13,31,M111001010000100101100010000100000001000000101011
430,423,14,8,M111001010000100101100010000100000001000000101011
431,423,15,26,M111001010000100101100010000100000001000000101011
432,423,16,7,M111001010000100101100010000100000001000000101011
433,423,17,10,M111001010000100101100010000100000001000000101011
434,423,18,30,M111001010000100101100010000100000001000000101011
435,423,19,0,M111001010000100101100010000100000001000000101011
436,423,20,2,M111001010000100101100010000100000001000000101011
437,423,21,29,M111001010000100101100010000100000001000000101011
438,423,22,21,M111001010000100101100010000100000001000000101011
439,423,23,20,M111001010000100101100010000100000001000000101011
440,423,24,3,M111001010000100101100010000100000001000000101011
441,423,25,25,M111001010000100101100010000100000001000000101011
442,423,26,13,M111001010000100101100010000100000001000000101011
443,423,27,4,M111001010000100101100010000100000001000000101011
444,423,28,14,M111001010000100101100010000100000001000000101011
445,423,29,11,M111001010000100101100010000100000001000000101011
446,423,30,27,M111001010000100101100010000100000001000000101011
447,423,31,24,M111001010000100101100010000100000001000000101011
448,39,0,29,M111110001000100000001000001000011010000100100110
449,39,1,0,M111110001000100000001000001000011010000100100110
450,39,2,27,M111110001000100000001000001000011010000100100110
451,39,3,10,M111110001000100000001000001000011010000100100110
452,39,4,1,M111110001000100000001000001000011010000100100110
453,39,5,31,M111110001000100000001000001000011010000100100110
454,39,6,16,M111110001000100000001000001000011010000100100110
455,39,7,18,M111110001000100000001000001000011010000100100110
456,39,8,7,M111110001000100000001000001000011010000100100110
457,39,9,14,M111110001000100000001000001000011010000100100110
458,39,10,13,M111110001000100000001000001000011010000100100110
459,39,11,8,M111110001000100000001000001000011010000100100110
460,39,12,20,M111110001000100000001000001000011010000100100110
461,39,13,23,M111110001000100000001000001000011010000100100110
462,39,14,26,M111110001000100000001000001000011010000100100110
463,39,15,5,M111110001000100000001000001000011010000100100110
464,39,16,9,M111110001000100000001000001000011010000100100110
465,39,17,3,M111110001000100000001000001000011010000100100110
466,39,18,24,M111110001000100000001000001000011010000100100110
467,39,19,15,M111110001000100000001000001000011010000100100110
468,39,20,22,M111110001000100000001000001000011010000100100110
469,39,21,2,M111110001000100000001000001000011010000100100110
470,39,22,17,M111110001000100000001000001000011010000100100110
471,39,23,4,M111110001000100000001000001000011010000100100110
472,39,24,21,M111110001000100000001000001000011010000100100110
473,39,25,11,M111110001000100000001000001000011010000100100110
474,39,26,25,M111110001000100000001000001000011010000100100110
475,39,27,28,M111110001000100000001000001000011010000100100110
476,39,28,6,M111110001000100000001000001000011010000100100110
477,39,29,12,M111110001000100000001000001000011010000100100110
478,39,30,19,M111110001000100000001000001000011010000100100110
479,39,31,30,M111110001000100000001000001000011010000100100110
480,430,0,27,M011001000110010110000000110000000001011000110010
481,430,1,0,M011001000110010110000000110000000001011000110010
482,430,2,30,M011001000110010110000000110000000001011000110010
483,430,3,29,M011001000110010110000000110000000001011000110010
484,430,4,10,M011001000110010110000000110000000001011000110010
485,430,5,14,M011001000110010110000000110000000001011000110010
486,430,6,18,M011001000110010110000000110000000001011000110010
487,430,7,23,M011001000110010110000000110000000001011000110010
488,430,8,19,M011001000110010110000000110000000001011000110010
489,430,9,8,M011001000110010110000000110000000001011000110010
490,430,10,31,M011001000110010110000000110000000001011000110010
491,430,11,13,M011001000110010110000000110000000001011000110010
492,430,12,22,M011001000110010110000000110000000001011000110010
493,430,13,11,M011001000110010110000000110000000001011000110010
494,430,14,16,M011001000110010110000000110000000001011000110010
495,430,15,26,M011001000110010110000000110000000001011000110010
496,430,16,5,M011001000110010110000000110000000001011000110010
497,430,17,4,M011001000110010110000000110000000001011000110010
498,430,18,21,M011001000110010110000000110000000001011000110010
499,430,19,1,M011001000110010110000000110000000001011000110010
500,430,20,6,M011001000110010110000000110000000001011000110010
501,430,21,25,M011001000110010110000000110000000001011000110010
502,430,22,24,M011001000110010110000000110000000001011000110010
503,430,23,12,M011001000110010110000000110000000001011000110010
504,430,24,20,M011001000110010110000000110000000001011000110010
505,430,25,9,M011001000110010110000000110000000001011000110010
506,430,26,17,M011001000110010110000000110000000001011000110010
507,430,27,2,M011001000110010110000000110000000001011000110010
508,430,28,7,M011001000110010110000000110000000001011000110010
509,430,29,15,M011001000110010110000000110000000001011000110010
510,430,30,3,M011001000110010110000000110000000001011000110010
511,430,31,28,M011001000110010110000000110000000001011000110010
512,467,0,6,M101011000010010000010010101011000100000000100110
513,467,1,16,M101011000010010000010010101011000100000000100110
514,467,2,5,M101011000010010000010010101011000100000000100110
515,467,3,28,M101011000010010000010010101011000100000000100110
516,467,4,18,M101011000010010000010010101011000100000000100110
517,467,5,11,M101011000010010000010010101011000100000000100110
518,467,6,8,M101011000010010000010010101011000100000000100110
519,467,7,3,M101011000010010000010010101011000100000000100110
520,467,8,9,M101011000010010000010010101011000100000000100110
521,467,9,30,M101011000010010000010010101011000100000000100110
522,467,10,0,M101011000010010000010010101011000100000000100110
523,467,11,13,M101011000010010000010010101011000100000000100110
524,467,12,15,M101011000010010000010010101011000100000000100110
525,467,13,1,M101011000010010000010010101011000100000000100110
526,467,14,14,M101011000010010000010010101011000100000000100110
527,467,15,31,M101011000010010000010010101011000100000000100110
528,467,16,20,M101011000010010000010010101011000100000000100110
529,467,17,23,M101011000010010000010010101011000100000000100110
530,467,18,27,M101011000010010000010010101011000100000000100110
531,467,19,24,M101011000010010000010010101011000100000000100110
532,467,20,4,M101011000010010000010010101011000100000000100110
533,467,21,17,M101011000010010000010010101011000100000000100110
534,467,22,2,M101011000010010000010010101011000100000000100110
535,467,23,7,M101011000010010000010010101011000100000000100110
536,467,24,21,M101011000010010000010010101011000100000000100110
537,467,25,29,M101011000010010000010010101011000100000000100110
538,467,26,19,M101011000010010000010010101011000100000000100110
539,467,27,22,M101011000010010000010010101011000100000000100110
540,467,28,12,M101011000010010000010010101011000100000000100110
541,467,29,26,M101011000010010000010010101011000100000000100110
542,467,30,10,M101011000010010000010010101011000100000000100110
543,467,31,25,M101011000010010000010010101011000100000000100110
544,218,0,7,M101010000001000111010000100000000010010001001111
545,218,1,4,M101010000001000111010000100000000010010001001111
546,218,2,0,M101010000001000111010000100000000010010001001111
547,218,3,5,M101010000001000111010000100000000010010001001111
548,218,4,20,M101010000001000111010000100000000010010001001111
549,218,5,16,M101010000001000111010000100000000010010001001111
550,218,6,2,M101010000001000111010000100000000010010001001111
551,218,7,28,M101010000001000111010000100000000010010001001111
552,218,8,17,M101010000001000111010000100000000010010001001111
553,218,9,11,M101010000001000111010000100000000010010001001111
554,218,10,23,M101010000001000111010000100000000010010001001111
555,218,11,27,M101010000001000111010000100000000010010001001111
556,218,12,10,M101010000001000111010000100000000010010001001111
557,218,13,22,M101010000001000111010000100000000010010001001111
558,218,14,21,M101010000001000111010000100000000010010001001111
559,218,15,9,M101010000001000111010000100000000010010001001111
560,218,16,19,M101010000001000111010000100000000010010001001111
561,218,17,24,M101010000001000111010000100000000010010001001111
562,218,18,26,M101010000001000111010000100000000010010001001111
563,218,19,18,M101010000001000111010000100000000010010001001111
564,218,20,1,M101010000001000111010000100000000010010001001111
565,218,21,6,M101010000001000111010000100000000010010001001111
566,218,22,3,M101010000001000111010000100000000010010001001111
567,218,23,14,M101010000001000111010000100000000010010001001111
568,218,24,25,M101010000001000111010000100000000010010001001111
569,218,25,31,M101010000001000111010000100000000010010001001111
570,218,26,13,M101010000001000111010000100000000010010001001111
571,218,27,12,M101010000001000111010000100000000010010001001111
572,218,28,15,M101010000001000111010000100000000010010001001111
573,218,29,30,M101010000001000111010000100000000010010001001111
574,218,30,29,M101010000001000111010000100000000010010001001111
575,218,31,8,M101010000001000111010000100000000010010001001111
576,372,0,5,M010101011001000110101000001100001101000000010000
577,372,1,23,M010101011001000110101000001100001101000000010000
578,372,2,21,M010101011001000110101000001100001101000000010000
579,372,3,14,M010101011001000110101000001100001101000000010000
580,372,4,11,M010101011001000110101000001100001101000000010000
581,372,5,12,M010101011001000110101000001100001101000000010000
582,372,6,17,M010101011001000110101000001100001101000000010000
583,372,7,2,M010101011001000110101000001100001101000000010000
584,372,8,7,M010101011001000110101000001100001101000000010000
585,372,9,20,M010101011001000110101000001100001101000000010000
586,372,10,13,M010101011001000110101000001100001101000000010000
587,372,11,16,M010101011001000110101000001100001101000000010000
588,372,12,28,M010101011001000110101000001100001101000000010000
589,372,13,26,M010101011001000110101000001100001101000000010000
590,372,14,4,M010101011001000110101000001100001101000000010000
591,372,15,29,M010101011001000110101000001100001101000000010000
592,372,16,30,M010101011001000110101000001100001101000000010000
593,372,17,6,M010101011001000110101000001100001101000000010000
594,372,18,25,M010101011001000110101000001100001101000000010000
595,372,19,3,M010101011001000110101000001100001101000000010000
596,372,20,31,M010101011001000110101000001100001101000000010000
597,372,21,8,M010101011001000110101000001100001101000000010000
598,372,22,18,M010101011001000110101000001100001101000000010000
599,372,23,27,M010101011001000110101000001100001101000000010000
600,372,24,10,M010101011001000110101000001100001101000000010000
601,372,25,9,M010101011001000110101000001100001101000000010000
602,372,26,15,M010101011001000110101000001100001101000000010000
603,372,27,0,M010101011001000110101000001100001101000000010000
604,372,28,19,M010101011001000110101000001100001101000000010000
605,372,29,22,M010101011001000110101000001100001101000000010000
606,372,30,1,M010101011001000110101000001100001101000000010000
607,372,31,24,M010101011001000110101000001100001101000000010000
608,323,0,15,M101111000001100011100000100000010000100001000101
609,323,1,2,M101111000001100011100000100000010000100001000101
610,323,2,25,M101111000001100011100000100000010000100001000101
611,323,3,31,M101111000001100011100000100000010000100001000101
612,323,4,14,M101111000001100011100000100000010000100001000101
613,323,5,8,M101111000001100011100000100000010000100001000101
614,323,6,1,M101111000001100011100000100000010000100001000101
615,323,7,10,M101111000001100011100000100000010000100001000101
616,323,8,23,M101111000001100011100000100000010000100001000101
617,323,9,12,M101111000001100011100000100000010000100001000101
618,323,10,18,M101111000001100011100000100000010000100001000101
619,323,11,6,M101111000001100011100000100000010000100001000101
620,323,12,7,M101111000001100011100000100000010000100001000101
621,323,13,21,M101111000001100011100000100000010000100001000101
622,323,14,19,M101111000001100011100000100000010000100001000101
623,323,15,30,M101111000001100011100000100000010000100001000101
624,323,16,3,M101111000001100011100000100000010000100001000101
625,323,17,16,M101111000001100011100000100000010000100001000101
626,323,18,22,M101111000001100011100000100000010000100001000101
627,323,19,29,M101111000001100011100000100000010000100001000101
628,323,20,13,M101111000001100011100000100000010000100001000101
629,323,21,20,M101111000001100011100000100000010000100001000101
630,323,22,24,M101111000001100011100000100000010000100001000101
631,323,23,26,M101111000001100011100000100000010000100001000101
632,323,24,28,M101111000001100011100000100000010000100001000101
633,323,25,5,M101111000001100011100000100000010000100001000101
634,323,26,4,M101111000001100011100000100000010000100001000101
635,323,27,27,M101111000001100011100000100000010000100001000101
636,323,28,17,M101111000001100011100000100000010000100001000101
637,323,29,11,M101111000001100011100000100000010000100001000101
638,323,30,9,M101111000001100011100000100000010000100001000101
639,323,31,0,M101111000001100011100000100000010000100001000101
640,328,0,22,M000010010000101010000001000011110010000010110011
641,328,1,15,M000010010000101010000001000011110010000010110011
642,328,2,30,M000010010000101010000001000011110010000010110011
643,328,3,21,M000010010000101010000001000011110010000010110011
644,328,4,13,M000010010000101010000001000011110010000010110011
645,328,5,3,M000010010000101010000001000011110010000010110011
646,328,6,16,M000010010000101010000001000011110010000010110011
647,328,7,20,M000010010000101010000001000011110010000010110011
648,328,8,14,M000010010000101010000001000011110010000010110011
649,328,9,24,M000010010000101010000001000011110010000010110011
650,328,10,25,M000010010000101010000001000011110010000010110011
651,328,11,31,M000010010000101010000001000011110010000010110011
652,328,12,10,M000010010000101010000001000011110010000010110011
653,328,13,4,M000010010000101010000001000011110010000010110011
654,328,14,18,M000010010000101010000001000011110010000010110011
655,328,15,2,M000010010000101010000001000011110010000010110011
656,328,16,23,M000010010000101010000001000011110010000010110011
657,328,17,19,M000010010000101010000001000011110010000010110011
658,328,18,12,M000010010000101010000001000011110010000010110011
659,328,19,17,M000010010000101010000001000011110010000010110011
660,328,20,7,M000010010000101010000001000011110010000010110011
661,328,21,11,M000010010000101010000001000011110010000010110011
662,328,22,0,M000010010000101010000001000011110010000010110011
663,328,23,9,M000010010000101010000001000011110010000010110011
664,328,24,8,M000010010000101010000001000011110010000010110011
665,328,25,28,M000010010000101010000001000011110010000010110011
666,328,26,26,M000010010000101010000001000011110010000010110011
667,328,27,5,M000010010000101010000001000011110010000010110011
668,328,28,27,M000010010000101010000001000011110010000010110011
669,328,29,1,M000010010000101010000001000011110010000010110011
670,328,30,6,M000010010000101010000001000011110010000010110011
671,328,31,29,M000010010000101010000001000011110010000010110011
736,360,0,31,M111111100000011000010000000001000010000010111000
737,360,1,8,M111111100000011000010000000001000010000010111000
738,360,2,1,M111111100000011000010000000001000010000010111000
739,360,3,13,M111111100000011000010000000001000010000010111000
740,360,4,16,M111111100000011000010000000001000010000010111000
741,360,5,7,M111111100000011000010000000001000010000010111000
742,360,6,12,M111111100000011000010000000001000010000010111000
743,360,7,4,M111111100000011000010000000001000010000010111000
744,360,8,25,M111111100000011000010000000001000010000010111000
745,360,9,24,M111111100000011000010000000001000010000010111000
746,360,10,21,M111111100000011000010000000001000010000010111000
747,360,11,28,M111111100000011000010000000001000010000010111000
748,360,12,22,M111111100000011000010000000001000010000010111000
749,360,13,3,M111111100000011000010000000001000010000010111000
750,360,14,9,M111111100000011000010000000001000010000010111000
751,360,15,11,M111111100000011000010000000001000010000010111000
752,360,16,26,M111111100000011000010000000001000010000010111000
753,360,17,15,M111111100000011000010000000001000010000010111000
754,360,18,23,M111111100000011000010000000001000010000010111000
755,360,19,19,M111111100000011000010000000001000010000010111000
756,360,20,5,M111111100000011000010000000001000010000010111000
757,360,21,27,M111111100000011000010000000001000010000010111000
758,360,22,2,M111111100000011000010000000001000010000010111000
759,360,23,20,M111111100000011000010000000001000010000010111000
760,360,24,18,M111111100000011000010000000001000010000010111000
761,360,25,6,M111111100000011000010000000001000010000010111000
762,360,26,30,M111111100000011000010000000001000010000010111000
763,360,27,29,M111111100000011000010000000001000010000010111000
764,360,28,0,M111111100000011000010000000001000010000010111000
765,360,29,10,M111111100000011000010000000001000010000010111000
766,360,30,17,M111111100000011000010000000001000010000010111000
767,360,31,14,M111111100000011000010000000001000010000010111000
768,28,0,16,M101010100101100010010000000100100010000000001111
769,28,1,31,M101010100101100010010000000100100010000000001111
770,28,2,9,M101010100101100010010000000100100010000000001111
771,28,3,23,M101010100101100010010000000100100010000000001111
772,28,4,17,M101010100101100010010000000100100010000000001111
773,28,5,5,M101010100101100010010000000100100010000000001111
774,28,6,22,M101010100101100010010000000100100010000000001111
775,28,7,26,M101010100101100010010000000100100010000000001111
776,28,8,4,M101010100101100010010000000100100010000000001111
777,28,9,7,M101010100101100010010000000100100010000000001111
778,28,10,1,M101010100101100010010000000100100010000000001111
779,28,11,0,M101010100101100010010000000100100010000000001111
780,28,12,29,M101010100101100010010000000100100010000000001111
781,28,13,13,M101010100101100010010000000100100010000000001111
782,28,14,18,M101010100101100010010000000100100010000000001111
783,28,15,11,M101010100101100010010000000100100010000000001111
784,28,16,21,M101010100101100010010000000100100010000000001111
785,28,17,28,M101010100101100010010000000100100010000000001111
786,28,18,24,M101010100101100010010000000100100010000000001111
787,28,19,27,M101010100101100010010000000100100010000000001111
788,28,20,3,M101010100101100010010000000100100010000000001111
789,28,21,12,M101010100101100010010000000100100010000000001111
790,28,22,6,M101010100101100010010000000100100010000000001111
791,28,23,19,M101010100101100010010000000100100010000000001111
792,28,24,30,M101010100101100010010000000100100010000000001111
793,28,25,20,M101010100101100010010000000100100010000000001111
794,28,26,8,M101010100101100010010000000100100010000000001111
795,28,27,25,M101010100101100010010000000100100010000000001111
796,28,28,10,M101010100101100010010000000100100010000000001111
797,28,29,15,M101010100101100010010000000100100010000000001111
798,28,30,2,M101010100101100010010000000100100010000000001111
799,28,31,14,M101010100101100010010000000100100010000000001111
800,11,0,13,M010100000000010000010010010011110000010011010101
801,11,1,20,M010100000000010000010010010011110000010011010101
802,11,2,30,M010100000000010000010010010011110000010011010101
803,11,3,10,M010100000000010000010010010011110000010011010101
804,11,4,15,M010100000000010000010010010011110000010011010101
805,11,5,8,M010100000000010000010010010011110000010011010101
806,11,6,26,M010100000000010000010010010011110000010011010101
807,11,7,7,M010100000000010000010010010011110000010011010101
808,11,8,17,M010100000000010000010010010011110000010011010101
809,11,9,31,M010100000000010000010010010011110000010011010101
810,11,10,14,M010100000000010000010010010011110000010011010101
811,11,11,5,M010100000000010000010010010011110000010011010101
812,11,12,29,M010100000000010000010010010011110000010011010101
813,11,13,0,M010100000000010000010010010011110000010011010101
814,11,14,27,M010100000000010000010010010011110000010011010101
815,11,15,25,M010100000000010000010010010011110000010011010101
816,11,16,23,M010100000000010000010010010011110000010011010101
817,11,17,24,M010100000000010000010010010011110000010011010101
818,11,18,28,M010100000000010000010010010011110000010011010101
819,11,19,4,M010100000000010000010010010011110000010011010101
820,11,20,16,M010100000000010000010010010011110000010011010101
821,11,21,22,M010100000000010000010010010011110000010011010101
822,11,22,2,M010100000000010000010010010011110000010011010101
823,11,23,21,M010100000000010000010010010011110000010011010101
824,11,24,12,M010100000000010000010010010011110000010011010101
825,11,25,19,M010100000000010000010010010011110000010011010101
826,11,26,11,M010100000000010000010010010011110000010011010101
827,11,27,3,M010100000000010000010010010011110000010011010101
828,11,28,6,M010100000000010000010010010011110000010011010101
829,11,29,9,M010100000000010000010010010011110000010011010101
830,11,30,18,M010100000000010000010010010011110000010011010101
831,11,31,1,M010100000000010000010010010011110000010011010101
832,322,0,22,M000101100010000000000100100111000010110001110100
833,322,1,25,M000101100010000000000100100111000010110001110100
834,322,2,20,M000101100010000000000100100111000010110001110100
835,322,3,6,M000101100010000000000100100111000010110001110100
836,322,4,0,M000101100010000000000100100111000010110001110100
837,322,5,13,M000101100010000000000100100111000010110001110100
838,322,6,2,M000101100010000000000100100111000010110001110100
839,322,7,10,M000101100010000000000100100111000010110001110100
840,322,8,7,M000101100010000000000100100111000010110001110100
841,322,9,21,M000101100010000000000100100111000010110001110100
842,322,10,15,M000101100010000000000100100111000010110001110100
843,322,11,19,M000101100010000000000100100111000010110001110100
844,322,12,3,M000101100010000000000100100111000010110001110100
845,322,13,14,M000101100010000000000100100111000010110001110100
846,322,14,18,M000101100010000000000100100111000010110001110100
847,322,15,30,M000101100010000000000100100111000010110001110100
848,322,16,4,M000101100010000000000100100111000010110001110100
849,322,17,16,M000101100010000000000100100111000010110001110100
850,322,18,1,M000101100010000000000100100111000010110001110100
851,322,19,5,M000101100010000000000100100111000010110001110100
852,322,20,27,M000101100010000000000100100111000010110001110100
853,322,21,17,M000101100010000000000100100111000010110001110100
854,322,22,31,M000101100010000000000100100111000010110001110100
855,322,23,9,M000101100010000000000100100111000010110001110100
856,322,24,28,M000101100010000000000100100111000010110001110100
857,322,25,26,M000101100010000000000100100111000010110001110100
858,322,26,11,M000101100010000000000100100111000010110001110100
859,322,27,24,M000101100010000000000100100111000010110001110100
860,322,28,29,M000101100010000000000100100111000010110001110100
861,322,29,12,M000101100010000000000100100111000010110001110100
862,322,30,8,M000101100010000000000100100111000010110001110100
863,322,31,23,M000101100010000000000100100111000010110001110100
864,383,0,23,M101001001001010001000000000101000101000010001111
865,383,1,17,M101001001001010001000000000101000101000010001111
866,383,2,14,M101001001001010001000000000101000101000010001111
867,383,3,8,M101001001001010001000000000101000101000010001111
868,383,4,4,M101001001001010001000000000101000101000010001111
869,383,5,5,M101001001001010001000000000101000101000010001111
870,383,6,28,M101001001001010001000000000101000101000010001111
871,383,7,2,M101001001001010001000000000101000101000010001111
872,383,8,0,M101001001001010001000000000101000101000010001111
873,383,9,31,M101001001001010001000000000101000101000010001111
874,383,10,29,M101001001001010001000000000101000101000010001111
875,383,11,10,M101001001001010001000000000101000101000010001111
876,383,12,24,M101001001001010001000000000101000101000010001111
877,383,13,26,M101001001001010001000000000101000101000010001111
878,383,14,16,M101001001001010001000000000101000101000010001111
879,383,15,11,M101001001001010001000000000101000101000010001111
880,383,16,13,M101001001001010001000000000101000101000010001111
881,383,17,9,M101001001001010001000000000101000101000010001111
882,383,18,3,M101001001001010001000000000101000101000010001111
883,383,19,6,M101001001001010001000000000101000101000010001111
884,383,20,12,M101001001001010001000000000101000101000010001111
885,383,21,1,M101001001001010001000000000101000101000010001111
886,383,22,27,M101001001001010001000000000101000101000010001111
887,383,23,25,M101001001001010001000000000101000101000010001111
888,383,24,30,M101001001001010001000000000101000101000010001111
889,383,25,20,M101001001001010001000000000101000101000010001111
890,383,26,7,M101001001001010001000000000101000101000010001111
891,383,27,19,M101001001001010001000000000101000101000010001111
892,383,28,18,M101001001001010001000000000101000101000010001111
893,383,29,22,M101001001001010001000000000101000101000010001111
894,383,30,15,M101001001001010001000000000101000101000010001111
895,383,31,21,M101001001001010001000000000101000101000010001111
928,44,0,3,M111101000000000000100001001000001111000010101001
929,44,1,24,M111101000000000000100001001000001111000010101001
930,44,2,12,M111101000000000000100001001000001111000010101001
931,44,3,11,M111101000000000000100001001000001111000010101001
932,44,4,28,M111101000000000000100001001000001111000010101001
933,44,5,16,M111101000000000000100001001000001111000010101001
934,44,6,18,M111101000000000000100001001000001111000010101001
935,44,7,29,M111101000000000000100001001000001111000010101001
936,44,8,10,M111101000000000000100001001000001111000010101001
937,44,9,0,M111101000000000000100001001000001111000010101001
938,44,10,31,M111101000000000000100001001000001111000010101001
939,44,11,1,M111101000000000000100001001000001111000010101001
940,44,12,15,M111101000000000000100001001000001111000010101001
941,44,13,4,M111101000000000000100001001000001111000010101001
942,44,14,2,M111101000000000000100001001000001111000010101001
943,44,15,19,M111101000000000000100001001000001111000010101001
944,44,16,5,M111101000000000000100001001000001111000010101001
945,44,17,14,M111101000000000000100001001000001111000010101001
946,44,18,17,M111101000000000000100001001000001111000010101001
947,44,19,9,M111101000000000000100001001000001111000010101001
948,44,20,21,M111101000000000000100001001000001111000010101001
949,44,21,13,M111101000000000000100001001000001111000010101001
950,44,22,27,M111101000000000000100001001000001111000010101001
951,44,23,6,M111101000000000000100001001000001111000010101001
952,44,24,23,M111101000000000000100001001000001111000010101001
953,44,25,7,M111101000000000000100001001000001111000010101001
954,44,26,22,M111101000000000000100001001000001111000010101001
955,44,27,25,M111101000000000000100001001000001111000010101001
956,44,28,26,M111101000000000000100001001000001111000010101001
957,44,29,20,M111101000000000000100001001000001111000010101001
958,44,30,30,M111101000000000000100001001000001111000010101001
959,44,31,8,M111101000000000000100001001000001111000010101001
960,426,0,13,M110110000110100000001000010000000000100110111001
961,426,1,19,M110110000110100000001000010000000000100110111001
962,426,2,7,M110110000110100000001000010000000000100110111001
963,426,3,27,M110110000110100000001000010000000000100110111001
964,426,4,24,M110110000110100000001000010000000000100110111001
965,426,5,15,M110110000110100000001000010000000000100110111001
966,426,6,0,M110110000110100000001000010000000000100110111001
967,426,7,8,M110110000110100000001000010000000000100110111001
968,426,8,17,M110110000110100000001000010000000000100110111001
969,426,9,6,M110110000110100000001000010000000000100110111001
970,426,10,21,M110110000110100000001000010000000000100110111001
971,426,11,31,M110110000110100000001000010000000000100110111001
972,426,12,14,M110110000110100000001000010000000000100110111001
973,426,13,25,M110110000110100000001000010000000000100110111001
974,426,14,28,M110110000110100000001000010000000000100110111001
975,426,15,18,M110110000110100000001000010000000000100110111001
976,426,16,1,M110110000110100000001000010000000000100110111001
977,426,17,2,M110110000110100000001000010000000000100110111001
978,426,18,26,M110110000110100000001000010000000000100110111001
979,426,19,23,M110110000110100000001000010000000000100110111001
980,426,20,29,M110110000110100000001000010000000000100110111001
981,426,21,11,M110110000110100000001000010000000000100110111001
982,426,22,9,M110110000110100000001000010000000000100110111001
983,426,23,5,M110110000110100000001000010000000000100110111001
984,426,24,16,M110110000110100000001000010000000000100110111001
985,426,25,3,M110110000110100000001000010000000000100110111001
986,426,26,22,M110110000110100000001000010000000000100110111001
987,426,27,30,M110110000110100000001000010000000000100110111001
988,426,28,12,M110110000110100000001000010000000000100110111001
989,426,29,10,M110110000110100000001000010000000000100110111001
990,426,30,4,M110110000110100000001000010000000000100110111001
991,426,31,20,M110110000110100000001000010000000000100110111001
992,575,0,3,M001101010001000011111000100010001000000100101000
993,575,1,12,M001101010001000011111000100010001000000100101000
994,575,2,28,M001101010001000011111000100010001000000100101000
995,575,3,10,M001101010001000011111000100010001000000100101000
996,575,4,4,M001101010001000011111000100010001000000100101000
997,575,5,5,M001101010001000011111000100010001000000100101000
998,575,6,0,M001101010001000011111000100010001000000100101000
999,575,7,18,M001101010001000011111000100010001000000100101000
1000,575,8,7,M001101010001000011111000100010001000000100101000
1001,575,9,8,M001101010001000011111000100010001000000100101000
1002,575,10,6,M001101010001000011111000100010001000000100101000
1003,575,11,15,M001101010001000011111000100010001000000100101000
1004,575,12,20,M001101010001000011111000100010001000000100101000
1005,575,13,24,M001101010001000011111000100010001000000100101000
1006,575,14,11,M001101010001000011111000100010001000000100101000
1007,575,15,14,M001101010001000011111000100010001000000100101000
1008,575,16,16,M001101010001000011111000100010001000000100101000
1009,575,17,19,M001101010001000011111000100010001000000100101000
1010,575,18,13,M001101010001000011111000100010001000000100101000
1011,575,19,23,M001101010001000011111000100010001000000100101000
1012,575,20,17,M001101010001000011111000100010001000000100101000
1013,575,21,27,M001101010001000011111000100010001000000100101000
1014,575,22,22,M001101010001000011111000100010001000000100101000
1015,575,23,31,M001101010001000011111000100010001000000100101000
1016,575,24,21,M001101010001000011111000100010001000000100101000
1017,575,25,29,M001101010001000011111000100010001000000100101000
1018,575,26,1,M001101010001000011111000100010001000000100101000
1019,575,27,9,M001101010001000011111000100010001000000100101000
1020,575,28,25,M001101010001000011111000100010001000000100101000
1021,575,29,26,M001101010001000011111000100010001000000100101000
1022,575,30,30,M001101010001000011111000100010001000000100101000
1023,575,31,2,M001101010001000011111000100010001000000100101000
1056,234,0,23,M111100001100100010011100000000010000100100010100
1057,234,1,21,M111100001100100010011100000000010000100100010100
1058,234,2,29,M111100001100100010011100000000010000100100010100
1059,234,3,7,M111100001100100010011100000000010000100100010100
1060,234,4,22,M111100001100100010011100000000010000100100010100
1061,234,5,19,M111100001100100010011100000000010000100100010100
1062,234,6,24,M111100001100100010011100000000010000100100010100
1063,234,7,12,M111100001100100010011100000000010000100100010100
1064,234,8,30,M111100001100100010011100000000010000100100010100
1065,234,9,1,M111100001100100010011100000000010000100100010100
1066,234,10,14,M111100001100100010011100000000010000100100010100
1067,234,11,2,M111100001100100010011100000000010000100100010100
1068,234,12,10,M111100001100100010011100000000010000100100010100
1069,234,13,0,M111100001100100010011100000000010000100100010100
1070,234,14,3,M111100001100100010011100000000010000100100010100
1071,234,15,18,M111100001100100010011100000000010000100100010100
1072,234,16,25,M111100001100100010011100000000010000100100010100
1073,234,17,15,M111100001100100010011100000000010000100100010100
1074,234,18,20,M111100001100100010011100000000010000100100010100
1075,234,19,4,M111100001100100010011100000000010000100100010100
1076,234,20,5,M111100001100100010011100000000010000100100010100
1077,234,21,8,M111100001100100010011100000000010000100100010100
1078,234,22,13,M111100001100100010011100000000010000100100010100
1079,234,23,16,M111100001100100010011100000000010000100100010100
1080,234,24,11,M111100001100100010011100000000010000100100010100
1081,234,25,26,M111100001100100010011100000000010000100100010100
1082,234,26,27,M111100001100100010011100000000010000100100010100
1083,234,27,31,M111100001100100010011100000000010000100100010100
1084,234,28,6,M111100001100100010011100000000010000100100010100
1085,234,29,28,M111100001100100010011100000000010000100100010100
1086,234,30,9,M111100001100100010011100000000010000100100010100
1087,234,31,17,M111100001100100010011100000000010000100100010100
1088,58,0,10,M100010001001000101011000010000000000100010011111
1089,58,1,11,M100010001001000101011000010000000000100010011111
1090,58,2,4,M100010001001000101011000010000000000100010011111
1091,58,3,0,M100010001001000101011000010000000000100010011111
1092,58,4,3,M100010001001000101011000010000000000100010011111
1093,58,5,22,M100010001001000101011000010000000000100010011111
1094,58,6,1,M100010001001000101011000010000000000100010011111
1095,58,7,9,M100010001001000101011000010000000000100010011111
1096,58,8,29,M100010001001000101011000010000000000100010011111
1097,58,9,26,M100010001001000101011000010000000000100010011111
1098,58,10,13,M100010001001000101011000010000000000100010011111
1099,58,11,8,M100010001001000101011000010000000000100010011111
1100,58,12,25,M100010001001000101011000010000000000100010011111
1101,58,13,27,M100010001001000101011000010000000000100010011111
1102,58,14,31,M100010001001000101011000010000000000100010011111
1103,58,15,6,M100010001001000101011000010000000000100010011111
1104,58,16,24,M100010001001000101011000010000000000100010011111
1105,58,17,14,M100010001001000101011000010000000000100010011111
1106,58,18,21,M100010001001000101011000010000000000100010011111
1107,58,19,15,M100010001001000101011000010000000000100010011111
1108,58,20,12,M100010001001000101011000010000000000100010011111
1109,58,21,19,M100010001001000101011000010000000000100010011111
1110,58,22,20,M100010001001000101011000010000000000100010011111
1111,58,23,2,M100010001001000101011000010000000000100010011111
1112,58,24,17,M100010001001000101011000010000000000100010011111
1113,58,25,28,M100010001001000101011000010000000000100010011111
1114,58,26,16,M100010001001000101011000010000000000100010011111
1115,58,27,23,M100010001001000101011000010000000000100010011111
1116,58,28,7,M100010001001000101011000010000000000100010011111
1117,58,29,5,M100010001001000101011000010000000000100010011111
1118,58,30,30,M100010001001000101011000010000000000100010011111
1119,58,31,18,M100010001001000101011000010000000000100010011111
1120,557,0,4,M111001010000011001000000000000001000010000111111
1121,557,1,18,M111001010000011001000000000000001000010000111111
1122,557,2,7,M111001010000011001000000000000001000010000111111
1123,557,3,22,M111001010000011001000000000000001000010000111111
1124,557,4,16,M111001010000011001000000000000001000010000111111
1125,557,5,8,M111001010000011001000000000000001000010000111111
1126,557,6,30,M111001010000011001000000000000001000010000111111
1127,557,7,28,M111001010000011001000000000000001000010000111111
1128,557,8,23,M111001010000011001000000000000001000010000111111
1129,557,9,27,M111001010000011001000000000000001000010000111111
1130,557,10,5,M111001010000011001000000000000001000010000111111
1131,557,11,14,M111001010000011001000000000000001000010000111111
1132,557,12,31,M111001010000011001000000000000001000010000111111
1133,557,13,1,M111001010000011001000000000000001000010000111111
1134,557,14,20,M111001010000011001000000000000001000010000111111
1135,557,15,2,M111001010000011001000000000000001000010000111111
1136,557,16,10,M111001010000011001000000000000001000010000111111
1137,557,17,17,M111001010000011001000000000000001000010000111111
1138,557,18,0,M111001010000011001000000000000001000010000111111
1139,557,19,6,M111001010000011001000000000000001000010000111111
1140,557,20,19,M111001010000011001000000000000001000010000111111
1141,557,21,24,M111001010000011001000000000000001000010000111111
1142,557,22,3,M111001010000011001000000000000001000010000111111
1143,557,23,11,M111001010000011001000000000000001000010000111111
1144,557,24,15,M111001010000011001000000000000001000010000111111
1145,557,25,9,M111001010000011001000000000000001000010000111111
1146,557,26,13,M111001010000011001000000000000001000010000111111
1147,557,27,29,M111001010000011001000000000000001000010000111111
1148,557,28,25,M111001010000011001000000000000001000010000111111
1149,557,29,12,M111001010000011001000000000000001000010000111111
1150,557,30,21,M111001010000011001000000000000001000010000111111
1151,557,31,26,M111001010000011001000000000000001000010000111111
1152,258,0,16,M011001010100111100001000000000001001010000100110
1153,258,1,6,M011001010100111100001000000000001001010000100110
1154,258,2,28,M011001010100111100001000000000001001010000100110
1155,258,3,12,M011001010100111100001000000000001001010000100110
1156,258,4,10,M011001010100111100001000000000001001010000100110
1157,258,5,23,M011001010100111100001000000000001001010000100110
1158,258,6,4,M011001010100111100001000000000001001010000100110
1159,258,7,27,M011001010100111100001000000000001001010000100110
1160,258,8,0,M011001010100111100001000000000001001010000100110
1161,258,9,8,M011001010100111100001000000000001001010000100110
1162,258,10,1,M011001010100111100001000000000001001010000100110
1163,258,11,30,M011001010100111100001000000000001001010000100110
1164,258,12,7,M011001010100111100001000000000001001010000100110
1165,258,13,2,M011001010100111100001000000000001001010000100110
1166,258,14,3,M011001010100111100001000000000001001010000100110
1167,258,15,14,M011001010100111100001000000000001001010000100110
1168,258,16,15,M011001010100111100001000000000001001010000100110
1169,258,17,19,M011001010100111100001000000000001001010000100110
1170,258,18,29,M011001010100111100001000000000001001010000100110
1171,258,19,24,M011001010100111100001000000000001001010000100110
1172,258,20,18,M011001010100111100001000000000001001010000100110
1173,258,21,20,M011001010100111100001000000000001001010000100110
1174,258,22,26,M011001010100111100001000000000001001010000100110
1175,258,23,17,M011001010100111100001000000000001001010000100110
1176,258,24,22,M011001010100111100001000000000001001010000100110
1177,258,25,11,M011001010100111100001000000000001001010000100110
1178,258,26,25,M011001010100111100001000000000001001010000100110
1179,258,27,13,M011001010100111100001000000000001001010000100110
1180,258,28,31,M011001010100111100001000000000001001010000100110
1181,258,29,9,M011001010100111100001000000000001001010000100110
1182,258,30,21,M011001010100111100001000000000001001010000100110
1183,258,31,5,M011001010100111100001000000000001001010000100110
1184,355,0,7,M011100100100100100010000000001000100011100001101
1185,355,1,2,M011100100100100100010000000001000100011100001101
1186,355,2,14,M011100100100100100010000000001000100011100001101
1187,355,3,11,M011100100100100100010000000001000100011100001101
1188,355,4,26,M011100100100100100010000000001000100011100001101
1189,355,5,3,M011100100100100100010000000001000100011100001101
1190,355,6,27,M011100100100100100010000000001000100011100001101
1191,355,7,31,M011100100100100100010000000001000100011100001101
1192,355,8,5,M011100100100100100010000000001000100011100001101
1193,355,9,24,M011100100100100100010000000001000100011100001101
1194,355,10,16,M011100100100100100010000000001000100011100001101
1195,355,11,23,M011100100100100100010000000001000100011100001101
1196,355,12,22,M011100100100100100010000000001000100011100001101
1197,355,13,20,M011100100100100100010000000001000100011100001101
1198,355,14,10,M011100100100100100010000000001000100011100001101
1199,355,15,30,M011100100100100100010000000001000100011100001101
1200,355,16,0,M011100100100100100010000000001000100011100001101
1201,355,17,29,M011100100100100100010000000001000100011100001101
1202,355,18,17,M011100100100100100010000000001000100011100001101
1203,355,19,1,M011100100100100100010000000001000100011100001101
1204,355,20,12,M011100100100100100010000000001000100011100001101
1205,355,21,4,M011100100100100100010000000001000100011100001101
1206,355,22,21,M011100100100100100010000000001000100011100001101
1207,355,23,9,M011100100100100100010000000001000100011100001101
1208,355,24,28,M011100100100100100010000000001000100011100001101
1209,355,25,13,M011100100100100100010000000001000100011100001101
1210,355,26,15,M011100100100100100010000000001000100011100001101
1211,355,27,6,M011100100100100100010000000001000100011100001101
1212,355,28,18,M011100100100100100010000000001000100011100001101
1213,355,29,8,M011100100100100100010000000001000100011100001101
1214,355,30,19,M011100100100100100010000000001000100011100001101
1215,355,31,25,M011100100100100100010000000001000100011100001101
1280,198,0,1,M000010001010100010101101001001000000010001001011
1281,198,1,31,M000010001010100010101101001001000000010001001011
1282,198,2,20,M000010001010100010101101001001000000010001001011
1283,198,3,18,M000010001010100010101101001001000000010001001011
1284,198,4,14,M000010001010100010101101001001000000010001001011
1285,198,5,27,M000010001010100010101101001001000000010001001011
1286,198,6,28,M000010001010100010101101001001000000010001001011
1287,198,7,5,M000010001010100010101101001001000000010001001011
1288,198,8,8,M000010001010100010101101001001000000010001001011
1289,198,9,10,M000010001010100010101101001001000000010001001011
1290,198,10,22,M000010001010100010101101001001000000010001001011
1291,198,11,26,M000010001010100010101101001001000000010001001011
1292,198,12,4,M000010001010100010101101001001000000010001001011
1293,198,13,11,M000010001010100010101101001001000000010001001011
1294,198,14,19,M000010001010100010101101001001000000010001001011
1295,198,15,25,M000010001010100010101101001001000000010001001011
1296,198,16,16,M000010001010100010101101001001000000010001001011
1297,198,17,2,M000010001010100010101101001001000000010001001011
1298,198,18,30,M000010001010100010101101001001000000010001001011
1299,198,19,0,M000010001010100010101101001001000000010001001011
1300,198,20,13,M000010001010100010101101001001000000010001001011
1301,198,21,9,M000010001010100010101101001001000000010001001011
1302,198,22,7,M000010001010100010101101001001000000010001001011
1303,198,23,6,M000010001010100010101101001001000000010001001011
1304,198,24,23,M000010001010100010101101001001000000010001001011
1305,198,25,21,M000010001010100010101101001001000000010001001011
1306,198,26,24,M000010001010100010101101001001000000010001001011
1307,198,27,15,M000010001010100010101101001001000000010001001011
1308,198,28,3,M000010001010100010101101001001000000010001001011
1309,198,29,29,M000010001010100010101101001001000000010001001011
1310,198,30,12,M000010001010100010101101001001000000010001001011
1311,198,31,17,M000010001010100010101101001001000000010001001011
1312,151,0,4,M100001000000000100101100000101101000001010101011
1313,151,1,9,M100001000000000100101100000101101000001010101011
1314,151,2,17,M100001000000000100101100000101101000001010101011
1315,151,3,1,M100001000000000100101100000101101000001010101011
1316,151,4,12,M100001000000000100101100000101101000001010101011
1317,151,5,20,M100001000000000100101100000101101000001010101011
1318,151,6,8,M100001000000000100101100000101101000001010101011
1319,151,7,28,M100001000000000100101100000101101000001010101011
1320,151,8,19,M100001000000000100101100000101101000001010101011
1321,151,9,14,M100001000000000100101100000101101000001010101011
1322,151,10,25,M100001000000000100101100000101101000001010101011
1323,151,11,21,M100001000000000100101100000101101000001010101011
1324,151,12,7,M100001000000000100101100000101101000001010101011
1325,151,13,0,M100001000000000100101100000101101000001010101011
1326,151,14,16,M100001000000000100101100000101101000001010101011
1327,151,15,31,M100001000000000100101100000101101000001010101011
1328,151,16,24,M100001000000000100101100000101101000001010101011
1329,151,17,23,M100001000000000100101100000101101000001010101011
1330,151,18,5,M100001000000000100101100000101101000001010101011
1331,151,19,15,M100001000000000100101100000101101000001010101011
1332,151,20,27,M100001000000000100101100000101101000001010101011
1333,151,21,30,M100001000000000100101100000101101000001010101011
1334,151,22,10,M100001000000000100101100000101101000001010101011
1335,151,23,26,M100001000000000100101100000101101000001010101011
1336,151,24,18,M100001000000000100101100000101101000001010101011
1337,151,25,22,M100001000000000100101100000101101000001010101011
1338,151,26,29,M100001000000000100101100000101101000001010101011
1339,151,27,2,M100001000000000100101100000101101000001010101011
1340,151,28,11,M100001000000000100101100000101101000001010101011
1341,151,29,6,M100001000000000100101100000101101000001010101011
1342,151,30,3,M100001000000000100101100000101101000001010101011
1343,151,31,13,M100001000000000100101100000101101000001010101011
1376,314,0,8,M110011010000010111110000011000000000000001100100
1377,314,1,24,M110011010000010111110000011000000000000001100100
1378,314,2,19,M110011010000010111110000011000000000000001100100
1379,314,3,5,M110011010000010111110000011000000000000001100100
1380,314,4,14,M110011010000010111110000011000000000000001100100
1381,314,5,20,M110011010000010111110000011000000000000001100100
1382,314,6,16,M110011010000010111110000011000000000000001100100
1383,314,7,21,M110011010000010111110000011000000000000001100100
1384,314,8,17,M110011010000010111110000011000000000000001100100
1385,314,9,2,M110011010000010111110000011000000000000001100100
1386,314,10,10,M110011010000010111110000011000000000000001100100
1387,314,11,23,M110011010000010111110000011000000000000001100100
1388,314,12,1,M110011010000010111110000011000000000000001100100
1389,314,13,9,M110011010000010111110000011000000000000001100100
1390,314,14,27,M110011010000010111110000011000000000000001100100
1391,314,15,3,M110011010000010111110000011000000000000001100100
1392,314,16,11,M110011010000010111110000011000000000000001100100
1393,314,17,30,M110011010000010111110000011000000000000001100100
1394,314,18,22,M110011010000010111110000011000000000000001100100
1395,314,19,18,M110011010000010111110000011000000000000001100100
1396,314,20,31,M110011010000010111110000011000000000000001100100
1397,314,21,29,M110011010000010111110000011000000000000001100100
1398,314,22,7,M110011010000010111110000011000000000000001100100
1399,314,23,13,M110011010000010111110000011000000000000001100100
1400,314,24,0,M110011010000010111110000011000000000000001100100
1401,314,25,6,M110011010000010111110000011000000000000001100100
1402,314,26,4,M110011010000010111110000011000000000000001100100
1403,314,27,12,M110011010000010111110000011000000000000001100100
1404,314,28,26,M110011010000010111110000011000000000000001100100
1405,314,29,25,M110011010000010111110000011000000000000001100100
1406,314,30,28,M110011010000010111110000011000000000000001100100
1407,314,31,15,M110011010000010111110000011000000000000001100100
1408,119,0,18,M011101010101000000110000000100110000000100011010
1409,119,1,12,M011101010101000000110000000100110000000100011010
1410,119,2,20,M011101010101000000110000000100110000000100011010
1411,119,3,23,M011101010101000000110000000100110000000100011010
1412,119,4,28,M011101010101000000110000000100110000000100011010
1413,119,5,14,M011101010101000000110000000100110000000100011010
1414,119,6,1,M011101010101000000110000000100110000000100011010
1415,119,7,10,M011101010101000000110000000100110000000100011010
1416,119,8,5,M011101010101000000110000000100110000000100011010
1417,119,9,3,M011101010101000000110000000100110000000100011010
1418,119,10,15,M011101010101000000110000000100110000000100011010
1419,119,11,31,M011101010101000000110000000100110000000100011010
1420,119,12,7,M011101010101000000110000000100110000000100011010
1421,119,13,6,M011101010101000000110000000100110000000100011010
1422,119,14,0,M011101010101000000110000000100110000000100011010
1423,119,15,30,M011101010101000000110000000100110000000100011010
1424,119,16,16,M011101010101000000110000000100110000000100011010
1425,119,17,11,M011101010101000000110000000100110000000100011010
1426,119,18,13,M011101010101000000110000000100110000000100011010
1427,119,19,26,M011101010101000000110000000100110000000100011010
1428,119,20,2,M011101010101000000110000000100110000000100011010
1429,119,21,21,M011101010101000000110000000100110000000100011010
1430,119,22,29,M011101010101000000110000000100110000000100011010
1431,119,23,24,M011101010101000000110000000100110000000100011010
1432,119,24,22,M011101010101000000110000000100110000000100011010
1433,119,25,17,M011101010101000000110000000100110000000100011010
1434,119,26,27,M011101010101000000110000000100110000000100011010
1435,119,27,4,M011101010101000000110000000100110000000100011010
1436,119,28,9,M011101010101000000110000000100110000000100011010
1437,119,29,25,M011101010101000000110000000100110000000100011010
1438,119,30,8,M011101010101000000110000000100110000000100011010
1439,119,31,19,M011101010101000000110000000100110000000100011010
1440,464,0,21,M111011001000100000001010000001010000001000011110
1441,464,1,17,M111011001000100000001010000001010000001000011110
1442,464,2,0,M111011001000100000001010000001010000001000011110
1443,464,3,30,M111011001000100000001010000001010000001000011110
1444,464,4,25,M111011001000100000001010000001010000001000011110
1445,464,5,23,M111011001000100000001010000001010000001000011110
1446,464,6,1,M111011001000100000001010000001010000001000011110
1447,464,7,12,M111011001000100000001010000001010000001000011110
1448,464,8,2,M111011001000100000001010000001010000001000011110
1449,464,9,19,M111011001000100000001010000001010000001000011110
1450,464,10,28,M111011001000100000001010000001010000001000011110
1451,464,11,9,M111011001000100000001010000001010000001000011110
1452,464,12,4,M111011001000100000001010000001010000001000011110
1453,464,13,18,M111011001000100000001010000001010000001000011110
1454,464,14,26,M111011001000100000001010000001010000001000011110
1455,464,15,27,M111011001000100000001010000001010000001000011110
1456,464,16,29,M111011001000100000001010000001010000001000011110
1457,464,17,20,M111011001000100000001010000001010000001000011110
1458,464,18,6,M111011001000100000001010000001010000001000011110
1459,464,19,31,M111011001000100000001010000001010000001000011110
1460,464,20,15,M111011001000100000001010000001010000001000011110
1461,464,21,24,M111011001000100000001010000001010000001000011110
1462,464,22,8,M111011001000100000001010000001010000001000011110
1463,464,23,11,M111011001000100000001010000001010000001000011110
1464,464,24,13,M111011001000100000001010000001010000001000011110
1465,464,25,5,M111011001000100000001010000001010000001000011110
1466,464,26,7,M111011001000100000001010000001010000001000011110
1467,464,27,14,M111011001000100000001010000001010000001000011110
1468,464,28,10,M111011001000100000001010000001010000001000011110
1469,464,29,3,M111011001000100000001010000001010000001000011110
1470,464,30,22,M111011001000100000001010000001010000001000011110
1471,464,31,16,M111011001000100000001010000001010000001000011110
1472,410,0,6,M011100010000100011001000100000100001100000101011
1473,410,1,0,M011100010000100011001000100000100001100000101011
1474,410,2,3,M011100010000100011001000100000100001100000101011
1475,410,3,25,M011100010000100011001000100000100001100000101011
1476,410,4,7,M011100010000100011001000100000100001100000101011
1477,410,5,15,M011100010000100011001000100000100001100000101011
1478,410,6,1,M011100010000100011001000100000100001100000101011
1479,410,7,19,M011100010000100011001000100000100001100000101011
1480,410,8,13,M011100010000100011001000100000100001100000101011
1481,410,9,8,M011100010000100011001000100000100001100000101011
1482,410,10,31,M011100010000100011001000100000100001100000101011
1483,410,11,11,M011100010000100011001000100000100001100000101011
1484,410,12,26,M011100010000100011001000100000100001100000101011
1485,410,13,17,M011100010000100011001000100000100001100000101011
1486,410,14,28,M011100010000100011001000100000100001100000101011
1487,410,15,29,M011100010000100011001000100000100001100000101011
1488,410,16,10,M011100010000100011001000100000100001100000101011
1489,410,17,23,M011100010000100011001000100000100001100000101011
1490,410,18,24,M011100010000100011001000100000100001100000101011
1491,410,19,2,M011100010000100011001000100000100001100000101011
1492,410,20,4,M011100010000100011001000100000100001100000101011
1493,410,21,12,M011100010000100011001000100000100001100000101011
1494,410,22,14,M011100010000100011001000100000100001100000101011
1495,410,23,22,M011100010000100011001000100000100001100000101011
1496,410,24,18,M011100010000100011001000100000100001100000101011
1497,410,25,5,M011100010000100011001000100000100001100000101011
1498,410,26,20,M011100010000100011001000100000100001100000101011
1499,410,27,21,M011100010000100011001000100000100001100000101011
1500,410,28,9,M011100010000100011001000100000100001100000101011
1501,410,29,30,M011100010000100011001000100000100001100000101011
1502,410,30,16,M011100010000100011001000100000100001100000101011
1503,410,31,27,M011100010000100011001000100000100001100000101011
1536,251,0,16,M110101000100000000001010100000011000010000111110
1537,251,1,29,M110101000100000000001010100000011000010000111110
1538,251,2,27,M110101000100000000001010100000011000010000111110
1539,251,3,3,M110101000100000000001010100000011000010000111110
1540,251,4,17,M110101000100000000001010100000011000010000111110
1541,251,5,13,M110101000100000000001010100000011000010000111110
1542,251,6,22,M110101000100000000001010100000011000010000111110
1543,251,7,12,M110101000100000000001010100000011000010000111110
1544,251,8,6,M110101000100000000001010100000011000010000111110
1545,251,9,14,M110101000100000000001010100000011000010000111110
1546,251,10,20,M110101000100000000001010100000011000010000111110
1547,251,11,28,M110101000100000000001010100000011000010000111110
1548,251,12,5,M110101000100000000001010100000011000010000111110
1549,251,13,30,M110101000100000000001010100000011000010000111110
1550,251,14,1,M110101000100000000001010100000011000010000111110
1551,251,15,11,M110101000100000000001010100000011000010000111110
1552,251,16,2,M110101000100000000001010100000011000010000111110
1553,251,17,9,M110101000100000000001010100000011000010000111110
1554,251,18,25,M110101000100000000001010100000011000010000111110
1555,251,19,23,M110101000100000000001010100000011000010000111110
1556,251,20,15,M110101000100000000001010100000011000010000111110
1557,251,21,19,M110101000100000000001010100000011000010000111110
1558,251,22,31,M110101000100000000001010100000011000010000111110
1559,251,23,24,M110101000100000000001010100000011000010000111110
1560,251,24,21,M110101000100000000001010100000011000010000111110
1561,251,25,7,M110101000100000000001010100000011000010000111110
1562,251,26,4,M110101000100000000001010100000011000010000111110
1563,251,27,0,M110101000100000000001010100000011000010000111110
1564,251,28,18,M110101000100000000001010100000011000010000111110
1565,251,29,8,M110101000100000000001010100000011000010000111110
1566,251,30,26,M110101000100000000001010100000011000010000111110
1567,251,31,10,M110101000100000000001010100000011000010000111110
1568,79,0,31,M001001000100010011110000010000100100000011110100
1569,79,1,1,M001001000100010011110000010000100100000011110100
1570,79,2,11,M001001000100010011110000010000100100000011110100
1571,79,3,23,M001001000100010011110000010000100100000011110100
1572,79,4,6,M001001000100010011110000010000100100000011110100
1573,79,5,5,M001001000100010011110000010000100100000011110100
1574,79,6,9,M001001000100010011110000010000100100000011110100
1575,79,7,25,M001001000100010011110000010000100100000011110100
1576,79,8,16,M001001000100010011110000010000100100000011110100
1577,79,9,17,M001001000100010011110000010000100100000011110100
1578,79,10,14,M001001000100010011110000010000100100000011110100
1579,79,11,4,M001001000100010011110000010000100100000011110100
1580,79,12,10,M001001000100010011110000010000100100000011110100
1581,79,13,22,M001001000100010011110000010000100100000011110100
1582,79,14,21,M001001000100010011110000010000100100000011110100
1583,79,15,18,M001001000100010011110000010000100100000011110100
1584,79,16,19,M001001000100010011110000010000100100000011110100
1585,79,17,8,M001001000100010011110000010000100100000011110100
1586,79,18,24,M001001000100010011110000010000100100000011110100
1587,79,19,20,M001001000100010011110000010000100100000011110100
1588,79,20,0,M001001000100010011110000010000100100000011110100
1589,79,21,27,M001001000100010011110000010000100100000011110100
1590,79,22,7,M001001000100010011110000010000100100000011110100
1591,79,23,13,M001001000100010011110000010000100100000011110100
1592,79,24,2,M001001000100010011110000010000100100000011110100
1593,79,25,28,M001001000100010011110000010000100100000011110100
1594,79,26,29,M001001000100010011110000010000100100000011110100
1595,79,27,26,M001001000100010011110000010000100100000011110100
1596,79,28,30,M001001000100010011110000010000100100000011110100
1597,79,29,15,M001001000100010011110000010000100100000011110100
1598,79,30,3,M001001000100010011110000010000100100000011110100
1599,79,31,12,M001001000100010011110000010000100100000011110100
1632,524,0,8,M011110000001110001100100000100000000110000101010
1633,524,1,26,M011110000001110001100100000100000000110000101010
1634,524,2,3,M011110000001110001100100000100000000110000101010
1635,524,3,19,M011110000001110001100100000100000000110000101010
1636,524,4,10,M011110000001110001100100000100000000110000101010
1637,524,5,9,M011110000001110001100100000100000000110000101010
1638,524,6,28,M011110000001110001100100000100000000110000101010
1639,524,7,22,M011110000001110001100100000100000000110000101010
1640,524,8,7,M011110000001110001100100000100000000110000101010
1641,524,9,15,M011110000001110001100100000100000000110000101010
1642,524,10,21,M011110000001110001100100000100000000110000101010
1643,524,11,31,M011110000001110001100100000100000000110000101010
1644,524,12,0,M011110000001110001100100000100000000110000101010
1645,524,13,18,M011110000001110001100100000100000000110000101010
1646,524,14,23,M011110000001110001100100000100000000110000101010
1647,524,15,2,M011110000001110001100100000100000000110000101010
1648,524,16,1,M011110000001110001100100000100000000110000101010
1649,524,17,6,M011110000001110001100100000100000000110000101010
1650,524,18,12,M011110000001110001100100000100000000110000101010
1651,524,19,27,M011110000001110001100100000100000000110000101010
1652,524,20,5,M011110000001110001100100000100000000110000101010
1653,524,21,4,M011110000001110001100100000100000000110000101010
1654,524,22,30,M011110000001110001100100000100000000110000101010
1655,524,23,25,M011110000001110001100100000100000000110000101010
1656,524,24,17,M011110000001110001100100000100000000110000101010
1657,524,25,29,M011110000001110001100100000100000000110000101010
1658,524,26,13,M011110000001110001100100000100000000110000101010
1659,524,27,11,M011110000001110001100100000100000000110000101010
1660,524,28,16,M011110000001110001100100000100000000110000101010
1661,524,29,24,M011110000001110001100100000100000000110000101010
1662,524,30,20,M011110000001110001100100000100000000110000101010
1663,524,31,14,M011110000001110001100100000100000000110000101010
1664,221,0,28,M111100100000000010011011001011000000000001100001
1665,221,1,16,M111100100000000010011011001011000000000001100001
1666,221,2,10,M111100100000000010011011001011000000000001100001
1667,221,3,23,M111100100000000010011011001011000000000001100001
1668,221,4,14,M111100100000000010011011001011000000000001100001
1669,221,5,2,M111100100000000010011011001011000000000001100001
1670,221,6,30,M111100100000000010011011001011000000000001100001
1671,221,7,31,M111100100000000010011011001011000000000001100001
1672,221,8,15,M111100100000000010011011001011000000000001100001
1673,221,9,19,M111100100000000010011011001011000000000001100001
1674,221,10,25,M111100100000000010011011001011000000000001100001
1675,221,11,0,M111100100000000010011011001011000000000001100001
1676,221,12,17,M111100100000000010011011001011000000000001100001
1677,221,13,11,M111100100000000010011011001011000000000001100001
1678,221,14,26,M111100100000000010011011001011000000000001100001
1679,221,15,7,M111100100000000010011011001011000000000001100001
1680,221,16,27,M111100100000000010011011001011000000000001100001
1681,221,17,12,M111100100000000010011011001011000000000001100001
1682,221,18,24,M111100100000000010011011001011000000000001100001
1683,221,19,6,M111100100000000010011011001011000000000001100001
1684,221,20,22,M111100100000000010011011001011000000000001100001
1685,221,21,5,M111100100000000010011011001011000000000001100001
1686,221,22,18,M111100100000000010011011001011000000000001100001
1687,221,23,3,M111100100000000010011011001011000000000001100001
1688,221,24,8,M111100100000000010011011001011000000000001100001
1689,221,25,1,M111100100000000010011011001011000000000001100001
1690,221,26,9,M111100100000000010011011001011000000000001100001
1691,221,27,20,M111100100000000010011011001011000000000001100001
1692,221,28,21,M111100100000000010011011001011000000000001100001
1693,221,29,13,M111100100000000010011011001011000000000001100001
1694,221,30,4,M111100100000000010011011001011000000000001100001
1695,221,31,29,M111100100000000010011011001011000000000001100001
1696,141,0,13,M001011110100010000000000001101000001001000011101
1697,141,1,29,M001011110100010000000000001101000001001000011101
1698,141,2,24,M001011110100010000000000001101000001001000011101
1699,141,3,18,M001011110100010000000000001101000001001000011101
1700,141,4,11,M001011110100010000000000001101000001001000011101
1701,141,5,16,M001011110100010000000000001101000001001000011101
1702,141,6,25,M001011110100010000000000001101000001001000011101
1703,141,7,2,M001011110100010000000000001101000001001000011101
1704,141,8,17,M001011110100010000000000001101000001001000011101
1705,141,9,23,M001011110100010000000000001101000001001000011101
1706,141,10,6,M001011110100010000000000001101000001001000011101
1707,141,11,7,M001011110100010000000000001101000001001000011101
1708,141,12,15,M001011110100010000000000001101000001001000011101
1709,141,13,26,M001011110100010000000000001101000001001000011101
1710,141,14,31,M001011110100010000000000001101000001001000011101
1711,141,15,14,M001011110100010000000000001101000001001000011101
1712,141,16,0,M001011110100010000000000001101000001001000011101
1713,141,17,21,M001011110100010000000000001101000001001000011101
1714,141,18,4,M001011110100010000000000001101000001001000011101
1715,141,19,28,M001011110100010000000000001101000001001000011101
1716,141,20,27,M001011110100010000000000001101000001001000011101
1717,141,21,20,M001011110100010000000000001101000001001000011101
1718,141,22,8,M001011110100010000000000001101000001001000011101
1719,141,23,3,M001011110100010000000000001101000001001000011101
1720,141,24,19,M001011110100010000000000001101000001001000011101
1721,141,25,1,M001011110100010000000000001101000001001000011101
1722,141,26,10,M001011110100010000000000001101000001001000011101
1723,141,27,22,M001011110100010000000000001101000001001000011101
1724,141,28,9,M001011110100010000000000001101000001001000011101
1725,141,29,12,M001011110100010000000000001101000001001000011101
1726,141,30,5,M001011110100010000000000001101000001001000011101
1727,141,31,30,M001011110100010000000000001101000001001000011101
1728,311,0,16,M111101100000001000000010000110000001000010001011
1729,311,1,31,M111101100000001000000010000110000001000010001011
1730,311,2,29,M111101100000001000000010000110000001000010001011
1731,311,3,8,M111101100000001000000010000110000001000010001011
1732,311,4,6,M111101100000001000000010000110000001000010001011
1733,311,5,4,M111101100000001000000010000110000001000010001011
1734,311,6,17,M111101100000001000000010000110000001000010001011
1735,311,7,12,M111101100000001000000010000110000001000010001011
1736,311,8,23,M111101100000001000000010000110000001000010001011
1737,311,9,0,M111101100000001000000010000110000001000010001011
1738,311,10,28,M111101100000001000000010000110000001000010001011
1739,311,11,26,M111101100000001000000010000110000001000010001011
1740,311,12,11,M111101100000001000000010000110000001000010001011
1741,311,13,30,M111101100000001000000010000110000001000010001011
1742,311,14,18,M111101100000001000000010000110000001000010001011
1743,311,15,5,M111101100000001000000010000110000001000010001011
1744,311,16,22,M111101100000001000000010000110000001000010001011
1745,311,17,21,M111101100000001000000010000110000001000010001011
1746,311,18,15,M111101100000001000000010000110000001000010001011
1747,311,19,14,M111101100000001000000010000110000001000010001011
1748,311,20,9,M111101100000001000000010000110000001000010001011
1749,311,21,25,M111101100000001000000010000110000001000010001011
1750,311,22,27,M111101100000001000000010000110000001000010001011
1751,311,23,13,M111101100000001000000010000110000001000010001011
1752,311,24,20,M111101100000001000000010000110000001000010001011
1753,311,25,1,M111101100000001000000010000110000001000010001011
1754,311,26,24,M111101100000001000000010000110000001000010001011
1755,311,27,7,M111101100000001000000010000110000001000010001011
1756,311,28,19,M111101100000001000000010000110000001000010001011
1757,311,29,2,M111101100000001000000010000110000001000010001011
1758,311,30,3,M111101100000001000000010000110000001000010001011
1759,311,31,10,M111101100000001000000010000110000001000010001011
1760,407,0,2,M011111000010000100000001000010011000100000110011
1761,407,1,0,M011111000010000100000001000010011000100000110011
1762,407,2,4,M011111000010000100000001000010011000100000110011
1763,407,3,22,M011111000010000100000001000010011000100000110011
1764,407,4,26,M011111000010000100000001000010011000100000110011
1765,407,5,21,M011111000010000100000001000010011000100000110011
1766,407,6,6,M011111000010000100000001000010011000100000110011
1767,407,7,11,M011111000010000100000001000010011000100000110011
1768,407,8,19,M011111000010000100000001000010011000100000110011
1769,407,9,23,M011111000010000100000001000010011000100000110011
1770,407,10,10,M011111000010000100000001000010011000100000110011
1771,407,11,18,M011111000010000100000001000010011000100000110011
1772,407,12,14,M011111000010000100000001000010011000100000110011
1773,407,13,3,M011111000010000100000001000010011000100000110011
1774,407,14,31,M011111000010000100000001000010011000100000110011
1775,407,15,9,M011111000010000100000001000010011000100000110011
1776,407,16,13,M011111000010000100000001000010011000100000110011
1777,407,17,24,M011111000010000100000001000010011000100000110011
1778,407,18,8,M011111000010000100000001000010011000100000110011
1779,407,19,1,M011111000010000100000001000010011000100000110011
1780,407,20,15,M011111000010000100000001000010011000100000110011
1781,407,21,27,M011111000010000100000001000010011000100000110011
1782,407,22,5,M011111000010000100000001000010011000100000110011
1783,407,23,28,M011111000010000100000001000010011000100000110011
1784,407,24,30,M011111000010000100000001000010011000100000110011
1785,407,25,16,M011111000010000100000001000010011000100000110011
1786,407,26,7,M011111000010000100000001000010011000100000110011
1787,407,27,29,M011111000010000100000001000010011000100000110011
1788,407,28,12,M011111000010000100000001000010011000100000110011
1789,407,29,17,M011111000010000100000001000010011000100000110011
1790,407,30,20,M011111000010000100000001000010011000100000110011
1791,407,31,25,M011111000010000100000001000010011000100000110011
1792,504,0,29,M111010010100000100001000001000010011100010110010
1793,504,1,19,M111010010100000100001000001000010011100010110010
1794,504,2,8,M111010010100000100001000001000010011100010110010
1795,504,3,24,M111010010100000100001000001000010011100010110010
1796,504,4,3,M111010010100000100001000001000010011100010110010
1797,504,5,14,M111010010100000100001000001000010011100010110010
1798,504,6,7,M111010010100000100001000001000010011100010110010
1799,504,7,12,M111010010100000100001000001000010011100010110010
1800,504,8,16,M111010010100000100001000001000010011100010110010
1801,504,9,21,M111010010100000100001000001000010011100010110010
1802,504,10,11,M111010010100000100001000001000010011100010110010
1803,504,11,6,M111010010100000100001000001000010011100010110010
1804,504,12,5,M111010010100000100001000001000010011100010110010
1805,504,13,23,M111010010100000100001000001000010011100010110010
1806,504,14,30,M111010010100000100001000001000010011100010110010
1807,504,15,15,M111010010100000100001000001000010011100010110010
1808,504,16,10,M111010010100000100001000001000010011100010110010
1809,504,17,27,M111010010100000100001000001000010011100010110010
1810,504,18,20,M111010010100000100001000001000010011100010110010
1811,504,19,18,M111010010100000100001000001000010011100010110010
1812,504,20,1,M111010010100000100001000001000010011100010110010
1813,504,21,2,M111010010100000100001000001000010011100010110010
1814,504,22,31,M111010010100000100001000001000010011100010110010
1815,504,23,22,M111010010100000100001000001000010011100010110010
1816,504,24,0,M111010010100000100001000001000010011100010110010
1817,504,25,9,M111010010100000100001000001000010011100010110010
1818,504,26,13,M111010010100000100001000001000010011100010110010
1819,504,27,4,M111010010100000100001000001000010011100010110010
1820,504,28,26,M111010010100000100001000001000010011100010110010
1821,504,29,28,M111010010100000100001000001000010011100010110010
1822,504,30,17,M111010010100000100001000001000010011100010110010
1823,504,31,25,M111010010100000100001000001000010011100010110010
1856,6,0,26,M111101100000000000001000110010010001100000000111
1857,6,1,22,M111101100000000000001000110010010001100000000111
1858,6,2,17,M111101100000000000001000110010010001100000000111
1859,6,3,6,M111101100000000000001000110010010001100000000111
1860,6,4,23,M111101100000000000001000110010010001100000000111
1861,6,5,9,M111101100000000000001000110010010001100000000111
1862,6,6,8,M111101100000000000001000110010010001100000000111
1863,6,7,20,M111101100000000000001000110010010001100000000111
1864,6,8,31,M111101100000000000001000110010010001100000000111
1865,6,9,2,M111101100000000000001000110010010001100000000111
1866,6,10,5,M111101100000000000001000110010010001100000000111
1867,6,11,25,M111101100000000000001000110010010001100000000111
1868,6,12,4,M111101100000000000001000110010010001100000000111
1869,6,13,16,M111101100000000000001000110010010001100000000111
1870,6,14,28,M111101100000000000001000110010010001100000000111
1871,6,15,14,M111101100000000000001000110010010001100000000111
1872,6,16,18,M111101100000000000001000110010010001100000000111
1873,6,17,10,M111101100000000000001000110010010001100000000111
1874,6,18,12,M111101100000000000001000110010010001100000000111
1875,6,19,15,M111101100000000000001000110010010001100000000111
1876,6,20,30,M111101100000000000001000110010010001100000000111
1877,6,21,21,M111101100000000000001000110010010001100000000111
1878,6,22,29,M111101100000000000001000110010010001100000000111
1879,6,23,11,M111101100000000000001000110010010001100000000111
1880,6,24,13,M111101100000000000001000110010010001100000000111
1881,6,25,3,M111101100000000000001000110010010001100000000111
1882,6,26,0,M111101100000000000001000110010010001100000000111
1883,6,27,27,M111101100000000000001000110010010001100000000111
1884,6,28,24,M111101100000000000001000110010010001100000000111
1885,6,29,19,M111101100000000000001000110010010001100000000111
1886,6,30,1,M111101100000000000001000110010010001100000000111
1887,6,31,7,M111101100000000000001000110010010001100000000111
1888,20,0,28,M110110000000100010001000000000010000101111010110
1889,20,1,5,M110110000000100010001000000000010000101111010110
1890,20,2,4,M110110000000100010001000000000010000101111010110
1891,20,3,22,M110110000000100010001000000000010000101111010110
1892,20,4,24,M110110000000100010001000000000010000101111010110
1893,20,5,29,M110110000000100010001000000000010000101111010110
1894,20,6,19,M110110000000100010001000000000010000101111010110
1895,20,7,23,M110110000000100010001000000000010000101111010110
1896,20,8,2,M110110000000100010001000000000010000101111010110
1897,20,9,14,M110110000000100010001000000000010000101111010110
1898,20,10,9,M110110000000100010001000000000010000101111010110
1899,20,11,3,M110110000000100010001000000000010000101111010110
1900,20,12,31,M110110000000100010001000000000010000101111010110
1901,20,13,26,M110110000000100010001000000000010000101111010110
1902,20,14,18,M110110000000100010001000000000010000101111010110
1903,20,15,21,M110110000000100010001000000000010000101111010110
1904,20,16,10,M110110000000100010001000000000010000101111010110
1905,20,17,7,M110110000000100010001000000000010000101111010110
1906,20,18,12,M110110000000100010001000000000010000101111010110
1907,20,19,25,M110110000000100010001000000000010000101111010110
1908,20,20,6,M110110000000100010001000000000010000101111010110
1909,20,21,16,M110110000000100010001000000000010000101111010110
1910,20,22,30,M110110000000100010001000000000010000101111010110
1911,20,23,15,M110110000000100010001000000000010000101111010110
1912,20,24,8,M110110000000100010001000000000010000101111010110
1913,20,25,0,M110110000000100010001000000000010000101111010110
1914,20,26,20,M110110000000100010001000000000010000101111010110
1915,20,27,13,M110110000000100010001000000000010000101111010110
1916,20,28,11,M110110000000100010001000000000010000101111010110
1917,20,29,1,M110110000000100010001000000000010000101111010110
1918,20,30,27,M110110000000100010001000000000010000101111010110
1919,20,31,17,M110110000000100010001000000000010000101111010110
1920,226,0,19,M110010000001100100000011100010001111000100000001
1921,226,1,31,M110010000001100100000011100010001111000100000001
1922,226,2,5,M110010000001100100000011100010001111000100000001
1923,226,3,13,M110010000001100100000011100010001111000100000001
1924,226,4,27,M110010000001100100000011100010001111000100000001
1925,226,5,2,M110010000001100100000011100010001111000100000001
1926,226,6,24,M110010000001100100000011100010001111000100000001
1927,226,7,28,M110010000001100100000011100010001111000100000001
1928,226,8,25,M110010000001100100000011100010001111000100000001
1929,226,9,6,M110010000001100100000011100010001111000100000001
1930,226,10,29,M110010000001100100000011100010001111000100000001
1931,226,11,14,M110010000001100100000011100010001111000100000001
1932,226,12,7,M110010000001100100000011100010001111000100000001
1933,226,13,30,M110010000001100100000011100010001111000100000001
1934,226,14,16,M110010000001100100000011100010001111000100000001
1935,226,15,11,M110010000001100100000011100010001111000100000001
1936,226,16,8,M110010000001100100000011100010001111000100000001
1937,226,17,1,M110010000001100100000011100010001111000100000001
1938,226,18,18,M110010000001100100000011100010001111000100000001
1939,226,19,0,M110010000001100100000011100010001111000100000001
1940,226,20,15,M110010000001100100000011100010001111000100000001
1941,226,21,26,M110010000001100100000011100010001111000100000001
1942,226,22,23,M110010000001100100000011100010001111000100000001
1943,226,23,9,M110010000001100100000011100010001111000100000001
1944,226,24,4,M110010000001100100000011100010001111000100000001
1945,226,25,10,M110010000001100100000011100010001111000100000001
1946,226,26,22,M110010000001100100000011100010001111000100000001
1947,226,27,12,M110010000001100100000011100010001111000100000001
1948,226,28,3,M110010000001100100000011100010001111000100000001
1949,226,29,17,M110010000001100100000011100010001111000100000001
1950,226,30,20,M110010000001100100000011100010001111000100000001
1951,226,31,21,M110010000001100100000011100010001111000100000001
1952,536,0,7,M001000010101001010001000101100001101001000100010
1953,536,1,6,M001000010101001010001000101100001101001000100010
1954,536,2,24,M001000010101001010001000101100001101001000100010
1955,536,3,9,M001000010101001010001000101100001101001000100010
1956,536,4,20,M001000010101001010001000101100001101001000100010
1957,536,5,15,M001000010101001010001000101100001101001000100010
1958,536,6,14,M001000010101001010001000101100001101001000100010
1959,536,7,23,M001000010101001010001000101100001101001000100010
1960,536,8,11,M001000010101001010001000101100001101001000100010
1961,536,9,26,M001000010101001010001000101100001101001000100010
1962,536,10,19,M001000010101001010001000101100001101001000100010
1963,536,11,10,M001000010101001010001000101100001101001000100010
1964,536,12,4,M001000010101001010001000101100001101001000100010
1965,536,13,0,M001000010101001010001000101100001101001000100010
1966,536,14,22,M001000010101001010001000101100001101001000100010
1967,536,15,17,M001000010101001010001000101100001101001000100010
1968,536,16,18,M001000010101001010001000101100001101001000100010
1969,536,17,13,M001000010101001010001000101100001101001000100010
1970,536,18,2,M001000010101001010001000101100001101001000100010
1971,536,19,1,M001000010101001010001000101100001101001000100010
1972,536,20,31,M001000010101001010001000101100001101001000100010
1973,536,21,3,M001000010101001010001000101100001101001000100010
1974,536,22,30,M001000010101001010001000101100001101001000100010
1975,536,23,5,M001000010101001010001000101100001101001000100010
1976,536,24,29,M001000010101001010001000101100001101001000100010
1977,536,25,28,M001000010101001010001000101100001101001000100010
1978,536,26,8,M001000010101001010001000101100001101001000100010
1979,536,27,21,M001000010101001010001000101100001101001000100010
1980,536,28,25,M001000010101001010001000101100001101001000100010
1981,536,29,27,M001000010101001010001000101100001101001000100010
1982,536,30,16,M001000010101001010001000101100001101001000100010
1983,536,31,12,M001000010101001010001000101100001101001000100010
1984,224,0,12,M011101000100000000100010010000001010011100010101
1985,224,1,30,M011101000100000000100010010000001010011100010101
1986,224,2,23,M011101000100000000100010010000001010011100010101
1987,224,3,11,M011101000100000000100010010000001010011100010101
1988,224,4,19,M011101000100000000100010010000001010011100010101
1989,224,5,6,M011101000100000000100010010000001010011100010101
1990,224,6,27,M011101000100000000100010010000001010011100010101
1991,224,7,13,M011101000100000000100010010000001010011100010101
1992,224,8,15,M011101000100000000100010010000001010011100010101
1993,224,9,3,M011101000100000000100010010000001010011100010101
1994,224,10,17,M011101000100000000100010010000001010011100010101
1995,224,11,29,M011101000100000000100010010000001010011100010101
1996,224,12,28,M011101000100000000100010010000001010011100010101
1997,224,13,24,M011101000100000000100010010000001010011100010101
1998,224,14,18,M011101000100000000100010010000001010011100010101
1999,224,15,5,M011101000100000000100010010000001010011100010101
2000,224,16,31,M011101000100000000100010010000001010011100010101
2001,224,17,26,M011101000100000000100010010000001010011100010101
2002,224,18,8,M011101000100000000100010010000001010011100010101
2003,224,19,0,M011101000100000000100010010000001010011100010101
2004,224,20,2,M011101000100000000100010010000001010011100010101
2005,224,21,9,M011101000100000000100010010000001010011100010101
2006,224,22,10,M011101000100000000100010010000001010011100010101
2007,224,23,25,M011101000100000000100010010000001010011100010101
2008,224,24,20,M011101000100000000100010010000001010011100010101
2009,224,25,14,M011101000100000000100010010000001010011100010101
2010,224,26,7,M011101000100000000100010010000001010011100010101
2011,224,27,4,M011101000100000000100010010000001010011100010101
2012,224,28,16,M011101000100000000100010010000001010011100010101
2013,224,29,1,M011101000100000000100010010000001010011100010101
2014,224,30,21,M011101000100000000100010010000001010011100010101
2015,224,31,22,M011101000100000000100010010000001010011100010101
2016,563,0,19,M111111000000010000011100000000000100110000101101
2017,563,1,18,M111111000000010000011100000000000100110000101101
2018,563,2,10,M111111000000010000011100000000000100110000101101
2019,563,3,7,M111111000000010000011100000000000100110000101101
2020,563,4,8,M111111000000010000011100000000000100110000101101
2021,563,5,13,M111111000000010000011100000000000100110000101101
2022,563,6,31,M111111000000010000011100000000000100110000101101
2023,563,7,12,M111111000000010000011100000000000100110000101101
2024,563,8,27,M111111000000010000011100000000000100110000101101
2025,563,9,4,M111111000000010000011100000000000100110000101101
2026,563,10,20,M111111000000010000011100000000000100110000101101
2027,563,11,14,M111111000000010000011100000000000100110000101101
2028,563,12,25,M111111000000010000011100000000000100110000101101
2029,563,13,22,M111111000000010000011100000000000100110000101101
2030,563,14,17,M111111000000010000011100000000000100110000101101
2031,563,15,0,M111111000000010000011100000000000100110000101101
2032,563,16,6,M111111000000010000011100000000000100110000101101
2033,563,17,30,M111111000000010000011100000000000100110000101101
2034,563,18,5,M111111000000010000011100000000000100110000101101
2035,563,19,2,M111111000000010000011100000000000100110000101101
2036,563,20,11,M111111000000010000011100000000000100110000101101
2037,563,21,1,M111111000000010000011100000000000100110000101101
2038,563,22,9,M111111000000010000011100000000000100110000101101
2039,563,23,24,M111111000000010000011100000000000100110000101101
2040,563,24,16,M111111000000010000011100000000000100110000101101
2041,563,25,21,M111111000000010000011100000000000100110000101101
2042,563,26,23,M111111000000010000011100000000000100110000101101
2043,563,27,15,M111111000000010000011100000000000100110000101101
2044,563,28,3,M111111000000010000011100000000000100110000101101
2045,563,29,29,M111111000000010000011100000000000100110000101101
2046,563,30,26,M111111000000010000011100000000000100110000101101
2047,563,31,28,M111111000000010000011100000000000100110000101101
2080,460,0,29,M111111101100000100000000000000100000110001000011
2081,460,1,1,M111111101100000100000000000000100000110001000011
2082,460,2,16,M111111101100000100000000000000100000110001000011
2083,460,3,21,M111111101100000100000000000000100000110001000011
2084,460,4,14,M111111101100000100000000000000100000110001000011
2085,460,5,3,M111111101100000100000000000000100000110001000011
2086,460,6,22,M111111101100000100000000000000100000110001000011
2087,460,7,4,M111111101100000100000000000000100000110001000011
2088,460,8,0,M111111101100000100000000000000100000110001000011
2089,460,9,6,M111111101100000100000000000000100000110001000011
2090,460,10,28,M111111101100000100000000000000100000110001000011
2091,460,11,5,M111111101100000100000000000000100000110001000011
2092,460,12,15,M111111101100000100000000000000100000110001000011
2093,460,13,11,M111111101100000100000000000000100000110001000011
2094,460,14,26,M111111101100000100000000000000100000110001000011
2095,460,15,13,M111111101100000100000000000000100000110001000011
2096,460,16,9,M111111101100000100000000000000100000110001000011
2097,460,17,30,M111111101100000100000000000000100000110001000011
2098,460,18,12,M111111101100000100000000000000100000110001000011
2099,460,19,27,M111111101100000100000000000000100000110001000011
2100,460,20,19,M111111101100000100000000000000100000110001000011
2101,460,21,23,M111111101100000100000000000000100000110001000011
2102,460,22,8,M111111101100000100000000000000100000110001000011
2103,460,23,18,M111111101100000100000000000000100000110001000011
2104,460,24,24,M111111101100000100000000000000100000110001000011
2105,460,25,20,M111111101100000100000000000000100000110001000011
2106,460,26,31,M111111101100000100000000000000100000110001000011
2107,460,27,7,M111111101100000100000000000000100000110001000011
2108,460,28,17,M111111101100000100000000000000100000110001000011
2109,460,29,10,M111111101100000100000000000000100000110001000011
2110,460,30,2,M111111101100000100000000000000100000110001000011
2111,460,31,25,M111111101100000100000000000000100000110001000011
2112,529,0,25,M001101111000100000010001000000011000000001110110
2113,529,1,27,M001101111000100000010001000000011000000001110110
2114,529,2,9,M001101111000100000010001000000011000000001110110
2115,529,3,0,M001101111000100000010001000000011000000001110110
2116,529,4,3,M001101111000100000010001000000011000000001110110
2117,529,5,11,M001101111000100000010001000000011000000001110110
2118,529,6,2,M001101111000100000010001000000011000000001110110
2119,529,7,5,M001101111000100000010001000000011000000001110110
2120,529,8,10,M001101111000100000010001000000011000000001110110
2121,529,9,1,M001101111000100000010001000000011000000001110110
2122,529,10,12,M001101111000100000010001000000011000000001110110
2123,529,11,8,M001101111000100000010001000000011000000001110110
2124,529,12,4,M001101111000100000010001000000011000000001110110
2125,529,13,19,M001101111000100000010001000000011000000001110110
2126,529,14,30,M001101111000100000010001000000011000000001110110
2127,529,15,6,M001101111000100000010001000000011000000001110110
2128,529,16,17,M001101111000100000010001000000011000000001110110
2129,529,17,31,M001101111000100000010001000000011000000001110110
2130,529,18,24,M001101111000100000010001000000011000000001110110
2131,529,19,18,M001101111000100000010001000000011000000001110110
2132,529,20,26,M001101111000100000010001000000011000000001110110
2133,529,21,23,M001101111000100000010001000000011000000001110110
2134,529,22,29,M001101111000100000010001000000011000000001110110
2135,529,23,28,M001101111000100000010001000000011000000001110110
2136,529,24,16,M001101111000100000010001000000011000000001110110
2137,529,25,7,M001101111000100000010001000000011000000001110110
2138,529,26,13,M001101111000100000010001000000011000000001110110
2139,529,27,15,M001101111000100000010001000000011000000001110110
2140,529,28,21,M001101111000100000010001000000011000000001110110
2141,529,29,22,M001101111000100000010001000000011000000001110110
2142,529,30,14,M001101111000100000010001000000011000000001110110
2143,529,31,20,M001101111000100000010001000000011000000001110110
2144,63,0,14,M010111100110000100000010001100000010000001011010
2145,63,1,26,M010111100110000100000010001100000010000001011010
2146,63,2,20,M010111100110000100000010001100000010000001011010
2147,63,3,11,M010111100110000100000010001100000010000001011010
2148,63,4,3,M010111100110000100000010001100000010000001011010
2149,63,5,25,M010111100110000100000010001100000010000001011010
2150,63,6,24,M010111100110000100000010001100000010000001011010
2151,63,7,1,M010111100110000100000010001100000010000001011010
2152,63,8,17,M010111100110000100000010001100000010000001011010
2153,63,9,10,M010111100110000100000010001100000010000001011010
2154,63,10,12,M010111100110000100000010001100000010000001011010
2155,63,11,22,M010111100110000100000010001100000010000001011010
2156,63,12,13,M010111100110000100000010001100000010000001011010
2157,63,13,8,M010111100110000100000010001100000010000001011010
2158,63,14,30,M010111100110000100000010001100000010000001011010
2159,63,15,16,M010111100110000100000010001100000010000001011010
2160,63,16,0,M010111100110000100000010001100000010000001011010
2161,63,17,28,M010111100110000100000010001100000010000001011010
2162,63,18,27,M010111100110000100000010001100000010000001011010
2163,63,19,18,M010111100110000100000010001100000010000001011010
2164,63,20,4,M010111100110000100000010001100000010000001011010
2165,63,21,6,M010111100110000100000010001100000010000001011010
2166,63,22,19,M010111100110000100000010001100000010000001011010
2167,63,23,2,M010111100110000100000010001100000010000001011010
2168,63,24,7,M010111100110000100000010001100000010000001011010
2169,63,25,23,M010111100110000100000010001100000010000001011010
2170,63,26,5,M010111100110000100000010001100000010000001011010
2171,63,27,29,M010111100110000100000010001100000010000001011010
2172,63,28,31,M010111100110000100000010001100000010000001011010
2173,63,29,21,M010111100110000100000010001100000010000001011010
2174,63,30,9,M010111100110000100000010001100000010000001011010
2175,63,31,15,M010111100110000100000010001100000010000001011010
2176,552,0,8,M110101100011000000000001010100001010010010100001
2177,552,1,4,M110101100011000000000001010100001010010010100001
2178,552,2,1,M110101100011000000000001010100001010010010100001
2179,552,3,26,M110101100011000000000001010100001010010010100001
2180,552,4,16,M110101100011000000000001010100001010010010100001
2181,552,5,29,M110101100011000000000001010100001010010010100001
2182,552,6,14,M110101100011000000000001010100001010010010100001
2183,552,7,31,M110101100011000000000001010100001010010010100001
2184,552,8,22,M110101100011000000000001010100001010010010100001
2185,552,9,6,M110101100011000000000001010100001010010010100001
2186,552,10,11,M110101100011000000000001010100001010010010100001
2187,552,11,15,M110101100011000000000001010100001010010010100001
2188,552,12,7,M110101100011000000000001010100001010010010100001
2189,552,13,5,M110101100011000000000001010100001010010010100001
2190,552,14,9,M110101100011000000000001010100001010010010100001
2191,552,15,2,M110101100011000000000001010100001010010010100001
2192,552,16,18,M110101100011000000000001010100001010010010100001
2193,552,17,25,M110101100011000000000001010100001010010010100001
2194,552,18,28,M110101100011000000000001010100001010010010100001
2195,552,19,20,M110101100011000000000001010100001010010010100001
2196,552,20,13,M110101100011000000000001010100001010010010100001
2197,552,21,23,M110101100011000000000001010100001010010010100001
2198,552,22,17,M110101100011000000000001010100001010010010100001
2199,552,23,30,M110101100011000000000001010100001010010010100001
2200,552,24,12,M110101100011000000000001010100001010010010100001
2201,552,25,19,M110101100011000000000001010100001010010010100001
2202,552,26,21,M110101100011000000000001010100001010010010100001
2203,552,27,27,M110101100011000000000001010100001010010010100001
2204,552,28,10,M110101100011000000000001010100001010010010100001
2205,552,29,0,M110101100011000000000001010100001010010010100001
2206,552,30,24,M110101100011000000000001010100001010010010100001
2207,552,31,3,M110101100011000000000001010100001010010010100001
2208,358,0,6,M001010000001000010001100010000110110000100011011
2209,358,1,30,M001010000001000010001100010000110110000100011011
2210,358,2,15,M001010000001000010001100010000110110000100011011
2211,358,3,25,M001010000001000010001100010000110110000100011011
2212,358,4,9,M001010000001000010001100010000110110000100011011
2213,358,5,31,M001010000001000010001100010000110110000100011011
2214,358,6,13,M001010000001000010001100010000110110000100011011
2215,358,7,20,M001010000001000010001100010000110110000100011011
2216,358,8,8,M001010000001000010001100010000110110000100011011
2217,358,9,12,M001010000001000010001100010000110110000100011011
2218,358,10,17,M001010000001000010001100010000110110000100011011
2219,358,11,1,M001010000001000010001100010000110110000100011011
2220,358,12,19,M001010000001000010001100010000110110000100011011
2221,358,13,28,M001010000001000010001100010000110110000100011011
2222,358,14,14,M001010000001000010001100010000110110000100011011
2223,358,15,4,M001010000001000010001100010000110110000100011011
2224,358,16,23,M001010000001000010001100010000110110000100011011
2225,358,17,11,M001010000001000010001100010000110110000100011011
2226,358,18,21,M001010000001000010001100010000110110000100011011
2227,358,19,7,M001010000001000010001100010000110110000100011011
2228,358,20,5,M001010000001000010001100010000110110000100011011
2229,358,21,16,M001010000001000010001100010000110110000100011011
2230,358,22,3,M001010000001000010001100010000110110000100011011
2231,358,23,10,M001010000001000010001100010000110110000100011011
2232,358,24,22,M001010000001000010001100010000110110000100011011
2233,358,25,24,M001010000001000010001100010000110110000100011011
2234,358,26,18,M001010000001000010001100010000110110000100011011
2235,358,27,29,M001010000001000010001100010000110110000100011011
2236,358,28,2,M001010000001000010001100010000110110000100011011
2237,358,29,27,M001010000001000010001100010000110110000100011011
2238,358,30,26,M001010000001000010001100010000110110000100011011
2239,358,31,0,M001010000001000010001100010000110110000100011011
2240,80,0,18,M111000101010110000000000111001000000100011000100
2241,80,1,3,M111000101010110000000000111001000000100011000100
2242,80,2,26,M111000101010110000000000111001000000100011000100
2243,80,3,31,M111000101010110000000000111001000000100011000100
2244,80,4,9,M111000101010110000000000111001000000100011000100
2245,80,5,6,M111000101010110000000000111001000000100011000100
2246,80,6,17,M111000101010110000000000111001000000100011000100
2247,80,7,29,M111000101010110000000000111001000000100011000100
2248,80,8,28,M111000101010110000000000111001000000100011000100
2249,80,9,15,M111000101010110000000000111001000000100011000100
2250,80,10,4,M111000101010110000000000111001000000100011000100
2251,80,11,22,M111000101010110000000000111001000000100011000100
2252,80,12,5,M111000101010110000000000111001000000100011000100
2253,80,13,24,M111000101010110000000000111001000000100011000100
2254,80,14,23,M111000101010110000000000111001000000100011000100
2255,80,15,8,M111000101010110000000000111001000000100011000100
2256,80,16,25,M111000101010110000000000111001000000100011000100
2257,80,17,20,M111000101010110000000000111001000000100011000100
2258,80,18,12,M111000101010110000000000111001000000100011000100
2259,80,19,10,M111000101010110000000000111001000000100011000100
2260,80,20,7,M111000101010110000000000111001000000100011000100
2261,80,21,2,M111000101010110000000000111001000000100011000100
2262,80,22,16,M111000101010110000000000111001000000100011000100
2263,80,23,19,M111000101010110000000000111001000000100011000100
2264,80,24,0,M111000101010110000000000111001000000100011000100
2265,80,25,13,M111000101010110000000000111001000000100011000100
2266,80,26,14,M111000101010110000000000111001000000100011000100
2267,80,27,27,M111000101010110000000000111001000000100011000100
2268,80,28,1,M111000101010110000000000111001000000100011000100
2269,80,29,11,M111000101010110000000000111001000000100011000100
2270,80,30,30,M111000101010110000000000111001000000100011000100
2271,80,31,21,M111000101010110000000000111001000000100011000100
2272,452,0,14,M111010010100100000000000001011011001000000011000
2273,452,1,16,M111010010100100000000000001011011001000000011000
2274,452,2,13,M111010010100100000000000001011011001000000011000
2275,452,3,8,M111010010100100000000000001011011001000000011000
2276,452,4,19,M111010010100100000000000001011011001000000011000
2277,452,5,29,M111010010100100000000000001011011001000000011000
2278,452,6,30,M111010010100100000000000001011011001000000011000
2279,452,7,20,M111010010100100000000000001011011001000000011000
2280,452,8,1,M111010010100100000000000001011011001000000011000
2281,452,9,5,M111010010100100000000000001011011001000000011000
2282,452,10,15,M111010010100100000000000001011011001000000011000
2283,452,11,25,M111010010100100000000000001011011001000000011000
2284,452,12,21,M111010010100100000000000001011011001000000011000
2285,452,13,11,M111010010100100000000000001011011001000000011000
2286,452,14,6,M111010010100100000000000001011011001000000011000
2287,452,15,4,M111010010100100000000000001011011001000000011000
2288,452,16,18,M111010010100100000000000001011011001000000011000
2289,452,17,23,M111010010100100000000000001011011001000000011000
2290,452,18,12,M111010010100100000000000001011011001000000011000
2291,452,19,22,M111010010100100000000000001011011001000000011000
2292,452,20,3,M111010010100100000000000001011011001000000011000
2293,452,21,28,M111010010100100000000000001011011001000000011000
2294,452,22,26,M111010010100100000000000001011011001000000011000
2295,452,23,0,M111010010100100000000000001011011001000000011000
2296,452,24,24,M111010010100100000000000001011011001000000011000
2297,452,25,9,M111010010100100000000000001011011001000000011000
2298,452,26,7,M111010010100100000000000001011011001000000011000
2299,452,27,27,M111010010100100000000000001011011001000000011000
2300,452,28,31,M111010010100100000000000001011011001000000011000
2301,452,29,17,M111010010100100000000000001011011001000000011000
2302,452,30,2,M111010010100100000000000001011011001000000011000
2303,452,31,10,M111010010100100000000000001011011001000000011000
2336,146,0,4,M111110001000000000000001100000010100100100110101
2337,146,1,18,M111110001000000000000001100000010100100100110101
2338,146,2,11,M111110001000000000000001100000010100100100110101
2339,146,3,23,M111110001000000000000001100000010100100100110101
2340,146,4,27,M111110001000000000000001100000010100100100110101
2341,146,5,6,M111110001000000000000001100000010100100100110101
2342,146,6,17,M111110001000000000000001100000010100100100110101
2343,146,7,16,M111110001000000000000001100000010100100100110101
2344,146,8,7,M111110001000000000000001100000010100100100110101
2345,146,9,0,M111110001000000000000001100000010100100100110101
2346,146,10,14,M111110001000000000000001100000010100100100110101
2347,146,11,22,M111110001000000000000001100000010100100100110101
2348,146,12,15,M111110001000000000000001100000010100100100110101
2349,146,13,12,M111110001000000000000001100000010100100100110101
2350,146,14,8,M111110001000000000000001100000010100100100110101
2351,146,15,30,M111110001000000000000001100000010100100100110101
2352,146,16,19,M111110001000000000000001100000010100100100110101
2353,146,17,29,M111110001000000000000001100000010100100100110101
2354,146,18,28,M111110001000000000000001100000010100100100110101
2355,146,19,31,M111110001000000000000001100000010100100100110101
2356,146,20,21,M111110001000000000000001100000010100100100110101
2357,146,21,20,M111110001000000000000001100000010100100100110101
2358,146,22,3,M111110001000000000000001100000010100100100110101
2359,146,23,9,M111110001000000000000001100000010100100100110101
2360,146,24,5,M111110001000000000000001100000010100100100110101
2361,146,25,26,M111110001000000000000001100000010100100100110101
2362,146,26,13,M111110001000000000000001100000010100100100110101
2363,146,27,24,M111110001000000000000001100000010100100100110101
2364,146,28,1,M111110001000000000000001100000010100100100110101
2365,146,29,2,M111110001000000000000001100000010100100100110101
2366,146,30,10,M111110001000000000000001100000010100100100110101
2367,146,31,25,M111110001000000000000001100000010100100100110101
2368,222,0,3,M110010000100000010000010011000101100000001110011
2369,222,1,25,M110010000100000010000010011000101100000001110011
2370,222,2,27,M110010000100000010000010011000101100000001110011
2371,222,3,9,M110010000100000010000010011000101100000001110011
2372,222,4,12,M110010000100000010000010011000101100000001110011
2373,222,5,1,M110010000100000010000010011000101100000001110011
2374,222,6,23,M110010000100000010000010011000101100000001110011
2375,222,7,11,M110010000100000010000010011000101100000001110011
2376,222,8,19,M110010000100000010000010011000101100000001110011
2377,222,9,31,M110010000100000010000010011000101100000001110011
2378,222,10,8,M110010000100000010000010011000101100000001110011
2379,222,11,0,M110010000100000010000010011000101100000001110011
2380,222,12,7,M110010000100000010000010011000101100000001110011
2381,222,13,22,M110010000100000010000010011000101100000001110011
2382,222,14,5,M110010000100000010000010011000101100000001110011
2383,222,15,2,M110010000100000010000010011000101100000001110011
2384,222,16,15,M110010000100000010000010011000101100000001110011
2385,222,17,20,M110010000100000010000010011000101100000001110011
2386,222,18,10,M110010000100000010000010011000101100000001110011
2387,222,19,4,M110010000100000010000010011000101100000001110011
2388,222,20,26,M110010000100000010000010011000101100000001110011
2389,222,21,30,M110010000100000010000010011000101100000001110011
2390,222,22,18,M110010000100000010000010011000101100000001110011
2391,222,23,16,M110010000100000010000010011000101100000001110011
2392,222,24,6,M110010000100000010000010011000101100000001110011
2393,222,25,21,M110010000100000010000010011000101100000001110011
2394,222,26,17,M110010000100000010000010011000101100000001110011
2395,222,27,29,M110010000100000010000010011000101100000001110011
2396,222,28,14,M110010000100000010000010011000101100000001110011
2397,222,29,28,M110010000100000010000010011000101100000001110011
2398,222,30,13,M110010000100000010000010011000101100000001110011
2399,222,31,24,M110010000100000010000010011000101100000001110011
2400,139,0,29,M000111000001001111001001000000010000101000110010
2401,139,1,26,M000111000001001111001001000000010000101000110010
2402,139,2,19,M000111000001001111001001000000010000101000110010
2403,139,3,5,M000111000001001111001001000000010000101000110010
2404,139,4,18,M000111000001001111001001000000010000101000110010
2405,139,5,15,M000111000001001111001001000000010000101000110010
2406,139,6,22,M000111000001001111001001000000010000101000110010
2407,139,7,28,M000111000001001111001001000000010000101000110010
2408,139,8,27,M000111000001001111001001000000010000101000110010
2409,139,9,20,M000111000001001111001001000000010000101000110010
2410,139,10,25,M000111000001001111001001000000010000101000110010
2411,139,11,23,M000111000001001111001001000000010000101000110010
2412,139,12,11,M000111000001001111001001000000010000101000110010
2413,139,13,31,M000111000001001111001001000000010000101000110010
2414,139,14,6,M000111000001001111001001000000010000101000110010
2415,139,15,4,M000111000001001111001001000000010000101000110010
2416,139,16,17,M000111000001001111001001000000010000101000110010
2417,139,17,14,M000111000001001111001001000000010000101000110010
2418,139,18,2,M000111000001001111001001000000010000101000110010
2419,139,19,30,M000111000001001111001001000000010000101000110010
2420,139,20,21,M000111000001001111001001000000010000101000110010
2421,139,21,8,M000111000001001111001001000000010000101000110010
2422,139,22,13,M000111000001001111001001000000010000101000110010
2423,139,23,9,M000111000001001111001001000000010000101000110010
2424,139,24,3,M000111000001001111001001000000010000101000110010
2425,139,25,16,M000111000001001111001001000000010000101000110010
2426,139,26,24,M000111000001001111001001000000010000101000110010
2427,139,27,10,M000111000001001111001001000000010000101000110010
2428,139,28,12,M000111000001001111001001000000010000101000110010
2429,139,29,0,M000111000001001111001001000000010000101000110010
2430,139,30,1,M000111000001001111001001000000010000101000110010
2431,139,31,7,M000111000001001111001001000000010000101000110010
2432,120,0,2,M100111100001001000010001001000000000010100111001
2433,120,1,4,M100111100001001000010001001000000000010100111001
2434,120,2,19,M100111100001001000010001001000000000010100111001
2435,120,3,30,M100111100001001000010001001000000000010100111001
2436,120,4,11,M100111100001001000010001001000000000010100111001
2437,120,5,21,M100111100001001000010001001000000000010100111001
2438,120,6,27,M100111100001001000010001001000000000010100111001
2439,120,7,22,M100111100001001000010001001000000000010100111001
2440,120,8,8,M100111100001001000010001001000000000010100111001
2441,120,9,26,M100111100001001000010001001000000000010100111001
2442,120,10,0,M100111100001001000010001001000000000010100111001
2443,120,11,5,M100111100001001000010001001000000000010100111001
2444,120,12,28,M100111100001001000010001001000000000010100111001
2445,120,13,13,M100111100001001000010001001000000000010100111001
2446,120,14,6,M100111100001001000010001001000000000010100111001
2447,120,15,29,M100111100001001000010001001000000000010100111001
2448,120,16,3,M100111100001001000010001001000000000010100111001
2449,120,17,7,M100111100001001000010001001000000000010100111001
2450,120,18,25,M100111100001001000010001001000000000010100111001
2451,120,19,9,M100111100001001000010001001000000000010100111001
2452,120,20,10,M100111100001001000010001001000000000010100111001
2453,120,21,1,M100111100001001000010001001000000000010100111001
2454,120,22,17,M100111100001001000010001001000000000010100111001
2455,120,23,24,M100111100001001000010001001000000000010100111001
2456,120,24,16,M100111100001001000010001001000000000010100111001
2457,120,25,14,M100111100001001000010001001000000000010100111001
2458,120,26,18,M100111100001001000010001001000000000010100111001
2459,120,27,15,M100111100001001000010001001000000000010100111001
2460,120,28,12,M100111100001001000010001001000000000010100111001
2461,120,29,23,M100111100001001000010001001000000000010100111001
2462,120,30,31,M100111100001001000010001001000000000010100111001
2463,120,31,20,M100111100001001000010001001000000000010100111001
2464,449,0,15,M011001010010000111100000001000000100010010100101
2465,449,1,3,M011001010010000111100000001000000100010010100101
2466,449,2,12,M011001010010000111100000001000000100010010100101
2467,449,3,5,M011001010010000111100000001000000100010010100101
2468,449,4,29,M011001010010000111100000001000000100010010100101
2469,449,5,24,M011001010010000111100000001000000100010010100101
2470,449,6,31,M011001010010000111100000001000000100010010100101
2471,449,7,7,M011001010010000111100000001000000100010010100101
2472,449,8,28,M011001010010000111100000001000000100010010100101
2473,449,9,25,M011001010010000111100000001000000100010010100101
2474,449,10,23,M011001010010000111100000001000000100010010100101
2475,449,11,30,M011001010010000111100000001000000100010010100101
2476,449,12,26,M011001010010000111100000001000000100010010100101
2477,449,13,16,M011001010010000111100000001000000100010010100101
2478,449,14,0,M011001010010000111100000001000000100010010100101
2479,449,15,14,M011001010010000111100000001000000100010010100101
2480,449,16,22,M011001010010000111100000001000000100010010100101
2481,449,17,2,M011001010010000111100000001000000100010010100101
2482,449,18,8,M011001010010000111100000001000000100010010100101
2483,449,19,10,M011001010010000111100000001000000100010010100101
2484,449,20,13,M011001010010000111100000001000000100010010100101
2485,449,21,21,M011001010010000111100000001000000100010010100101
2486,449,22,20,M011001010010000111100000001000000100010010100101
2487,449,23,9,M011001010010000111100000001000000100010010100101
2488,449,24,27,M011001010010000111100000001000000100010010100101
2489,449,25,19,M011001010010000111100000001000000100010010100101
2490,449,26,1,M011001010010000111100000001000000100010010100101
2491,449,27,18,M011001010010000111100000001000000100010010100101
2492,449,28,17,M011001010010000111100000001000000100010010100101
2493,449,29,6,M011001010010000111100000001000000100010010100101
2494,449,30,11,M011001010010000111100000001000000100010010100101
2495,449,31,4,M011001010010000111100000001000000100010010100101
2528,370,0,23,M100110000100011000001000110001101100000001110010
2529,370,1,11,M100110000100011000001000110001101100000001110010
2530,370,2,21,M100110000100011000001000110001101100000001110010
2531,370,3,0,M100110000100011000001000110001101100000001110010
2532,370,4,22,M100110000100011000001000110001101100000001110010
2533,370,5,1,M100110000100011000001000110001101100000001110010
2534,370,6,12,M100110000100011000001000110001101100000001110010
2535,370,7,31,M100110000100011000001000110001101100000001110010
2536,370,8,29,M100110000100011000001000110001101100000001110010
2537,370,9,19,M100110000100011000001000110001101100000001110010
2538,370,10,7,M100110000100011000001000110001101100000001110010
2539,370,11,28,M100110000100011000001000110001101100000001110010
2540,370,12,10,M100110000100011000001000110001101100000001110010
2541,370,13,9,M100110000100011000001000110001101100000001110010
2542,370,14,30,M100110000100011000001000110001101100000001110010
2543,370,15,16,M100110000100011000001000110001101100000001110010
2544,370,16,8,M100110000100011000001000110001101100000001110010
2545,370,17,25,M100110000100011000001000110001101100000001110010
2546,370,18,13,M100110000100011000001000110001101100000001110010
2547,370,19,4,M100110000100011000001000110001101100000001110010
2548,370,20,6,M100110000100011000001000110001101100000001110010
2549,370,21,27,M100110000100011000001000110001101100000001110010
2550,370,22,5,M100110000100011000001000110001101100000001110010
2551,370,23,24,M100110000100011000001000110001101100000001110010
2552,370,24,2,M100110000100011000001000110001101100000001110010
2553,370,25,15,M100110000100011000001000110001101100000001110010
2554,370,26,17,M100110000100011000001000110001101100000001110010
2555,370,27,20,M100110000100011000001000110001101100000001110010
2556,370,28,26,M100110000100011000001000110001101100000001110010
2557,370,29,18,M100110000100011000001000110001101100000001110010
2558,370,30,3,M100110000100011000001000110001101100000001110010
2559,370,31,14,M100110000100011000001000110001101100000001110010
2592,293,0,5,M111000010000000110000010001110010000000010110110
2593,293,1,19,M111000010000000110000010001110010000000010110110
2594,293,2,6,M111000010000000110000010001110010000000010110110
2595,293,3,26,M111000010000000110000010001110010000000010110110
2596,293,4,9,M111000010000000110000010001110010000000010110110
2597,293,5,28,M111000010000000110000010001110010000000010110110
2598,293,6,1,M111000010000000110000010001110010000000010110110
2599,293,7,14,M111000010000000110000010001110010000000010110110
2600,293,8,13,M111000010000000110000010001110010000000010110110
2601,293,9,16,M111000010000000110000010001110010000000010110110
2602,293,10,30,M111000010000000110000010001110010000000010110110
2603,293,11,23,M111000010000000110000010001110010000000010110110
2604,293,12,4,M111000010000000110000010001110010000000010110110
2605,293,13,25,M111000010000000110000010001110010000000010110110
2606,293,14,15,M111000010000000110000010001110010000000010110110
2607,293,15,7,M111000010000000110000010001110010000000010110110
2608,293,16,27,M111000010000000110000010001110010000000010110110
2609,293,17,11,M111000010000000110000010001110010000000010110110
2610,293,18,21,M111000010000000110000010001110010000000010110110
2611,293,19,29,M111000010000000110000010001110010000000010110110
2612,293,20,24,M111000010000000110000010001110010000000010110110
2613,293,21,2,M111000010000000110000010001110010000000010110110
2614,293,22,31,M111000010000000110000010001110010000000010110110
2615,293,23,22,M111000010000000110000010001110010000000010110110
2616,293,24,0,M111000010000000110000010001110010000000010110110
2617,293,25,3,M111000010000000110000010001110010000000010110110
2618,293,26,18,M111000010000000110000010001110010000000010110110
2619,293,27,12,M111000010000000110000010001110010000000010110110
2620,293,28,10,M111000010000000110000010001110010000000010110110
2621,293,29,20,M111000010000000110000010001110010000000010110110
2622,293,30,17,M111000010000000110000010001110010000000010110110
2623,293,31,8,M111000010000000110000010001110010000000010110110
2624,81,0,18,M101110001000000100000000010011100000100010100011
2625,81,1,0,M101110001000000100000000010011100000100010100011
2626,81,2,15,M101110001000000100000000010011100000100010100011
2627,81,3,2,M101110001000000100000000010011100000100010100011
2628,81,4,30,M101110001000000100000000010011100000100010100011
2629,81,5,5,M101110001000000100000000010011100000100010100011
2630,81,6,31,M101110001000000100000000010011100000100010100011
2631,81,7,7,M101110001000000100000000010011100000100010100011
2632,81,8,8,M101110001000000100000000010011100000100010100011
2633,81,9,29,M101110001000000100000000010011100000100010100011
2634,81,10,22,M101110001000000100000000010011100000100010100011
2635,81,11,10,M101110001000000100000000010011100000100010100011
2636,81,12,27,M101110001000000100000000010011100000100010100011
2637,81,13,16,M101110001000000100000000010011100000100010100011
2638,81,14,14,M101110001000000100000000010011100000100010100011
2639,81,15,19,M101110001000000100000000010011100000100010100011
2640,81,16,21,M101110001000000100000000010011100000100010100011
2641,81,17,6,M101110001000000100000000010011100000100010100011
2642,81,18,13,M101110001000000100000000010011100000100010100011
2643,81,19,26,M101110001000000100000000010011100000100010100011
2644,81,20,12,M101110001000000100000000010011100000100010100011
2645,81,21,17,M101110001000000100000000010011100000100010100011
2646,81,22,1,M101110001000000100000000010011100000100010100011
2647,81,23,4,M101110001000000100000000010011100000100010100011
2648,81,24,3,M101110001000000100000000010011100000100010100011
2649,81,25,28,M101110001000000100000000010011100000100010100011
2650,81,26,24,M101110001000000100000000010011100000100010100011
2651,81,27,25,M101110001000000100000000010011100000100010100011
2652,81,28,23,M101110001000000100000000010011100000100010100011
2653,81,29,9,M101110001000000100000000010011100000100010100011
2654,81,30,11,M101110001000000100000000010011100000100010100011
2655,81,31,20,M101110001000000100000000010011100000100010100011
2688,533,0,24,M111000111010000010010000000001001001000000011110
2689,533,1,3,M111000111010000010010000000001001001000000011110
2690,533,2,2,M111000111010000010010000000001001001000000011110
2691,533,3,1,M111000111010000010010000000001001001000000011110
2692,533,4,7,M111000111010000010010000000001001001000000011110
2693,533,5,0,M111000111010000010010000000001001001000000011110
2694,533,6,18,M111000111010000010010000000001001001000000011110
2695,533,7,19,M111000111010000010010000000001001001000000011110
2696,533,8,29,M111000111010000010010000000001001001000000011110
2697,533,9,23,M111000111010000010010000000001001001000000011110
2698,533,10,27,M111000111010000010010000000001001001000000011110
2699,533,11,20,M111000111010000010010000000001001001000000011110
2700,533,12,30,M111000111010000010010000000001001001000000011110
2701,533,13,5,M111000111010000010010000000001001001000000011110
2702,533,14,26,M111000111010000010010000000001001001000000011110
2703,533,15,13,M111000111010000010010000000001001001000000011110
2704,533,16,31,M111000111010000010010000000001001001000000011110
2705,533,17,4,M111000111010000010010000000001001001000000011110
2706,533,18,15,M111000111010000010010000000001001001000000011110
2707,533,19,10,M111000111010000010010000000001001001000000011110
2708,533,20,16,M111000111010000010010000000001001001000000011110
2709,533,21,8,M111000111010000010010000000001001001000000011110
2710,533,22,14,M111000111010000010010000000001001001000000011110
2711,533,23,17,M111000111010000010010000000001001001000000011110
2712,533,24,6,M111000111010000010010000000001001001000000011110
2713,533,25,22,M111000111010000010010000000001001001000000011110
2714,533,26,25,M111000111010000010010000000001001001000000011110
2715,533,27,9,M111000111010000010010000000001001001000000011110
2716,533,28,21,M111000111010000010010000000001001001000000011110
2717,533,29,11,M111000111010000010010000000001001001000000011110
2718,533,30,28,M111000111010000010010000000001001001000000011110
2719,533,31,12,M111000111010000010010000000001001001000000011110
2720,130,0,1,M100010001010010001010000011101000001000000101101
2721,130,1,8,M100010001010010001010000011101000001000000101101
2722,130,2,6,M100010001010010001010000011101000001000000101101
2723,130,3,19,M100010001010010001010000011101000001000000101101
2724,130,4,0,M100010001010010001010000011101000001000000101101
2725,130,5,13,M100010001010010001010000011101000001000000101101
2726,130,6,14,M100010001010010001010000011101000001000000101101
2727,130,7,10,M100010001010010001010000011101000001000000101101
2728,130,8,2,M100010001010010001010000011101000001000000101101
2729,130,9,23,M100010001010010001010000011101000001000000101101
2730,130,10,24,M100010001010010001010000011101000001000000101101
2731,130,11,4,M100010001010010001010000011101000001000000101101
2732,130,12,29,M100010001010010001010000011101000001000000101101
2733,130,13,20,M100010001010010001010000011101000001000000101101
2734,130,14,15,M100010001010010001010000011101000001000000101101
2735,130,15,5,M100010001010010001010000011101000001000000101101
2736,130,16,28,M100010001010010001010000011101000001000000101101
2737,130,17,3,M100010001010010001010000011101000001000000101101
2738,130,18,31,M100010001010010001010000011101000001000000101101
2739,130,19,11,M100010001010010001010000011101000001000000101101
2740,130,20,7,M100010001010010001010000011101000001000000101101
2741,130,21,27,M100010001010010001010000011101000001000000101101
2742,130,22,12,M100010001010010001010000011101000001000000101101
2743,130,23,26,M100010001010010001010000011101000001000000101101
2744,130,24,25,M100010001010010001010000011101000001000000101101
2745,130,25,17,M100010001010010001010000011101000001000000101101
2746,130,26,9,M100010001010010001010000011101000001000000101101
2747,130,27,18,M100010001010010001010000011101000001000000101101
2748,130,28,16,M100010001010010001010000011101000001000000101101
2749,130,29,21,M100010001010010001010000011101000001000000101101
2750,130,30,30,M100010001010010001010000011101000001000000101101
2751,130,31,22,M100010001010010001010000011101000001000000101101
2752,564,0,10,M110101010000010000000101000100001011001000110010
2753,564,1,30,M110101010000010000000101000100001011001000110010
2754,564,2,23,M110101010000010000000101000100001011001000110010
2755,564,3,3,M110101010000010000000101000100001011001000110010
2756,564,4,11,M110101010000010000000101000100001011001000110010
2757,564,5,29,M110101010000010000000101000100001011001000110010
2758,564,6,16,M110101010000010000000101000100001011001000110010
2759,564,7,5,M110101010000010000000101000100001011001000110010
2760,564,8,20,M110101010000010000000101000100001011001000110010
2761,564,9,31,M110101010000010000000101000100001011001000110010
2762,564,10,27,M110101010000010000000101000100001011001000110010
2763,564,11,25,M110101010000010000000101000100001011001000110010
2764,564,12,8,M110101010000010000000101000100001011001000110010
2765,564,13,28,M110101010000010000000101000100001011001000110010
2766,564,14,6,M110101010000010000000101000100001011001000110010
2767,564,15,13,M110101010000010000000101000100001011001000110010
2768,564,16,18,M110101010000010000000101000100001011001000110010
2769,564,17,1,M110101010000010000000101000100001011001000110010
2770,564,18,12,M110101010000010000000101000100001011001000110010
2771,564,19,19,M110101010000010000000101000100001011001000110010
2772,564,20,0,M110101010000010000000101000100001011001000110010
2773,564,21,2,M110101010000010000000101000100001011001000110010
2774,564,22,15,M110101010000010000000101000100001011001000110010
2775,564,23,4,M110101010000010000000101000100001011001000110010
2776,564,24,22,M110101010000010000000101000100001011001000110010
2777,564,25,17,M110101010000010000000101000100001011001000110010
2778,564,26,14,M110101010000010000000101000100001011001000110010
2779,564,27,9,M110101010000010000000101000100001011001000110010
2780,564,28,21,M110101010000010000000101000100001011001000110010
2781,564,29,24,M110101010000010000000101000100001011001000110010
2782,564,30,26,M110101010000010000000101000100001011001000110010
2783,564,31,7,M110101010000010000000101000100001011001000110010
2816,339,0,27,M111011001000000001100010000000100000000100111011
2817,339,1,31,M111011001000000001100010000000100000000100111011
2818,339,2,30,M111011001000000001100010000000100000000100111011
2819,339,3,21,M111011001000000001100010000000100000000100111011
2820,339,4,10,M111011001000000001100010000000100000000100111011
2821,339,5,19,M111011001000000001100010000000100000000100111011
2822,339,6,11,M111011001000000001100010000000100000000100111011
2823,339,7,20,M111011001000000001100010000000100000000100111011
2824,339,8,24,M111011001000000001100010000000100000000100111011
2825,339,9,25,M111011001000000001100010000000100000000100111011
2826,339,10,12,M111011001000000001100010000000100000000100111011
2827,339,11,18,M111011001000000001100010000000100000000100111011
2828,339,12,26,M111011001000000001100010000000100000000100111011
2829,339,13,13,M111011001000000001100010000000100000000100111011
2830,339,14,9,M111011001000000001100010000000100000000100111011
2831,339,15,3,M111011001000000001100010000000100000000100111011
2832,339,16,16,M111011001000000001100010000000100000000100111011
2833,339,17,6,M111011001000000001100010000000100000000100111011
2834,339,18,17,M111011001000000001100010000000100000000100111011
2835,339,19,28,M111011001000000001100010000000100000000100111011
2836,339,20,29,M111011001000000001100010000000100000000100111011
2837,339,21,8,M111011001000000001100010000000100000000100111011
2838,339,22,4,M111011001000000001100010000000100000000100111011
2839,339,23,15,M111011001000000001100010000000100000000100111011
2840,339,24,1,M111011001000000001100010000000100000000100111011
2841,339,25,2,M111011001000000001100010000000100000000100111011
2842,339,26,22,M111011001000000001100010000000100000000100111011
2843,339,27,14,M111011001000000001100010000000100000000100111011
2844,339,28,7,M111011001000000001100010000000100000000100111011
2845,339,29,5,M111011001000000001100010000000100000000100111011
2846,339,30,23,M111011001000000001100010000000100000000100111011
2847,339,31,0,M111011001000000001100010000000100000000100111011
2848,233,0,24,M101110000000000000100100000110100000100010111101
2849,233,1,31,M101110000000000000100100000110100000100010111101
2850,233,2,18,M101110000000000000100100000110100000100010111101
2851,233,3,9,M101110000000000000100100000110100000100010111101
2852,233,4,16,M101110000000000000100100000110100000100010111101
2853,233,5,13,M101110000000000000100100000110100000100010111101
2854,233,6,2,M101110000000000000100100000110100000100010111101
2855,233,7,1,M101110000000000000100100000110100000100010111101
2856,233,8,21,M101110000000000000100100000110100000100010111101
2857,233,9,30,M101110000000000000100100000110100000100010111101
2858,233,10,8,M101110000000000000100100000110100000100010111101
2859,233,11,22,M101110000000000000100100000110100000100010111101
2860,233,12,0,M101110000000000000100100000110100000100010111101
2861,233,13,25,M101110000000000000100100000110100000100010111101
2862,233,14,23,M101110000000000000100100000110100000100010111101
2863,233,15,6,M101110000000000000100100000110100000100010111101
2864,233,16,5,M101110000000000000100100000110100000100010111101
2865,233,17,28,M101110000000000000100100000110100000100010111101
2866,233,18,10,M101110000000000000100100000110100000100010111101
2867,233,19,26,M101110000000000000100100000110100000100010111101
2868,233,20,3,M101110000000000000100100000110100000100010111101
2869,233,21,27,M101110000000000000100100000110100000100010111101
2870,233,22,7,M101110000000000000100100000110100000100010111101
2871,233,23,20,M101110000000000000100100000110100000100010111101
2872,233,24,4,M101110000000000000100100000110100000100010111101
2873,233,25,19,M101110000000000000100100000110100000100010111101
2874,233,26,15,M101110000000000000100100000110100000100010111101
2875,233,27,14,M101110000000000000100100000110100000100010111101
2876,233,28,12,M101110000000000000100100000110100000100010111101
2877,233,29,29,M101110000000000000100100000110100000100010111101
2878,233,30,11,M101110000000000000100100000110100000100010111101
2879,233,31,17,M101110000000000000100100000110100000100010111101
2880,52,0,26,M111111000000100000000100000010001000000000111111
2881,52,1,22,M111111000000100000000100000010001000000000111111
2882,52,2,29,M111111000000100000000100000010001000000000111111
2883,52,3,5,M111111000000100000000100000010001000000000111111
2884,52,4,23,M111111000000100000000100000010001000000000111111
2885,52,5,15,M111111000000100000000100000010001000000000111111
2886,52,6,14,M111111000000100000000100000010001000000000111111
2887,52,7,11,M111111000000100000000100000010001000000000111111
2888,52,8,20,M111111000000100000000100000010001000000000111111
2889,52,9,10,M111111000000100000000100000010001000000000111111
2890,52,10,2,M111111000000100000000100000010001000000000111111
2891,52,11,16,M111111000000100000000100000010001000000000111111
2892,52,12,0,M111111000000100000000100000010001000000000111111
2893,52,13,13,M111111000000100000000100000010001000000000111111
2894,52,14,31,M111111000000100000000100000010001000000000111111
2895,52,15,7,M111111000000100000000100000010001000000000111111
2896,52,16,21,M111111000000100000000100000010001000000000111111
2897,52,17,8,M111111000000100000000100000010001000000000111111
2898,52,18,24,M111111000000100000000100000010001000000000111111
2899,52,19,4,M111111000000100000000100000010001000000000111111
2900,52,20,18,M111111000000100000000100000010001000000000111111
2901,52,21,12,M111111000000100000000100000010001000000000111111
2902,52,22,17,M111111000000100000000100000010001000000000111111
2903,52,23,28,M111111000000100000000100000010001000000000111111
2904,52,24,30,M111111000000100000000100000010001000000000111111
2905,52,25,25,M111111000000100000000100000010001000000000111111
2906,52,26,1,M111111000000100000000100000010001000000000111111
2907,52,27,6,M111111000000100000000100000010001000000000111111
2908,52,28,27,M111111000000100000000100000010001000000000111111
2909,52,29,19,M111111000000100000000100000010001000000000111111
2910,52,30,3,M111111000000100000000100000010001000000000111111
2911,52,31,9,M111111000000100000000100000010001000000000111111
2912,302,0,6,M100101001000001000000010011010110000010000011110
2913,302,1,24,M100101001000001000000010011010110000010000011110
2914,302,2,2,M100101001000001000000010011010110000010000011110
2915,302,3,15,M100101001000001000000010011010110000010000011110
2916,302,4,12,M100101001000001000000010011010110000010000011110
2917,302,5,23,M100101001000001000000010011010110000010000011110
2918,302,6,31,M100101001000001000000010011010110000010000011110
2919,302,7,13,M100101001000001000000010011010110000010000011110
2920,302,8,25,M100101001000001000000010011010110000010000011110
2921,302,9,0,M100101001000001000000010011010110000010000011110
2922,302,10,27,M100101001000001000000010011010110000010000011110
2923,302,11,9,M100101001000001000000010011010110000010000011110
2924,302,12,1,M100101001000001000000010011010110000010000011110
2925,302,13,3,M100101001000001000000010011010110000010000011110
2926,302,14,16,M100101001000001000000010011010110000010000011110
2927,302,15,10,M100101001000001000000010011010110000010000011110
2928,302,16,4,M100101001000001000000010011010110000010000011110
2929,302,17,14,M100101001000001000000010011010110000010000011110
2930,302,18,11,M100101001000001000000010011010110000010000011110
2931,302,19,8,M100101001000001000000010011010110000010000011110
2932,302,20,26,M100101001000001000000010011010110000010000011110
2933,302,21,17,M100101001000001000000010011010110000010000011110
2934,302,22,7,M100101001000001000000010011010110000010000011110
2935,302,23,29,M100101001000001000000010011010110000010000011110
2936,302,24,30,M100101001000001000000010011010110000010000011110
2937,302,25,21,M100101001000001000000010011010110000010000011110
2938,302,26,5,M100101001000001000000010011010110000010000011110
2939,302,27,22,M100101001000001000000010011010110000010000011110
2940,302,28,28,M100101001000001000000010011010110000010000011110
2941,302,29,20,M100101001000001000000010011010110000010000011110
2942,302,30,18,M100101001000001000000010011010110000010000011110
2943,302,31,19,M100101001000001000000010011010110000010000011110
2976,442,0,8,M010011010010010010000110000000100000100000111110
2977,442,1,23,M010011010010010010000110000000100000100000111110
2978,442,2,31,M010011010010010010000110000000100000100000111110
2979,442,3,25,M010011010010010010000110000000100000100000111110
2980,442,4,24,M010011010010010010000110000000100000100000111110
2981,442,5,30,M010011010010010010000110000000100000100000111110
2982,442,6,9,M010011010010010010000110000000100000100000111110
2983,442,7,11,M010011010010010010000110000000100000100000111110
2984,442,8,28,M010011010010010010000110000000100000100000111110
2985,442,9,4,M010011010010010010000110000000100000100000111110
2986,442,10,13,M010011010010010010000110000000100000100000111110
2987,442,11,15,M010011010010010010000110000000100000100000111110
2988,442,12,5,M010011010010010010000110000000100000100000111110
2989,442,13,3,M010011010010010010000110000000100000100000111110
2990,442,14,21,M010011010010010010000110000000100000100000111110
2991,442,15,27,M010011010010010010000110000000100000100000111110
2992,442,16,6,M010011010010010010000110000000100000100000111110
2993,442,17,12,M010011010010010010000110000000100000100000111110
2994,442,18,0,M010011010010010010000110000000100000100000111110
2995,442,19,7,M010011010010010010000110000000100000100000111110
2996,442,20,14,M010011010010010010000110000000100000100000111110
2997,442,21,10,M010011010010010010000110000000100000100000111110
2998,442,22,16,M010011010010010010000110000000100000100000111110
2999,442,23,2,M010011010010010010000110000000100000100000111110
3000,442,24,20,M010011010010010010000110000000100000100000111110
3001,442,25,19,M010011010010010010000110000000100000100000111110
3002,442,26,22,M010011010010010010000110000000100000100000111110
3003,442,27,1,M010011010010010010000110000000100000100000111110
3004,442,28,18,M010011010010010010000110000000100000100000111110
3005,442,29,26,M010011010010010010000110000000100000100000111110
3006,442,30,17,M010011010010010010000110000000100000100000111110
3007,442,31,29,M010011010010010010000110000000100000100000111110
3008,315,0,27,M101101000001000001010001000001000010000001111101
3009,315,1,25,M101101000001000001010001000001000010000001111101
3010,315,2,28,M101101000001000001010001000001000010000001111101
3011,315,3,15,M101101000001000001010001000001000010000001111101
3012,315,4,2,M101101000001000001010001000001000010000001111101
3013,315,5,14,M101101000001000001010001000001000010000001111101
3014,315,6,6,M101101000001000001010001000001000010000001111101
3015,315,7,31,M101101000001000001010001000001000010000001111101
3016,315,8,16,M101101000001000001010001000001000010000001111101
3017,315,9,12,M101101000001000001010001000001000010000001111101
3018,315,10,26,M101101000001000001010001000001000010000001111101
3019,315,11,8,M101101000001000001010001000001000010000001111101
3020,315,12,5,M101101000001000001010001000001000010000001111101
3021,315,13,0,M101101000001000001010001000001000010000001111101
3022,315,14,18,M101101000001000001010001000001000010000001111101
3023,315,15,10,M101101000001000001010001000001000010000001111101
3024,315,16,20,M101101000001000001010001000001000010000001111101
3025,315,17,9,M101101000001000001010001000001000010000001111101
3026,315,18,11,M101101000001000001010001000001000010000001111101
3027,315,19,7,M101101000001000001010001000001000010000001111101
3028,315,20,17,M101101000001000001010001000001000010000001111101
3029,315,21,23,M101101000001000001010001000001000010000001111101
3030,315,22,30,M101101000001000001010001000001000010000001111101
3031,315,23,22,M101101000001000001010001000001000010000001111101
3032,315,24,24,M101101000001000001010001000001000010000001111101
3033,315,25,3,M101101000001000001010001000001000010000001111101
3034,315,26,4,M101101000001000001010001000001000010000001111101
3035,315,27,29,M101101000001000001010001000001000010000001111101
3036,315,28,21,M101101000001000001010001000001000010000001111101
3037,315,29,19,M101101000001000001010001000001000010000001111101
3038,315,30,13,M101101000001000001010001000001000010000001111101
3039,315,31,1,M101101000001000001010001000001000010000001111101
3040,471,0,16,M101000010101101000000011001000100010010000010011
3041,471,1,3,M101000010101101000000011001000100010010000010011
3042,471,2,30,M101000010101101000000011001000100010010000010011
3043,471,3,28,M101000010101101000000011001000100010010000010011
3044,471,4,14,M101000010101101000000011001000100010010000010011
3045,471,5,17,M101000010101101000000011001000100010010000010011
3046,471,6,19,M101000010101101000000011001000100010010000010011
3047,471,7,21,M101000010101101000000011001000100010010000010011
3048,471,8,9,M101000010101101000000011001000100010010000010011
3049,471,9,25,M101000010101101000000011001000100010010000010011
3050,471,10,2,M101000010101101000000011001000100010010000010011
3051,471,11,23,M101000010101101000000011001000100010010000010011
3052,471,12,4,M101000010101101000000011001000100010010000010011
3053,471,13,26,M101000010101101000000011001000100010010000010011
3054,471,14,24,M101000010101101000000011001000100010010000010011
3055,471,15,11,M101000010101101000000011001000100010010000010011
3056,471,16,7,M101000010101101000000011001000100010010000010011
3057,471,17,8,M101000010101101000000011001000100010010000010011
3058,471,18,6,M101000010101101000000011001000100010010000010011
3059,471,19,27,M101000010101101000000011001000100010010000010011
3060,471,20,22,M101000010101101000000011001000100010010000010011
3061,471,21,15,M101000010101101000000011001000100010010000010011
3062,471,22,18,M101000010101101000000011001000100010010000010011
3063,471,23,20,M101000010101101000000011001000100010010000010011
3064,471,24,1,M101000010101101000000011001000100010010000010011
3065,471,25,0,M101000010101101000000011001000100010010000010011
3066,471,26,10,M101000010101101000000011001000100010010000010011
3067,471,27,13,M101000010101101000000011001000100010010000010011
3068,471,28,29,M101000010101101000000011001000100010010000010011
3069,471,29,12,M101000010101101000000011001000100010010000010011
3070,471,30,5,M101000010101101000000011001000100010010000010011
3071,471,31,31,M101000010101101000000011001000100010010000010011
3072,211,0,11,M010101001000000000000000000000110101010001111111
3073,211,1,18,M010101001000000000000000000000110101010001111111
3074,211,2,19,M010101001000000000000000000000110101010001111111
3075,211,3,26,M010101001000000000000000000000110101010001111111
3076,211,4,30,M010101001000000000000000000000110101010001111111
3077,211,5,24,M010101001000000000000000000000110101010001111111
3078,211,6,20,M010101001000000000000000000000110101010001111111
3079,211,7,8,M010101001000000000000000000000110101010001111111
3080,211,8,7,M010101001000000000000000000000110101010001111111
3081,211,9,14,M010101001000000000000000000000110101010001111111
3082,211,10,10,M010101001000000000000000000000110101010001111111
3083,211,11,1,M010101001000000000000000000000110101010001111111
3084,211,12,25,M010101001000000000000000000000110101010001111111
3085,211,13,6,M010101001000000000000000000000110101010001111111
3086,211,14,12,M010101001000000000000000000000110101010001111111
3087,211,15,2,M010101001000000000000000000000110101010001111111
3088,211,16,22,M010101001000000000000000000000110101010001111111
3089,211,17,17,M010101001000000000000000000000110101010001111111
3090,211,18,3,M010101001000000000000000000000110101010001111111
3091,211,19,28,M010101001000000000000000000000110101010001111111
3092,211,20,15,M010101001000000000000000000000110101010001111111
3093,211,21,9,M010101001000000000000000000000110101010001111111
3094,211,22,29,M010101001000000000000000000000110101010001111111
3095,211,23,4,M010101001000000000000000000000110101010001111111
3096,211,24,16,M010101001000000000000000000000110101010001111111
3097,211,25,21,M010101001000000000000000000000110101010001111111
3098,211,26,23,M010101001000000000000000000000110101010001111111
3099,211,27,13,M010101001000000000000000000000110101010001111111
3100,211,28,31,M010101001000000000000000000000110101010001111111
3101,211,29,5,M010101001000000000000000000000110101010001111111
3102,211,30,27,M010101001000000000000000000000110101010001111111
3103,211,31,0,M010101001000000000000000000000110101010001111111
3104,247,0,11,M011001001000000110000000110000001100011100110100
3105,247,1,16,M011001001000000110000000110000001100011100110100
3106,247,2,5,M011001001000000110000000110000001100011100110100
3107,247,3,29,M011001001000000110000000110000001100011100110100
3108,247,4,21,M011001001000000110000000110000001100011100110100
3109,247,5,19,M011001001000000110000000110000001100011100110100
3110,247,6,1,M011001001000000110000000110000001100011100110100
3111,247,7,6,M011001001000000110000000110000001100011100110100
3112,247,8,28,M011001001000000110000000110000001100011100110100
3113,247,9,27,M011001001000000110000000110000001100011100110100
3114,247,10,2,M011001001000000110000000110000001100011100110100
3115,247,11,8,M011001001000000110000000110000001100011100110100
3116,247,12,12,M011001001000000110000000110000001100011100110100
3117,247,13,25,M011001001000000110000000110000001100011100110100
3118,247,14,10,M011001001000000110000000110000001100011100110100
3119,247,15,17,M011001001000000110000000110000001100011100110100
3120,247,16,18,M011001001000000110000000110000001100011100110100
3121,247,17,13,M011001001000000110000000110000001100011100110100
3122,247,18,3,M011001001000000110000000110000001100011100110100
3123,247,19,0,M011001001000000110000000110000001100011100110100
3124,247,20,26,M011001001000000110000000110000001100011100110100
3125,247,21,31,M011001001000000110000000110000001100011100110100
3126,247,22,24,M011001001000000110000000110000001100011100110100
3127,247,23,15,M011001001000000110000000110000001100011100110100
3128,247,24,4,M011001001000000110000000110000001100011100110100
3129,247,25,23,M011001001000000110000000110000001100011100110100
3130,247,26,20,M011001001000000110000000110000001100011100110100
3131,247,27,7,M011001001000000110000000110000001100011100110100
3132,247,28,22,M011001001000000110000000110000001100011100110100
3133,247,29,14,M011001001000000110000000110000001100011100110100
3134,247,30,9,M011001001000000110000000110000001100011100110100
3135,247,31,30,M011001001000000110000000110000001100011100110100
3136,46,0,21,M011111000001100000100011010010000000001001000110
3137,46,1,27,M011111000001100000100011010010000000001001000110
3138,46,2,12,M011111000001100000100011010010000000001001000110
3139,46,3,30,M011111000001100000100011010010000000001001000110
3140,46,4,24,M011111000001100000100011010010000000001001000110
3141,46,5,1,M011111000001100000100011010010000000001001000110
3142,46,6,8,M011111000001100000100011010010000000001001000110
3143,46,7,31,M011111000001100000100011010010000000001001000110
3144,46,8,17,M011111000001100000100011010010000000001001000110
3145,46,9,10,M011111000001100000100011010010000000001001000110
3146,46,10,6,M011111000001100000100011010010000000001001000110
3147,46,11,20,M011111000001100000100011010010000000001001000110
3148,46,12,16,M011111000001100000100011010010000000001001000110
3149,46,13,13,M011111000001100000100011010010000000001001000110
3150,46,14,9,M011111000001100000100011010010000000001001000110
3151,46,15,25,M011111000001100000100011010010000000001001000110
3152,46,16,2,M011111000001100000100011010010000000001001000110
3153,46,17,29,M011111000001100000100011010010000000001001000110
3154,46,18,26,M011111000001100000100011010010000000001001000110
3155,46,19,5,M011111000001100000100011010010000000001001000110
3156,46,20,7,M011111000001100000100011010010000000001001000110
3157,46,21,18,M011111000001100000100011010010000000001001000110
3158,46,22,11,M011111000001100000100011010010000000001001000110
3159,46,23,15,M011111000001100000100011010010000000001001000110
3160,46,24,14,M011111000001100000100011010010000000001001000110
3161,46,25,22,M011111000001100000100011010010000000001001000110
3162,46,26,3,M011111000001100000100011010010000000001001000110
3163,46,27,0,M011111000001100000100011010010000000001001000110
3164,46,28,4,M011111000001100000100011010010000000001001000110
3165,46,29,23,M011111000001100000100011010010000000001001000110
3166,46,30,28,M011111000001100000100011010010000000001001000110
3167,46,31,19,M011111000001100000100011010010000000001001000110
3168,455,0,25,M111110010000000000011010010010000000010001111000
3169,455,1,19,M111110010000000000011010010010000000010001111000
3170,455,2,7,M111110010000000000011010010010000000010001111000
3171,455,3,27,M111110010000000000011010010010000000010001111000
3172,455,4,18,M111110010000000000011010010010000000010001111000
3173,455,5,24,M111110010000000000011010010010000000010001111000
3174,455,6,5,M111110010000000000011010010010000000010001111000
3175,455,7,12,M111110010000000000011010010010000000010001111000
3176,455,8,23,M111110010000000000011010010010000000010001111000
3177,455,9,9,M111110010000000000011010010010000000010001111000
3178,455,10,20,M111110010000000000011010010010000000010001111000
3179,455,11,8,M111110010000000000011010010010000000010001111000
3180,455,12,31,M111110010000000000011010010010000000010001111000
3181,455,13,21,M111110010000000000011010010010000000010001111000
3182,455,14,28,M111110010000000000011010010010000000010001111000
3183,455,15,22,M111110010000000000011010010010000000010001111000
3184,455,16,10,M111110010000000000011010010010000000010001111000
3185,455,17,29,M111110010000000000011010010010000000010001111000
3186,455,18,2,M111110010000000000011010010010000000010001111000
3187,455,19,17,M111110010000000000011010010010000000010001111000
3188,455,20,4,M111110010000000000011010010010000000010001111000
3189,455,21,6,M111110010000000000011010010010000000010001111000
3190,455,22,26,M111110010000000000011010010010000000010001111000
3191,455,23,0,M111110010000000000011010010010000000010001111000
3192,455,24,15,M111110010000000000011010010010000000010001111000
3193,455,25,1,M111110010000000000011010010010000000010001111000
3194,455,26,30,M111110010000000000011010010010000000010001111000
3195,455,27,14,M111110010000000000011010010010000000010001111000
3196,455,28,3,M111110010000000000011010010010000000010001111000
3197,455,29,13,M111110010000000000011010010010000000010001111000
3198,455,30,11,M111110010000000000011010010010000000010001111000
3199,455,31,16,M111110010000000000011010010010000000010001111000
3232,542,0,7,M011011010010010100001001001101000001000000001001
3233,542,1,28,M011011010010010100001001001101000001000000001001
3234,542,2,6,M011011010010010100001001001101000001000000001001
3235,542,3,21,M011011010010010100001001001101000001000000001001
3236,542,4,31,M011011010010010100001001001101000001000000001001
3237,542,5,18,M011011010010010100001001001101000001000000001001
3238,542,6,30,M011011010010010100001001001101000001000000001001
3239,542,7,10,M011011010010010100001001001101000001000000001001
3240,542,8,11,M011011010010010100001001001101000001000000001001
3241,542,9,4,M011011010010010100001001001101000001000000001001
3242,542,10,15,M011011010010010100001001001101000001000000001001
3243,542,11,22,M011011010010010100001001001101000001000000001001
3244,542,12,25,M011011010010010100001001001101000001000000001001
3245,542,13,24,M011011010010010100001001001101000001000000001001
3246,542,14,5,M011011010010010100001001001101000001000000001001
3247,542,15,12,M011011010010010100001001001101000001000000001001
3248,542,16,27,M011011010010010100001001001101000001000000001001
3249,542,17,19,M011011010010010100001001001101000001000000001001
3250,542,18,8,M011011010010010100001001001101000001000000001001
3251,542,19,3,M011011010010010100001001001101000001000000001001
3252,542,20,23,M011011010010010100001001001101000001000000001001
3253,542,21,0,M011011010010010100001001001101000001000000001001
3254,542,22,26,M011011010010010100001001001101000001000000001001
3255,542,23,2,M011011010010010100001001001101000001000000001001
3256,542,24,29,M011011010010010100001001001101000001000000001001
3257,542,25,14,M011011010010010100001001001101000001000000001001
3258,542,26,9,M011011010010010100001001001101000001000000001001
3259,542,27,16,M011011010010010100001001001101000001000000001001
3260,542,28,20,M011011010010010100001001001101000001000000001001
3261,542,29,1,M011011010010010100001001001101000001000000001001
3262,542,30,17,M011011010010010100001001001101000001000000001001
3263,542,31,13,M011011010010010100001001001101000001000000001001
3264,396,0,26,M111111000000000001010100011000000110001000011000
3265,396,1,20,M111111000000000001010100011000000110001000011000
3266,396,2,16,M111111000000000001010100011000000110001000011000
3267,396,3,6,M111111000000000001010100011000000110001000011000
3268,396,4,18,M111111000000000001010100011000000110001000011000
3269,396,5,0,M111111000000000001010100011000000110001000011000
3270,396,6,14,M111111000000000001010100011000000110001000011000
3271,396,7,3,M111111000000000001010100011000000110001000011000
3272,396,8,11,M111111000000000001010100011000000110001000011000
3273,396,9,9,M111111000000000001010100011000000110001000011000
3274,396,10,12,M111111000000000001010100011000000110001000011000
3275,396,11,29,M111111000000000001010100011000000110001000011000
3276,396,12,30,M111111000000000001010100011000000110001000011000
3277,396,13,31,M111111000000000001010100011000000110001000011000
3278,396,14,8,M111111000000000001010100011000000110001000011000
3279,396,15,28,M111111000000000001010100011000000110001000011000
3280,396,16,15,M111111000000000001010100011000000110001000011000
3281,396,17,17,M111111000000000001010100011000000110001000011000
3282,396,18,22,M111111000000000001010100011000000110001000011000
3283,396,19,4,M111111000000000001010100011000000110001000011000
3284,396,20,27,M111111000000000001010100011000000110001000011000
3285,396,21,19,M111111000000000001010100011000000110001000011000
3286,396,22,1,M111111000000000001010100011000000110001000011000
3287,396,23,5,M111111000000000001010100011000000110001000011000
3288,396,24,23,M111111000000000001010100011000000110001000011000
3289,396,25,10,M111111000000000001010100011000000110001000011000
3290,396,26,25,M111111000000000001010100011000000110001000011000
3291,396,27,7,M111111000000000001010100011000000110001000011000
3292,396,28,13,M111111000000000001010100011000000110001000011000
3293,396,29,2,M111111000000000001010100011000000110001000011000
3294,396,30,21,M111111000000000001010100011000000110001000011000
3295,396,31,24,M111111000000000001010100011000000110001000011000
3328,131,0,31,M100111100100001000000001000000100110000010110110
3329,131,1,30,M100111100100001000000001000000100110000010110110
3330,131,2,22,M100111100100001000000001000000100110000010110110
3331,131,3,21,M100111100100001000000001000000100110000010110110
3332,131,4,0,M100111100100001000000001000000100110000010110110
3333,131,5,2,M100111100100001000000001000000100110000010110110
3334,131,6,1,M100111100100001000000001000000100110000010110110
3335,131,7,5,M100111100100001000000001000000100110000010110110
3336,131,8,4,M100111100100001000000001000000100110000010110110
3337,131,9,18,M100111100100001000000001000000100110000010110110
3338,131,10,25,M100111100100001000000001000000100110000010110110
3339,131,11,12,M100111100100001000000001000000100110000010110110
3340,131,12,8,M100111100100001000000001000000100110000010110110
3341,131,13,20,M100111100100001000000001000000100110000010110110
3342,131,14,17,M100111100100001000000001000000100110000010110110
3343,131,15,3,M100111100100001000000001000000100110000010110110
3344,131,16,29,M100111100100001000000001000000100110000010110110
3345,131,17,6,M100111100100001000000001000000100110000010110110
3346,131,18,26,M100111100100001000000001000000100110000010110110
3347,131,19,15,M100111100100001000000001000000100110000010110110
3348,131,20,23,M100111100100001000000001000000100110000010110110
3349,131,21,9,M100111100100001000000001000000100110000010110110
3350,131,22,27,M100111100100001000000001000000100110000010110110
3351,131,23,28,M100111100100001000000001000000100110000010110110
3352,131,24,7,M100111100100001000000001000000100110000010110110
3353,131,25,13,M100111100100001000000001000000100110000010110110
3354,131,26,11,M100111100100001000000001000000100110000010110110
3355,131,27,14,M100111100100001000000001000000100110000010110110
3356,131,28,16,M100111100100001000000001000000100110000010110110
3357,131,29,19,M100111100100001000000001000000100110000010110110
3358,131,30,24,M100111100100001000000001000000100110000010110110
3359,131,31,10,M100111100100001000000001000000100110000010110110
3360,386,0,19,M011010011000001100010110001000001001000000100110
3361,386,1,7,M011010011000001100010110001000001001000000100110
3362,386,2,0,M011010011000001100010110001000001001000000100110
3363,386,3,8,M011010011000001100010110001000001001000000100110
3364,386,4,20,M011010011000001100010110001000001001000000100110
3365,386,5,11,M011010011000001100010110001000001001000000100110
3366,386,6,24,M011010011000001100010110001000001001000000100110
3367,386,7,31,M011010011000001100010110001000001001000000100110
3368,386,8,21,M011010011000001100010110001000001001000000100110
3369,386,9,25,M011010011000001100010110001000001001000000100110
3370,386,10,4,M011010011000001100010110001000001001000000100110
3371,386,11,22,M011010011000001100010110001000001001000000100110
3372,386,12,28,M011010011000001100010110001000001001000000100110
3373,386,13,5,M011010011000001100010110001000001001000000100110
3374,386,14,27,M011010011000001100010110001000001001000000100110
3375,386,15,3,M011010011000001100010110001000001001000000100110
3376,386,16,14,M011010011000001100010110001000001001000000100110
3377,386,17,30,M011010011000001100010110001000001001000000100110
3378,386,18,6,M011010011000001100010110001000001001000000100110
3379,386,19,15,M011010011000001100010110001000001001000000100110
3380,386,20,26,M011010011000001100010110001000001001000000100110
3381,386,21,1,M011010011000001100010110001000001001000000100110
3382,386,22,17,M011010011000001100010110001000001001000000100110
3383,386,23,16,M011010011000001100010110001000001001000000100110
3384,386,24,12,M011010011000001100010110001000001001000000100110
3385,386,25,10,M011010011000001100010110001000001001000000100110
3386,386,26,18,M011010011000001100010110001000001001000000100110
3387,386,27,13,M011010011000001100010110001000001001000000100110
3388,386,28,9,M011010011000001100010110001000001001000000100110
3389,386,29,2,M011010011000001100010110001000001001000000100110
3390,386,30,29,M011010011000001100010110001000001001000000100110
3391,386,31,23,M011010011000001100010110001000001001000000100110
3392,195,0,17,M001111000001000010000000000001011100101100111010
3393,195,1,20,M001111000001000010000000000001011100101100111010
3394,195,2,10,M001111000001000010000000000001011100101100111010
3395,195,3,8,M001111000001000010000000000001011100101100111010
3396,195,4,22,M001111000001000010000000000001011100101100111010
3397,195,5,16,M001111000001000010000000000001011100101100111010
3398,195,6,6,M001111000001000010000000000001011100101100111010
3399,195,7,18,M001111000001000010000000000001011100101100111010
3400,195,8,3,M001111000001000010000000000001011100101100111010
3401,195,9,19,M001111000001000010000000000001011100101100111010
3402,195,10,5,M001111000001000010000000000001011100101100111010
3403,195,11,26,M001111000001000010000000000001011100101100111010
3404,195,12,13,M001111000001000010000000000001011100101100111010
3405,195,13,7,M001111000001000010000000000001011100101100111010
3406,195,14,2,M001111000001000010000000000001011100101100111010
3407,195,15,0,M001111000001000010000000000001011100101100111010
3408,195,16,23,M001111000001000010000000000001011100101100111010
3409,195,17,15,M001111000001000010000000000001011100101100111010
3410,195,18,11,M001111000001000010000000000001011100101100111010
3411,195,19,28,M001111000001000010000000000001011100101100111010
3412,195,20,29,M001111000001000010000000000001011100101100111010
3413,195,21,4,M001111000001000010000000000001011100101100111010
3414,195,22,30,M001111000001000010000000000001011100101100111010
3415,195,23,12,M001111000001000010000000000001011100101100111010
3416,195,24,9,M001111000001000010000000000001011100101100111010
3417,195,25,25,M001111000001000010000000000001011100101100111010
3418,195,26,14,M001111000001000010000000000001011100101100111010
3419,195,27,21,M001111000001000010000000000001011100101100111010
3420,195,28,1,M001111000001000010000000000001011100101100111010
3421,195,29,31,M001111000001000010000000000001011100101100111010
3422,195,30,24,M001111000001000010000000000001011100101100111010
3423,195,31,27,M001111000001000010000000000001011100101100111010
3424,76,0,24,M001011000001001010100001100001001000110001100100
3425,76,1,25,M001011000001001010100001100001001000110001100100
3426,76,2,1,M001011000001001010100001100001001000110001100100
3427,76,3,20,M001011000001001010100001100001001000110001100100
3428,76,4,13,M001011000001001010100001100001001000110001100100
3429,76,5,19,M001011000001001010100001100001001000110001100100
3430,76,6,26,M001011000001001010100001100001001000110001100100
3431,76,7,0,M001011000001001010100001100001001000110001100100
3432,76,8,23,M001011000001001010100001100001001000110001100100
3433,76,9,22,M001011000001001010100001100001001000110001100100
3434,76,10,18,M001011000001001010100001100001001000110001100100
3435,76,11,31,M001011000001001010100001100001001000110001100100
3436,76,12,2,M001011000001001010100001100001001000110001100100
3437,76,13,7,M001011000001001010100001100001001000110001100100
3438,76,14,16,M001011000001001010100001100001001000110001100100
3439,76,15,21,M001011000001001010100001100001001000110001100100
3440,76,16,27,M001011000001001010100001100001001000110001100100
3441,76,17,3,M001011000001001010100001100001001000110001100100
3442,76,18,10,M001011000001001010100001100001001000110001100100
3443,76,19,17,M001011000001001010100001100001001000110001100100
3444,76,20,14,M001011000001001010100001100001001000110001100100
3445,76,21,8,M001011000001001010100001100001001000110001100100
3446,76,22,29,M001011000001001010100001100001001000110001100100
3447,76,23,15,M001011000001001010100001100001001000110001100100
3448,76,24,28,M001011000001001010100001100001001000110001100100
3449,76,25,4,M001011000001001010100001100001001000110001100100
3450,76,26,5,M001011000001001010100001100001001000110001100100
3451,76,27,9,M001011000001001010100001100001001000110001100100
3452,76,28,12,M001011000001001010100001100001001000110001100100
3453,76,29,30,M001011000001001010100001100001001000110001100100
3454,76,30,11,M001011000001001010100001100001001000110001100100
3455,76,31,6,M001011000001001010100001100001001000110001100100
3456,531,0,10,M111000100001000010001010010000000100011010000111
3457,531,1,19,M111000100001000010001010010000000100011010000111
3458,531,2,31,M111000100001000010001010010000000100011010000111
3459,531,3,29,M111000100001000010001010010000000100011010000111
3460,531,4,3,M111000100001000010001010010000000100011010000111
3461,531,5,9,M111000100001000010001010010000000100011010000111
3462,531,6,25,M111000100001000010001010010000000100011010000111
3463,531,7,22,M111000100001000010001010010000000100011010000111
3464,531,8,20,M111000100001000010001010010000000100011010000111
3465,531,9,11,M111000100001000010001010010000000100011010000111
3466,531,10,7,M111000100001000010001010010000000100011010000111
3467,531,11,13,M111000100001000010001010010000000100011010000111
3468,531,12,14,M111000100001000010001010010000000100011010000111
3469,531,13,6,M111000100001000010001010010000000100011010000111
3470,531,14,18,M111000100001000010001010010000000100011010000111
3471,531,15,23,M111000100001000010001010010000000100011010000111
3472,531,16,12,M111000100001000010001010010000000100011010000111
3473,531,17,15,M111000100001000010001010010000000100011010000111
3474,531,18,27,M111000100001000010001010010000000100011010000111
3475,531,19,5,M111000100001000010001010010000000100011010000111
3476,531,20,0,M111000100001000010001010010000000100011010000111
3477,531,21,1,M111000100001000010001010010000000100011010000111
3478,531,22,26,M111000100001000010001010010000000100011010000111
3479,531,23,16,M111000100001000010001010010000000100011010000111
3480,531,24,30,M111000100001000010001010010000000100011010000111
3481,531,25,21,M111000100001000010001010010000000100011010000111
3482,531,26,8,M111000100001000010001010010000000100011010000111
3483,531,27,24,M111000100001000010001010010000000100011010000111
3484,531,28,28,M111000100001000010001010010000000100011010000111
3485,531,29,2,M111000100001000010001010010000000100011010000111
3486,531,30,4,M111000100001000010001010010000000100011010000111
3487,531,31,17,M111000100001000010001010010000000100011010000111
3520,215,0,0,M101011001010001000000101000011000000010000011101
3521,215,1,30,M101011001010001000000101000011000000010000011101
3522,215,2,8,M101011001010001000000101000011000000010000011101
3523,215,3,17,M101011001010001000000101000011000000010000011101
3524,215,4,28,M101011001010001000000101000011000000010000011101
3525,215,5,31,M101011001010001000000101000011000000010000011101
3526,215,6,2,M101011001010001000000101000011000000010000011101
3527,215,7,26,M101011001010001000000101000011000000010000011101
3528,215,8,19,M101011001010001000000101000011000000010000011101
3529,215,9,16,M101011001010001000000101000011000000010000011101
3530,215,10,18,M101011001010001000000101000011000000010000011101
3531,215,11,20,M101011001010001000000101000011000000010000011101
3532,215,12,25,M101011001010001000000101000011000000010000011101
3533,215,13,14,M101011001010001000000101000011000000010000011101
3534,215,14,13,M101011001010001000000101000011000000010000011101
3535,215,15,4,M101011001010001000000101000011000000010000011101
3536,215,16,22,M101011001010001000000101000011000000010000011101
3537,215,17,21,M101011001010001000000101000011000000010000011101
3538,215,18,15,M101011001010001000000101000011000000010000011101
3539,215,19,23,M101011001010001000000101000011000000010000011101
3540,215,20,12,M101011001010001000000101000011000000010000011101
3541,215,21,24,M101011001010001000000101000011000000010000011101
3542,215,22,27,M101011001010001000000101000011000000010000011101
3543,215,23,1,M101011001010001000000101000011000000010000011101
3544,215,24,9,M101011001010001000000101000011000000010000011101
3545,215,25,3,M101011001010001000000101000011000000010000011101
3546,215,26,11,M101011001010001000000101000011000000010000011101
3547,215,27,6,M101011001010001000000101000011000000010000011101
3548,215,28,10,M101011001010001000000101000011000000010000011101
3549,215,29,7,M101011001010001000000101000011000000010000011101
3550,215,30,29,M101011001010001000000101000011000000010000011101
3551,215,31,5,M101011001010001000000101000011000000010000011101
3552,424,0,15,M010110001100000010010000100010100000101100001011
3553,424,1,29,M010110001100000010010000100010100000101100001011
3554,424,2,7,M010110001100000010010000100010100000101100001011
3555,424,3,21,M010110001100000010010000100010100000101100001011
3556,424,4,25,M010110001100000010010000100010100000101100001011
3557,424,5,13,M010110001100000010010000100010100000101100001011
3558,424,6,0,M010110001100000010010000100010100000101100001011
3559,424,7,2,M010110001100000010010000100010100000101100001011
3560,424,8,12,M010110001100000010010000100010100000101100001011
3561,424,9,18,M010110001100000010010000100010100000101100001011
3562,424,10,26,M010110001100000010010000100010100000101100001011
3563,424,11,3,M010110001100000010010000100010100000101100001011
3564,424,12,4,M010110001100000010010000100010100000101100001011
3565,424,13,16,M010110001100000010010000100010100000101100001011
3566,424,14,20,M010110001100000010010000100010100000101100001011
3567,424,15,11,M010110001100000010010000100010100000101100001011
3568,424,16,14,M010110001100000010010000100010100000101100001011
3569,424,17,28,M010110001100000010010000100010100000101100001011
3570,424,18,30,M010110001100000010010000100010100000101100001011
3571,424,19,9,M010110001100000010010000100010100000101100001011
3572,424,20,31,M010110001100000010010000100010100000101100001011
3573,424,21,19,M010110001100000010010000100010100000101100001011
3574,424,22,27,M010110001100000010010000100010100000101100001011
3575,424,23,1,M010110001100000010010000100010100000101100001011
3576,424,24,17,M010110001100000010010000100010100000101100001011
3577,424,25,22,M010110001100000010010000100010100000101100001011
3578,424,26,6,M010110001100000010010000100010100000101100001011
3579,424,27,8,M010110001100000010010000100010100000101100001011
3580,424,28,10,M010110001100000010010000100010100000101100001011
3581,424,29,24,M010110001100000010010000100010100000101100001011
3582,424,30,5,M010110001100000010010000100010100000101100001011
3583,424,31,23,M010110001100000010010000100010100000101100001011
3584,324,0,6,M110101100000101101100010000000101001010000100000
3585,324,1,13,M110101100000101101100010000000101001010000100000
3586,324,2,10,M110101100000101101100010000000101001010000100000
3587,324,3,21,M110101100000101101100010000000101001010000100000
3588,324,4,0,M110101100000101101100010000000101001010000100000
3589,324,5,8,M110101100000101101100010000000101001010000100000
3590,324,6,14,M110101100000101101100010000000101001010000100000
3591,324,7,3,M110101100000101101100010000000101001010000100000
3592,324,8,12,M110101100000101101100010000000101001010000100000
3593,324,9,30,M110101100000101101100010000000101001010000100000
3594,324,10,25,M110101100000101101100010000000101001010000100000
3595,324,11,22,M110101100000101101100010000000101001010000100000
3596,324,12,27,M110101100000101101100010000000101001010000100000
3597,324,13,19,M110101100000101101100010000000101001010000100000
3598,324,14,16,M110101100000101101100010000000101001010000100000
3599,324,15,4,M110101100000101101100010000000101001010000100000
3600,324,16,11,M110101100000101101100010000000101001010000100000
3601,324,17,31,M110101100000101101100010000000101001010000100000
3602,324,18,23,M110101100000101101100010000000101001010000100000
3603,324,19,5,M110101100000101101100010000000101001010000100000
3604,324,20,29,M110101100000101101100010000000101001010000100000
3605,324,21,20,M110101100000101101100010000000101001010000100000
3606,324,22,24,M110101100000101101100010000000101001010000100000
3607,324,23,2,M110101100000101101100010000000101001010000100000
3608,324,24,15,M110101100000101101100010000000101001010000100000
3609,324,25,1,M110101100000101101100010000000101001010000100000
3610,324,26,7,M110101100000101101100010000000101001010000100000
3611,324,27,18,M110101100000101101100010000000101001010000100000
3612,324,28,28,M110101100000101101100010000000101001010000100000
3613,324,29,17,M110101100000101101100010000000101001010000100000
3614,324,30,26,M110101100000101101100010000000101001010000100000
3615,324,31,9,M110101100000101101100010000000101001010000100000
3648,535,0,7,M111101000100110000000100000010001001101010011000
3649,535,1,6,M111101000100110000000100000010001001101010011000
3650,535,2,26,M111101000100110000000100000010001001101010011000
3651,535,3,19,M111101000100110000000100000010001001101010011000
3652,535,4,31,M111101000100110000000100000010001001101010011000
3653,535,5,30,M111101000100110000000100000010001001101010011000
3654,535,6,14,M111101000100110000000100000010001001101010011000
3655,535,7,13,M111101000100110000000100000010001001101010011000
3656,535,8,27,M111101000100110000000100000010001001101010011000
3657,535,9,25,M111101000100110000000100000010001001101010011000
3658,535,10,24,M111101000100110000000100000010001001101010011000
3659,535,11,28,M111101000100110000000100000010001001101010011000
3660,535,12,3,M111101000100110000000100000010001001101010011000
3661,535,13,15,M111101000100110000000100000010001001101010011000
3662,535,14,23,M111101000100110000000100000010001001101010011000
3663,535,15,11,M111101000100110000000100000010001001101010011000
3664,535,16,8,M111101000100110000000100000010001001101010011000
3665,535,17,9,M111101000100110000000100000010001001101010011000
3666,535,18,4,M111101000100110000000100000010001001101010011000
3667,535,19,20,M111101000100110000000100000010001001101010011000
3668,535,20,2,M111101000100110000000100000010001001101010011000
3669,535,21,10,M111101000100110000000100000010001001101010011000
3670,535,22,16,M111101000100110000000100000010001001101010011000
3671,535,23,17,M111101000100110000000100000010001001101010011000
3672,535,24,29,M111101000100110000000100000010001001101010011000
3673,535,25,0,M111101000100110000000100000010001001101010011000
3674,535,26,1,M111101000100110000000100000010001001101010011000
3675,535,27,21,M111101000100110000000100000010001001101010011000
3676,535,28,5,M111101000100110000000100000010001001101010011000
3677,535,29,22,M111101000100110000000100000010001001101010011000
3678,535,30,12,M111101000100110000000100000010001001101010011000
3679,535,31,18,M111101000100110000000100000010001001101010011000
3680,320,0,21,M011111100000010000010100000000000100000001011111
3681,320,1,5,M011111100000010000010100000000000100000001011111
3682,320,2,24,M011111100000010000010100000000000100000001011111
3683,320,3,29,M011111100000010000010100000000000100000001011111
3684,320,4,22,M011111100000010000010100000000000100000001011111
3685,320,5,25,M011111100000010000010100000000000100000001011111
3686,320,6,28,M011111100000010000010100000000000100000001011111
3687,320,7,26,M011111100000010000010100000000000100000001011111
3688,320,8,0,M011111100000010000010100000000000100000001011111
3689,320,9,9,M011111100000010000010100000000000100000001011111
3690,320,10,30,M011111100000010000010100000000000100000001011111
3691,320,11,3,M011111100000010000010100000000000100000001011111
3692,320,12,8,M011111100000010000010100000000000100000001011111
3693,320,13,17,M011111100000010000010100000000000100000001011111
3694,320,14,16,M011111100000010000010100000000000100000001011111
3695,320,15,4,M011111100000010000010100000000000100000001011111
3696,320,16,1,M011111100000010000010100000000000100000001011111
3697,320,17,10,M011111100000010000010100000000000100000001011111
3698,320,18,14,M011111100000010000010100000000000100000001011111
3699,320,19,20,M011111100000010000010100000000000100000001011111
3700,320,20,27,M011111100000010000010100000000000100000001011111
3701,320,21,18,M011111100000010000010100000000000100000001011111
3702,320,22,19,M011111100000010000010100000000000100000001011111
3703,320,23,12,M011111100000010000010100000000000100000001011111
3704,320,24,23,M011111100000010000010100000000000100000001011111
3705,320,25,11,M011111100000010000010100000000000100000001011111
3706,320,26,7,M011111100000010000010100000000000100000001011111
3707,320,27,2,M011111100000010000010100000000000100000001011111
3708,320,28,31,M011111100000010000010100000000000100000001011111
3709,320,29,13,M011111100000010000010100000000000100000001011111
3710,320,30,15,M011111100000010000010100000000000100000001011111
3711,320,31,6,M011111100000010000010100000000000100000001011111
3744,53,0,25,M010010000100101010000101110000000100001001100011
3745,53,1,26,M010010000100101010000101110000000100001001100011
3746,53,2,22,M010010000100101010000101110000000100001001100011
3747,53,3,19,M010010000100101010000101110000000100001001100011
3748,53,4,9,M010010000100101010000101110000000100001001100011
3749,53,5,23,M010010000100101010000101110000000100001001100011
3750,53,6,28,M010010000100101010000101110000000100001001100011
3751,53,7,18,M010010000100101010000101110000000100001001100011
3752,53,8,7,M010010000100101010000101110000000100001001100011
3753,53,9,20,M010010000100101010000101110000000100001001100011
3754,53,10,13,M010010000100101010000101110000000100001001100011
3755,53,11,11,M010010000100101010000101110000000100001001100011
3756,53,12,24,M010010000100101010000101110000000100001001100011
3757,53,13,29,M010010000100101010000101110000000100001001100011
3758,53,14,3,M010010000100101010000101110000000100001001100011
3759,53,15,15,M010010000100101010000101110000000100001001100011
3760,53,16,27,M010010000100101010000101110000000100001001100011
3761,53,17,5,M010010000100101010000101110000000100001001100011
3762,53,18,31,M010010000100101010000101110000000100001001100011
3763,53,19,8,M010010000100101010000101110000000100001001100011
3764,53,20,30,M010010000100101010000101110000000100001001100011
3765,53,21,1,M010010000100101010000101110000000100001001100011
3766,53,22,17,M010010000100101010000101110000000100001001100011
3767,53,23,14,M010010000100101010000101110000000100001001100011
3768,53,24,2,M010010000100101010000101110000000100001001100011
3769,53,25,21,M010010000100101010000101110000000100001001100011
3770,53,26,4,M010010000100101010000101110000000100001001100011
3771,53,27,10,M010010000100101010000101110000000100001001100011
3772,53,28,12,M010010000100101010000101110000000100001001100011
3773,53,29,16,M010010000100101010000101110000000100001001100011
3774,53,30,0,M010010000100101010000101110000000100001001100011
3775,53,31,6,M010010000100101010000101110000000100001001100011
3776,485,0,6,M110110111010000010101101000000000000000000010101
3777,485,1,4,M110110111010000010101101000000000000000000010101
3778,485,2,23,M110110111010000010101101000000000000000000010101
3779,485,3,24,M110110111010000010101101000000000000000000010101
3780,485,4,18,M110110111010000010101101000000000000000000010101
3781,485,5,20,M110110111010000010101101000000000000000000010101
3782,485,6,17,M110110111010000010101101000000000000000000010101
3783,485,7,12,M110110111010000010101101000000000000000000010101
3784,485,8,7,M110110111010000010101101000000000000000000010101
3785,485,9,16,M110110111010000010101101000000000000000000010101
3786,485,10,21,M110110111010000010101101000000000000000000010101
3787,485,11,10,M110110111010000010101101000000000000000000010101
3788,485,12,8,M110110111010000010101101000000000000000000010101
3789,485,13,9,M110110111010000010101101000000000000000000010101
3790,485,14,1,M110110111010000010101101000000000000000000010101
3791,485,15,13,M110110111010000010101101000000000000000000010101
3792,485,16,3,M110110111010000010101101000000000000000000010101
3793,485,17,11,M110110111010000010101101000000000000000000010101
3794,485,18,14,M110110111010000010101101000000000000000000010101
3795,485,19,5,M110110111010000010101101000000000000000000010101
3796,485,20,15,M110110111010000010101101000000000000000000010101
3797,485,21,0,M110110111010000010101101000000000000000000010101
3798,485,22,27,M110110111010000010101101000000000000000000010101
3799,485,23,22,M110110111010000010101101000000000000000000010101
3800,485,24,19,M110110111010000010101101000000000000000000010101
3801,485,25,28,M110110111010000010101101000000000000000000010101
3802,485,26,25,M110110111010000010101101000000000000000000010101
3803,485,27,26,M110110111010000010101101000000000000000000010101
3804,485,28,2,M110110111010000010101101000000000000000000010101
3805,485,29,30,M110110111010000010101101000000000000000000010101
3806,485,30,29,M110110111010000010101101000000000000000000010101
3807,485,31,31,M110110111010000010101101000000000000000000010101
3840,167,0,6,M011000111000000000101000000000001010010100111101
3841,167,1,20,M011000111000000000101000000000001010010100111101
3842,167,2,2,M011000111000000000101000000000001010010100111101
3843,167,3,31,M011000111000000000101000000000001010010100111101
3844,167,4,3,M011000111000000000101000000000001010010100111101
3845,167,5,9,M011000111000000000101000000000001010010100111101
3846,167,6,30,M011000111000000000101000000000001010010100111101
3847,167,7,8,M011000111000000000101000000000001010010100111101
3848,167,8,17,M011000111000000000101000000000001010010100111101
3849,167,9,28,M011000111000000000101000000000001010010100111101
3850,167,10,26,M011000111000000000101000000000001010010100111101
3851,167,11,25,M011000111000000000101000000000001010010100111101
3852,167,12,11,M011000111000000000101000000000001010010100111101
3853,167,13,13,M011000111000000000101000000000001010010100111101
3854,167,14,16,M011000111000000000101000000000001010010100111101
3855,167,15,29,M011000111000000000101000000000001010010100111101
3856,167,16,22,M011000111000000000101000000000001010010100111101
3857,167,17,27,M011000111000000000101000000000001010010100111101
3858,167,18,0,M011000111000000000101000000000001010010100111101
3859,167,19,18,M011000111000000000101000000000001010010100111101
3860,167,20,15,M011000111000000000101000000000001010010100111101
3861,167,21,5,M011000111000000000101000000000001010010100111101
3862,167,22,12,M011000111000000000101000000000001010010100111101
3863,167,23,7,M011000111000000000101000000000001010010100111101
3864,167,24,14,M011000111000000000101000000000001010010100111101
3865,167,25,23,M011000111000000000101000000000001010010100111101
3866,167,26,19,M011000111000000000101000000000001010010100111101
3867,167,27,10,M011000111000000000101000000000001010010100111101
3868,167,28,24,M011000111000000000101000000000001010010100111101
3869,167,29,1,M011000111000000000101000000000001010010100111101
3870,167,30,21,M011000111000000000101000000000001010010100111101
3871,167,31,4,M011000111000000000101000000000001010010100111101
3872,558,0,7,M110110011000000011001000000000010000000001111110
3873,558,1,29,M110110011000000011001000000000010000000001111110
3874,558,2,24,M110110011000000011001000000000010000000001111110
3875,558,3,5,M110110011000000011001000000000010000000001111110
3876,558,4,0,M110110011000000011001000000000010000000001111110
3877,558,5,15,M110110011000000011001000000000010000000001111110
3878,558,6,26,M110110011000000011001000000000010000000001111110
3879,558,7,23,M110110011000000011001000000000010000000001111110
3880,558,8,28,M110110011000000011001000000000010000000001111110
3881,558,9,16,M110110011000000011001000000000010000000001111110
3882,558,10,30,M110110011000000011001000000000010000000001111110
3883,558,11,10,M110110011000000011001000000000010000000001111110
3884,558,12,8,M110110011000000011001000000000010000000001111110
3885,558,13,14,M110110011000000011001000000000010000000001111110
3886,558,14,18,M110110011000000011001000000000010000000001111110
3887,558,15,11,M110110011000000011001000000000010000000001111110
3888,558,16,6,M110110011000000011001000000000010000000001111110
3889,558,17,19,M110110011000000011001000000000010000000001111110
3890,558,18,13,M110110011000000011001000000000010000000001111110
3891,558,19,22,M110110011000000011001000000000010000000001111110
3892,558,20,25,M110110011000000011001000000000010000000001111110
3893,558,21,17,M110110011000000011001000000000010000000001111110
3894,558,22,4,M110110011000000011001000000000010000000001111110
3895,558,23,1,M110110011000000011001000000000010000000001111110
3896,558,24,21,M110110011000000011001000000000010000000001111110
3897,558,25,2,M110110011000000011001000000000010000000001111110
3898,558,26,27,M110110011000000011001000000000010000000001111110
3899,558,27,3,M110110011000000011001000000000010000000001111110
3900,558,28,31,M110110011000000011001000000000010000000001111110
3901,558,29,20,M110110011000000011001000000000010000000001111110
3902,558,30,12,M110110011000000011001000000000010000000001111110
3903,558,31,9,M110110011000000011001000000000010000000001111110
3904,83,0,27,M111101000011010000000101001000001100000001001001
3905,83,1,18,M111101000011010000000101001000001100000001001001
3906,83,2,14,M111101000011010000000101001000001100000001001001
3907,83,3,19,M111101000011010000000101001000001100000001001001
3908,83,4,12,M111101000011010000000101001000001100000001001001
3909,83,5,22,M111101000011010000000101001000001100000001001001
3910,83,6,2,M111101000011010000000101001000001100000001001001
3911,83,7,13,M111101000011010000000101001000001100000001001001
3912,83,8,17,M111101000011010000000101001000001100000001001001
3913,83,9,4,M111101000011010000000101001000001100000001001001
3914,83,10,20,M111101000011010000000101001000001100000001001001
3915,83,11,5,M111101000011010000000101001000001100000001001001
3916,83,12,31,M111101000011010000000101001000001100000001001001
3917,83,13,8,M111101000011010000000101001000001100000001001001
3918,83,14,23,M111101000011010000000101001000001100000001001001
3919,83,15,26,M111101000011010000000101001000001100000001001001
3920,83,16,6,M111101000011010000000101001000001100000001001001
3921,83,17,16,M111101000011010000000101001000001100000001001001
3922,83,18,9,M111101000011010000000101001000001100000001001001
3923,83,19,21,M111101000011010000000101001000001100000001001001
3924,83,20,28,M111101000011010000000101001000001100000001001001
3925,83,21,24,M111101000011010000000101001000001100000001001001
3926,83,22,15,M111101000011010000000101001000001100000001001001
3927,83,23,1,M111101000011010000000101001000001100000001001001
3928,83,24,29,M111101000011010000000101001000001100000001001001
3929,83,25,10,M111101000011010000000101001000001100000001001001
3930,83,26,11,M111101000011010000000101001000001100000001001001
3931,83,27,3,M111101000011010000000101001000001100000001001001
3932,83,28,0,M111101000011010000000101001000001100000001001001
3933,83,29,30,M111101000011010000000101001000001100000001001001
3934,83,30,25,M111101000011010000000101001000001100000001001001
3935,83,31,7,M111101000011010000000101001000001100000001001001
3936,517,0,8,M101011000000111101000000101000000000101100010001
3937,517,1,12,M101011000000111101000000101000000000101100010001
3938,517,2,17,M101011000000111101000000101000000000101100010001
3939,517,3,11,M101011000000111101000000101000000000101100010001
3940,517,4,14,M101011000000111101000000101000000000101100010001
3941,517,5,22,M101011000000111101000000101000000000101100010001
3942,517,6,5,M101011000000111101000000101000000000101100010001
3943,517,7,7,M101011000000111101000000101000000000101100010001
3944,517,8,6,M101011000000111101000000101000000000101100010001
3945,517,9,29,M101011000000111101000000101000000000101100010001
3946,517,10,1,M101011000000111101000000101000000000101100010001
3947,517,11,20,M101011000000111101000000101000000000101100010001
3948,517,12,0,M101011000000111101000000101000000000101100010001
3949,517,13,18,M101011000000111101000000101000000000101100010001
3950,517,14,26,M101011000000111101000000101000000000101100010001
3951,517,15,15,M101011000000111101000000101000000000101100010001
3952,517,16,27,M101011000000111101000000101000000000101100010001
3953,517,17,23,M101011000000111101000000101000000000101100010001
3954,517,18,9,M101011000000111101000000101000000000101100010001
3955,517,19,28,M101011000000111101000000101000000000101100010001
3956,517,20,10,M101011000000111101000000101000000000101100010001
3957,517,21,31,M101011000000111101000000101000000000101100010001
3958,517,22,21,M101011000000111101000000101000000000101100010001
3959,517,23,24,M101011000000111101000000101000000000101100010001
3960,517,24,16,M101011000000111101000000101000000000101100010001
3961,517,25,19,M101011000000111101000000101000000000101100010001
3962,517,26,4,M101011000000111101000000101000000000101100010001
3963,517,27,13,M101011000000111101000000101000000000101100010001
3964,517,28,3,M101011000000111101000000101000000000101100010001
3965,517,29,25,M101011000000111101000000101000000000101100010001
3966,517,30,30,M101011000000111101000000101000000000101100010001
3967,517,31,2,M101011000000111101000000101000000000101100010001
3968,246,0,31,M110100010100000111001100000100100001000001010100
3969,246,1,29,M110100010100000111001100000100100001000001010100
3970,246,2,5,M110100010100000111001100000100100001000001010100
3971,246,3,30,M110100010100000111001100000100100001000001010100
3972,246,4,8,M110100010100000111001100000100100001000001010100
3973,246,5,0,M110100010100000111001100000100100001000001010100
3974,246,6,10,M110100010100000111001100000100100001000001010100
3975,246,7,1,M110100010100000111001100000100100001000001010100
3976,246,8,4,M110100010100000111001100000100100001000001010100
3977,246,9,24,M110100010100000111001100000100100001000001010100
3978,246,10,15,M110100010100000111001100000100100001000001010100
3979,246,11,26,M110100010100000111001100000100100001000001010100
3980,246,12,20,M110100010100000111001100000100100001000001010100
3981,246,13,14,M110100010100000111001100000100100001000001010100
3982,246,14,27,M110100010100000111001100000100100001000001010100
3983,246,15,21,M110100010100000111001100000100100001000001010100
3984,246,16,23,M110100010100000111001100000100100001000001010100
3985,246,17,28,M110100010100000111001100000100100001000001010100
3986,246,18,6,M110100010100000111001100000100100001000001010100
3987,246,19,3,M110100010100000111001100000100100001000001010100
3988,246,20,22,M110100010100000111001100000100100001000001010100
3989,246,21,17,M110100010100000111001100000100100001000001010100
3990,246,22,9,M110100010100000111001100000100100001000001010100
3991,246,23,16,M110100010100000111001100000100100001000001010100
3992,246,24,18,M110100010100000111001100000100100001000001010100
3993,246,25,7,M110100010100000111001100000100100001000001010100
3994,246,26,2,M110100010100000111001100000100100001000001010100
3995,246,27,25,M110100010100000111001100000100100001000001010100
3996,246,28,19,M110100010100000111001100000100100001000001010100
3997,246,29,13,M110100010100000111001100000100100001000001010100
3998,246,30,12,M110100010100000111001100000100100001000001010100
3999,246,31,11,M110100010100000111001100000100100001000001010100
4000,429,0,6,M101010000000100000001011010100001000001000111101
4001,429,1,29,M101010000000100000001011010100001000001000111101
4002,429,2,11,M101010000000100000001011010100001000001000111101
4003,429,3,22,M101010000000100000001011010100001000001000111101
4004,429,4,1,M101010000000100000001011010100001000001000111101
4005,429,5,10,M101010000000100000001011010100001000001000111101
4006,429,6,26,M101010000000100000001011010100001000001000111101
4007,429,7,30,M101010000000100000001011010100001000001000111101
4008,429,8,14,M101010000000100000001011010100001000001000111101
4009,429,9,3,M101010000000100000001011010100001000001000111101
4010,429,10,9,M101010000000100000001011010100001000001000111101
4011,429,11,4,M101010000000100000001011010100001000001000111101
4012,429,12,27,M101010000000100000001011010100001000001000111101
4013,429,13,23,M101010000000100000001011010100001000001000111101
4014,429,14,7,M101010000000100000001011010100001000001000111101
4015,429,15,25,M101010000000100000001011010100001000001000111101
4016,429,16,28,M101010000000100000001011010100001000001000111101
4017,429,17,12,M101010000000100000001011010100001000001000111101
4018,429,18,24,M101010000000100000001011010100001000001000111101
4019,429,19,18,M101010000000100000001011010100001000001000111101
4020,429,20,0,M101010000000100000001011010100001000001000111101
4021,429,21,17,M101010000000100000001011010100001000001000111101
4022,429,22,31,M101010000000100000001011010100001000001000111101
4023,429,23,13,M101010000000100000001011010100001000001000111101
4024,429,24,2,M101010000000100000001011010100001000001000111101
4025,429,25,21,M101010000000100000001011010100001000001000111101
4026,429,26,19,M101010000000100000001011010100001000001000111101
4027,429,27,5,M101010000000100000001011010100001000001000111101
4028,429,28,8,M101010000000100000001011010100001000001000111101
4029,429,29,16,M101010000000100000001011010100001000001000111101
4030,429,30,15,M101010000000100000001011010100001000001000111101
4031,429,31,20,M101010000000100000001011010100001000001000111101
4032,489,0,2,M011010010000011100000010000000010011000010101101
4033,489,1,18,M011010010000011100000010000000010011000010101101
4034,489,2,30,M011010010000011100000010000000010011000010101101
4035,489,3,28,M011010010000011100000010000000010011000010101101
4036,489,4,29,M011010010000011100000010000000010011000010101101
4037,489,5,31,M011010010000011100000010000000010011000010101101
4038,489,6,4,M011010010000011100000010000000010011000010101101
4039,489,7,11,M011010010000011100000010000000010011000010101101
4040,489,8,15,M011010010000011100000010000000010011000010101101
4041,489,9,6,M011010010000011100000010000000010011000010101101
4042,489,10,14,M011010010000011100000010000000010011000010101101
4043,489,11,23,M011010010000011100000010000000010011000010101101
4044,489,12,8,M011010010000011100000010000000010011000010101101
4045,489,13,7,M011010010000011100000010000000010011000010101101
4046,489,14,12,M011010010000011100000010000000010011000010101101
4047,489,15,3,M011010010000011100000010000000010011000010101101
4048,489,16,0,M011010010000011100000010000000010011000010101101
4049,489,17,17,M011010010000011100000010000000010011000010101101
4050,489,18,20,M011010010000011100000010000000010011000010101101
4051,489,19,22,M011010010000011100000010000000010011000010101101
4052,489,20,27,M011010010000011100000010000000010011000010101101
4053,489,21,19,M011010010000011100000010000000010011000010101101
4054,489,22,5,M011010010000011100000010000000010011000010101101
4055,489,23,1,M011010010000011100000010000000010011000010101101
4056,489,24,25,M011010010000011100000010000000010011000010101101
4057,489,25,21,M011010010000011100000010000000010011000010101101
4058,489,26,16,M011010010000011100000010000000010011000010101101
4059,489,27,9,M011010010000011100000010000000010011000010101101
4060,489,28,24,M011010010000011100000010000000010011000010101101
4061,489,29,13,M011010010000011100000010000000010011000010101101
4062,489,30,26,M011010010000011100000010000000010011000010101101
4063,489,31,10,M011010010000011100000010000000010011000010101101
4096,547,0,26,M110100000000110010011001000011000001000011100001
4097,547,1,10,M110100000000110010011001000011000001000011100001
4098,547,2,22,M110100000000110010011001000011000001000011100001
4099,547,3,21,M110100000000110010011001000011000001000011100001
4100,547,4,11,M110100000000110010011001000011000001000011100001
4101,547,5,31,M110100000000110010011001000011000001000011100001
4102,547,6,9,M110100000000110010011001000011000001000011100001
4103,547,7,5,M110100000000110010011001000011000001000011100001
4104,547,8,18,M110100000000110010011001000011000001000011100001
4105,547,9,15,M110100000000110010011001000011000001000011100001
4106,547,10,8,M110100000000110010011001000011000001000011100001
4107,547,11,0,M110100000000110010011001000011000001000011100001
4108,547,12,2,M110100000000110010011001000011000001000011100001
4109,547,13,19,M110100000000110010011001000011000001000011100001
4110,547,14,20,M110100000000110010011001000011000001000011100001
4111,547,15,4,M110100000000110010011001000011000001000011100001
4112,547,16,12,M110100000000110010011001000011000001000011100001
4113,547,17,25,M110100000000110010011001000011000001000011100001
4114,547,18,14,M110100000000110010011001000011000001000011100001
4115,547,19,6,M110100000000110010011001000011000001000011100001
4116,547,20,7,M110100000000110010011001000011000001000011100001
4117,547,21,24,M110100000000110010011001000011000001000011100001
4118,547,22,3,M110100000000110010011001000011000001000011100001
4119,547,23,17,M110100000000110010011001000011000001000011100001
4120,547,24,29,M110100000000110010011001000011000001000011100001
4121,547,25,13,M110100000000110010011001000011000001000011100001
4122,547,26,1,M110100000000110010011001000011000001000011100001
4123,547,27,28,M110100000000110010011001000011000001000011100001
4124,547,28,27,M110100000000110010011001000011000001000011100001
4125,547,29,30,M110100000000110010011001000011000001000011100001
4126,547,30,16,M110100000000110010011001000011000001000011100001
4127,547,31,23,M110100000000110010011001000011000001000011100001
4128,193,0,19,M010110000000010001100000000010110010011010101001
4129,193,1,10,M010110000000010001100000000010110010011010101001
4130,193,2,3,M010110000000010001100000000010110010011010101001
4131,193,3,7,M010110000000010001100000000010110010011010101001
4132,193,4,26,M010110000000010001100000000010110010011010101001
4133,193,5,22,M010110000000010001100000000010110010011010101001
4134,193,6,0,M010110000000010001100000000010110010011010101001
4135,193,7,20,M010110000000010001100000000010110010011010101001
4136,193,8,4,M010110000000010001100000000010110010011010101001
4137,193,9,15,M010110000000010001100000000010110010011010101001
4138,193,10,9,M010110000000010001100000000010110010011010101001
4139,193,11,11,M010110000000010001100000000010110010011010101001
4140,193,12,5,M010110000000010001100000000010110010011010101001
4141,193,13,6,M010110000000010001100000000010110010011010101001
4142,193,14,21,M010110000000010001100000000010110010011010101001
4143,193,15,16,M010110000000010001100000000010110010011010101001
4144,193,16,2,M010110000000010001100000000010110010011010101001
4145,193,17,17,M010110000000010001100000000010110010011010101001
4146,193,18,25,M010110000000010001100000000010110010011010101001
4147,193,19,30,M010110000000010001100000000010110010011010101001
4148,193,20,29,M010110000000010001100000000010110010011010101001
4149,193,21,28,M010110000000010001100000000010110010011010101001
4150,193,22,24,M010110000000010001100000000010110010011010101001
4151,193,23,12,M010110000000010001100000000010110010011010101001
4152,193,24,13,M010110000000010001100000000010110010011010101001
4153,193,25,18,M010110000000010001100000000010110010011010101001
4154,193,26,8,M010110000000010001100000000010110010011010101001
4155,193,27,27,M010110000000010001100000000010110010011010101001
4156,193,28,31,M010110000000010001100000000010110010011010101001
4157,193,29,1,M010110000000010001100000000010110010011010101001
4158,193,30,23,M010110000000010001100000000010110010011010101001
4159,193,31,14,M010110000000010001100000000010110010011010101001
4160,436,0,6,M110110010000010000100101000000100000000001111101
4161,436,1,11,M110110010000010000100101000000100000000001111101
4162,436,2,12,M110110010000010000100101000000100000000001111101
4163,436,3,3,M110110010000010000100101000000100000000001111101
4164,436,4,25,M110110010000010000100101000000100000000001111101
4165,436,5,15,M110110010000010000100101000000100000000001111101
4166,436,6,5,M110110010000010000100101000000100000000001111101
4167,436,7,17,M110110010000010000100101000000100000000001111101
4168,436,8,21,M110110010000010000100101000000100000000001111101
4169,436,9,23,M110110010000010000100101000000100000000001111101
4170,436,10,20,M110110010000010000100101000000100000000001111101
4171,436,11,19,M110110010000010000100101000000100000000001111101
4172,436,12,28,M110110010000010000100101000000100000000001111101
4173,436,13,16,M110110010000010000100101000000100000000001111101
4174,436,14,29,M110110010000010000100101000000100000000001111101
4175,436,15,0,M110110010000010000100101000000100000000001111101
4176,436,16,27,M110110010000010000100101000000100000000001111101
4177,436,17,18,M110110010000010000100101000000100000000001111101
4178,436,18,8,M110110010000010000100101000000100000000001111101
4179,436,19,2,M110110010000010000100101000000100000000001111101
4180,436,20,14,M110110010000010000100101000000100000000001111101
4181,436,21,9,M110110010000010000100101000000100000000001111101
4182,436,22,1,M110110010000010000100101000000100000000001111101
4183,436,23,30,M110110010000010000100101000000100000000001111101
4184,436,24,13,M110110010000010000100101000000100000000001111101
4185,436,25,22,M110110010000010000100101000000100000000001111101
4186,436,26,31,M110110010000010000100101000000100000000001111101
4187,436,27,26,M110110010000010000100101000000100000000001111101
4188,436,28,4,M110110010000010000100101000000100000000001111101
4189,436,29,10,M110110010000010000100101000000100000000001111101
4190,436,30,7,M110110010000010000100101000000100000000001111101
4191,436,31,24,M110110010000010000100101000000100000000001111101
4192,56,0,3,M001010100000000111000000001101001000011000110111
4193,56,1,13,M001010100000000111000000001101001000011000110111
4194,56,2,30,M001010100000000111000000001101001000011000110111
4195,56,3,24,M001010100000000111000000001101001000011000110111
4196,56,4,27,M001010100000000111000000001101001000011000110111
4197,56,5,31,M001010100000000111000000001101001000011000110111
4198,56,6,18,M001010100000000111000000001101001000011000110111
4199,56,7,8,M001010100000000111000000001101001000011000110111
4200,56,8,19,M001010100000000111000000001101001000011000110111
4201,56,9,17,M001010100000000111000000001101001000011000110111
4202,56,10,12,M001010100000000111000000001101001000011000110111
4203,56,11,15,M001010100000000111000000001101001000011000110111
4204,56,12,21,M001010100000000111000000001101001000011000110111
4205,56,13,23,M001010100000000111000000001101001000011000110111
4206,56,14,20,M001010100000000111000000001101001000011000110111
4207,56,15,14,M001010100000000111000000001101001000011000110111
4208,56,16,1,M001010100000000111000000001101001000011000110111
4209,56,17,7,M001010100000000111000000001101001000011000110111
4210,56,18,26,M001010100000000111000000001101001000011000110111
4211,56,19,2,M001010100000000111000000001101001000011000110111
4212,56,20,9,M001010100000000111000000001101001000011000110111
4213,56,21,16,M001010100000000111000000001101001000011000110111
4214,56,22,25,M001010100000000111000000001101001000011000110111
4215,56,23,10,M001010100000000111000000001101001000011000110111
4216,56,24,6,M001010100000000111000000001101001000011000110111
4217,56,25,11,M001010100000000111000000001101001000011000110111
4218,56,26,29,M001010100000000111000000001101001000011000110111
4219,56,27,5,M001010100000000111000000001101001000011000110111
4220,56,28,22,M001010100000000111000000001101001000011000110111
4221,56,29,0,M001010100000000111000000001101001000011000110111
4222,56,30,4,M001010100000000111000000001101001000011000110111
4223,56,31,28,M001010100000000111000000001101001000011000110111
4256,289,0,25,M001110000001010100010100010000100100000001110101
4257,289,1,15,M001110000001010100010100010000100100000001110101
4258,289,2,0,M001110000001010100010100010000100100000001110101
4259,289,3,20,M001110000001010100010100010000100100000001110101
4260,289,4,1,M001110000001010100010100010000100100000001110101
4261,289,5,2,M001110000001010100010100010000100100000001110101
4262,289,6,14,M001110000001010100010100010000100100000001110101
4263,289,7,16,M001110000001010100010100010000100100000001110101
4264,289,8,27,M001110000001010100010100010000100100000001110101
4265,289,9,28,M001110000001010100010100010000100100000001110101
4266,289,10,11,M001110000001010100010100010000100100000001110101
4267,289,11,26,M001110000001010100010100010000100100000001110101
4268,289,12,9,M001110000001010100010100010000100100000001110101
4269,289,13,31,M001110000001010100010100010000100100000001110101
4270,289,14,4,M001110000001010100010100010000100100000001110101
4271,289,15,13,M001110000001010100010100010000100100000001110101
4272,289,16,3,M001110000001010100010100010000100100000001110101
4273,289,17,22,M001110000001010100010100010000100100000001110101
4274,289,18,10,M001110000001010100010100010000100100000001110101
4275,289,19,8,M001110000001010100010100010000100100000001110101
4276,289,20,7,M001110000001010100010100010000100100000001110101
4277,289,21,24,M001110000001010100010100010000100100000001110101
4278,289,22,23,M001110000001010100010100010000100100000001110101
4279,289,23,5,M001110000001010100010100010000100100000001110101
4280,289,24,6,M001110000001010100010100010000100100000001110101
4281,289,25,21,M001110000001010100010100010000100100000001110101
4282,289,26,18,M001110000001010100010100010000100100000001110101
4283,289,27,19,M001110000001010100010100010000100100000001110101
4284,289,28,30,M001110000001010100010100010000100100000001110101
4285,289,29,12,M001110000001010100010100010000100100000001110101
4286,289,30,17,M001110000001010100010100010000100100000001110101
4287,289,31,29,M001110000001010100010100010000100100000001110101
4320,267,0,21,M011101000110000100000001010000011011000000100101
4321,267,1,14,M011101000110000100000001010000011011000000100101
4322,267,2,19,M011101000110000100000001010000011011000000100101
4323,267,3,7,M011101000110000100000001010000011011000000100101
4324,267,4,26,M011101000110000100000001010000011011000000100101
4325,267,5,27,M011101000110000100000001010000011011000000100101
4326,267,6,4,M011101000110000100000001010000011011000000100101
4327,267,7,17,M011101000110000100000001010000011011000000100101
4328,267,8,30,M011101000110000100000001010000011011000000100101
4329,267,9,20,M011101000110000100000001010000011011000000100101
4330,267,10,16,M011101000110000100000001010000011011000000100101
4331,267,11,9,M011101000110000100000001010000011011000000100101
4332,267,12,31,M011101000110000100000001010000011011000000100101
4333,267,13,8,M011101000110000100000001010000011011000000100101
4334,267,14,28,M011101000110000100000001010000011011000000100101
4335,267,15,0,M011101000110000100000001010000011011000000100101
4336,267,16,18,M011101000110000100000001010000011011000000100101
4337,267,17,2,M011101000110000100000001010000011011000000100101
4338,267,18,1,M011101000110000100000001010000011011000000100101
4339,267,19,25,M011101000110000100000001010000011011000000100101
4340,267,20,15,M011101000110000100000001010000011011000000100101
4341,267,21,23,M011101000110000100000001010000011011000000100101
4342,267,22,10,M011101000110000100000001010000011011000000100101
4343,267,23,24,M011101000110000100000001010000011011000000100101
4344,267,24,13,M011101000110000100000001010000011011000000100101
4345,267,25,6,M011101000110000100000001010000011011000000100101
4346,267,26,3,M011101000110000100000001010000011011000000100101
4347,267,27,12,M011101000110000100000001010000011011000000100101
4348,267,28,29,M011101000110000100000001010000011011000000100101
4349,267,29,22,M011101000110000100000001010000011011000000100101
4350,267,30,11,M011101000110000100000001010000011011000000100101
4351,267,31,5,M011101000110000100000001010000011011000000100101
4352,353,0,29,M010011100000000000100100010001100000001011110110
4353,353,1,28,M010011100000000000100100010001100000001011110110
4354,353,2,4,M010011100000000000100100010001100000001011110110
4355,353,3,7,M010011100000000000100100010001100000001011110110
4356,353,4,21,M010011100000000000100100010001100000001011110110
4357,353,5,10,M010011100000000000100100010001100000001011110110
4358,353,6,23,M010011100000000000100100010001100000001011110110
4359,353,7,14,M010011100000000000100100010001100000001011110110
4360,353,8,24,M010011100000000000100100010001100000001011110110
4361,353,9,3,M010011100000000000100100010001100000001011110110
4362,353,10,2,M010011100000000000100100010001100000001011110110
4363,353,11,13,M010011100000000000100100010001100000001011110110
4364,353,12,19,M010011100000000000100100010001100000001011110110
4365,353,13,25,M010011100000000000100100010001100000001011110110
4366,353,14,11,M010011100000000000100100010001100000001011110110
4367,353,15,31,M010011100000000000100100010001100000001011110110
4368,353,16,26,M010011100000000000100100010001100000001011110110
4369,353,17,18,M010011100000000000100100010001100000001011110110
4370,353,18,16,M010011100000000000100100010001100000001011110110
4371,353,19,27,M010011100000000000100100010001100000001011110110
4372,353,20,9,M010011100000000000100100010001100000001011110110
4373,353,21,0,M010011100000000000100100010001100000001011110110
4374,353,22,1,M010011100000000000100100010001100000001011110110
4375,353,23,8,M010011100000000000100100010001100000001011110110
4376,353,24,17,M010011100000000000100100010001100000001011110110
4377,353,25,12,M010011100000000000100100010001100000001011110110
4378,353,26,30,M010011100000000000100100010001100000001011110110
4379,353,27,22,M010011100000000000100100010001100000001011110110
4380,353,28,20,M010011100000000000100100010001100000001011110110
4381,353,29,5,M010011100000000000100100010001100000001011110110
4382,353,30,15,M010011100000000000100100010001100000001011110110
4383,353,31,6,M010011100000000000100100010001100000001011110110
4384,7,0,15,M001100100001010001101000100010010100001000100111
4385,7,1,13,M001100100001010001101000100010010100001000100111
4386,7,2,11,M001100100001010001101000100010010100001000100111
4387,7,3,18,M001100100001010001101000100010010100001000100111
4388,7,4,1,M001100100001010001101000100010010100001000100111
4389,7,5,7,M001100100001010001101000100010010100001000100111
4390,7,6,29,M001100100001010001101000100010010100001000100111
4391,7,7,19,M001100100001010001101000100010010100001000100111
4392,7,8,28,M001100100001010001101000100010010100001000100111
4393,7,9,22,M001100100001010001101000100010010100001000100111
4394,7,10,9,M001100100001010001101000100010010100001000100111
4395,7,11,26,M001100100001010001101000100010010100001000100111
4396,7,12,25,M001100100001010001101000100010010100001000100111
4397,7,13,30,M001100100001010001101000100010010100001000100111
4398,7,14,3,M001100100001010001101000100010010100001000100111
4399,7,15,24,M001100100001010001101000100010010100001000100111
4400,7,16,17,M001100100001010001101000100010010100001000100111
4401,7,17,23,M001100100001010001101000100010010100001000100111
4402,7,18,16,M001100100001010001101000100010010100001000100111
4403,7,19,4,M001100100001010001101000100010010100001000100111
4404,7,20,31,M001100100001010001101000100010010100001000100111
4405,7,21,8,M001100100001010001101000100010010100001000100111
4406,7,22,12,M001100100001010001101000100010010100001000100111
4407,7,23,0,M001100100001010001101000100010010100001000100111
4408,7,24,21,M001100100001010001101000100010010100001000100111
4409,7,25,10,M001100100001010001101000100010010100001000100111
4410,7,26,2,M001100100001010001101000100010010100001000100111
4411,7,27,5,M001100100001010001101000100010010100001000100111
4412,7,28,14,M001100100001010001101000100010010100001000100111
4413,7,29,6,M001100100001010001101000100010010100001000100111
4414,7,30,27,M001100100001010001101000100010010100001000100111
4415,7,31,20,M001100100001010001101000100010010100001000100111
4416,248,0,8,M101111000000100101010000000000001000101100110100
4417,248,1,21,M101111000000100101010000000000001000101100110100
4418,248,2,7,M101111000000100101010000000000001000101100110100
4419,248,3,29,M101111000000100101010000000000001000101100110100
4420,248,4,26,M101111000000100101010000000000001000101100110100
4421,248,5,16,M101111000000100101010000000000001000101100110100
4422,248,6,5,M101111000000100101010000000000001000101100110100
4423,248,7,12,M101111000000100101010000000000001000101100110100
4424,248,8,25,M101111000000100101010000000000001000101100110100
4425,248,9,22,M101111000000100101010000000000001000101100110100
4426,248,10,27,M101111000000100101010000000000001000101100110100
4427,248,11,28,M101111000000100101010000000000001000101100110100
4428,248,12,18,M101111000000100101010000000000001000101100110100
4429,248,13,17,M101111000000100101010000000000001000101100110100
4430,248,14,0,M101111000000100101010000000000001000101100110100
4431,248,15,31,M101111000000100101010000000000001000101100110100
4432,248,16,11,M101111000000100101010000000000001000101100110100
4433,248,17,1,M101111000000100101010000000000001000101100110100
4434,248,18,23,M101111000000100101010000000000001000101100110100
4435,248,19,20,M101111000000100101010000000000001000101100110100
4436,248,20,6,M101111000000100101010000000000001000101100110100
4437,248,21,9,M101111000000100101010000000000001000101100110100
4438,248,22,24,M101111000000100101010000000000001000101100110100
4439,248,23,2,M101111000000100101010000000000001000101100110100
4440,248,24,4,M101111000000100101010000000000001000101100110100
4441,248,25,14,M101111000000100101010000000000001000101100110100
4442,248,26,30,M101111000000100101010000000000001000101100110100
4443,248,27,10,M101111000000100101010000000000001000101100110100
4444,248,28,3,M101111000000100101010000000000001000101100110100
4445,248,29,19,M101111000000100101010000000000001000101100110100
4446,248,30,13,M101111000000100101010000000000001000101100110100
4447,248,31,15,M101111000000100101010000000000001000101100110100
4448,307,0,29,M101011010000000000000110100000010100101110000101
4449,307,1,30,M101011010000000000000110100000010100101110000101
4450,307,2,21,M101011010000000000000110100000010100101110000101
4451,307,3,18,M101011010000000000000110100000010100101110000101
4452,307,4,12,M101011010000000000000110100000010100101110000101
4453,307,5,24,M101011010000000000000110100000010100101110000101
4454,307,6,14,M101011010000000000000110100000010100101110000101
4455,307,7,17,M101011010000000000000110100000010100101110000101
4456,307,8,22,M101011010000000000000110100000010100101110000101
4457,307,9,16,M101011010000000000000110100000010100101110000101
4458,307,10,4,M101011010000000000000110100000010100101110000101
4459,307,11,5,M101011010000000000000110100000010100101110000101
4460,307,12,2,M101011010000000000000110100000010100101110000101
4461,307,13,25,M101011010000000000000110100000010100101110000101
4462,307,14,10,M101011010000000000000110100000010100101110000101
4463,307,15,26,M101011010000000000000110100000010100101110000101
4464,307,16,6,M101011010000000000000110100000010100101110000101
4465,307,17,8,M101011010000000000000110100000010100101110000101
4466,307,18,13,M101011010000000000000110100000010100101110000101
4467,307,19,7,M101011010000000000000110100000010100101110000101
4468,307,20,0,M101011010000000000000110100000010100101110000101
4469,307,21,20,M101011010000000000000110100000010100101110000101
4470,307,22,28,M101011010000000000000110100000010100101110000101
4471,307,23,11,M101011010000000000000110100000010100101110000101
4472,307,24,9,M101011010000000000000110100000010100101110000101
4473,307,25,3,M101011010000000000000110100000010100101110000101
4474,307,26,1,M101011010000000000000110100000010100101110000101
4475,307,27,31,M101011010000000000000110100000010100101110000101
4476,307,28,27,M101011010000000000000110100000010100101110000101
4477,307,29,23,M101011010000000000000110100000010100101110000101
4478,307,30,19,M101011010000000000000110100000010100101110000101
4479,307,31,15,M101011010000000000000110100000010100101110000101
4480,30,0,4,M010110011100001000110000001000000000000000111111
4481,30,1,18,M010110011100001000110000001000000000000000111111
4482,30,2,8,M010110011100001000110000001000000000000000111111
4483,30,3,23,M010110011100001000110000001000000000000000111111
4484,30,4,26,M010110011100001000110000001000000000000000111111
4485,30,5,2,M010110011100001000110000001000000000000000111111
4486,30,6,16,M010110011100001000110000001000000000000000111111
4487,30,7,15,M010110011100001000110000001000000000000000111111
4488,30,8,14,M010110011100001000110000001000000000000000111111
4489,30,9,17,M010110011100001000110000001000000000000000111111
4490,30,10,12,M010110011100001000110000001000000000000000111111
4491,30,11,9,M010110011100001000110000001000000000000000111111
4492,30,12,28,M010110011100001000110000001000000000000000111111
4493,30,13,31,M010110011100001000110000001000000000000000111111
4494,30,14,5,M010110011100001000110000001000000000000000111111
4495,30,15,29,M010110011100001000110000001000000000000000111111
4496,30,16,11,M010110011100001000110000001000000000000000111111
4497,30,17,25,M010110011100001000110000001000000000000000111111
4498,30,18,30,M010110011100001000110000001000000000000000111111
4499,30,19,24,M010110011100001000110000001000000000000000111111
4500,30,20,7,M010110011100001000110000001000000000000000111111
4501,30,21,3,M010110011100001000110000001000000000000000111111
4502,30,22,19,M010110011100001000110000001000000000000000111111
4503,30,23,22,M010110011100001000110000001000000000000000111111
4504,30,24,13,M010110011100001000110000001000000000000000111111
4505,30,25,1,M010110011100001000110000001000000000000000111111
4506,30,26,6,M010110011100001000110000001000000000000000111111
4507,30,27,21,M010110011100001000110000001000000000000000111111
4508,30,28,0,M010110011100001000110000001000000000000000111111
4509,30,29,10,M010110011100001000110000001000000000000000111111
4510,30,30,20,M010110011100001000110000001000000000000000111111
4511,30,31,27,M010110011100001000110000001000000000000000111111
4512,387,0,24,M101111010011000000111000000000001000010000110100
4513,387,1,27,M101111010011000000111000000000001000010000110100
4514,387,2,2,M101111010011000000111000000000001000010000110100
4515,387,3,26,M101111010011000000111000000000001000010000110100
4516,387,4,30,M101111010011000000111000000000001000010000110100
4517,387,5,29,M101111010011000000111000000000001000010000110100
4518,387,6,11,M101111010011000000111000000000001000010000110100
4519,387,7,21,M101111010011000000111000000000001000010000110100
4520,387,8,8,M101111010011000000111000000000001000010000110100
4521,387,9,4,M101111010011000000111000000000001000010000110100
4522,387,10,1,M101111010011000000111000000000001000010000110100
4523,387,11,19,M101111010011000000111000000000001000010000110100
4524,387,12,28,M101111010011000000111000000000001000010000110100
4525,387,13,0,M101111010011000000111000000000001000010000110100
4526,387,14,18,M101111010011000000111000000000001000010000110100
4527,387,15,12,M101111010011000000111000000000001000010000110100
4528,387,16,13,M101111010011000000111000000000001000010000110100
4529,387,17,25,M101111010011000000111000000000001000010000110100
4530,387,18,6,M101111010011000000111000000000001000010000110100
4531,387,19,14,M101111010011000000111000000000001000010000110100
4532,387,20,7,M101111010011000000111000000000001000010000110100
4533,387,21,16,M101111010011000000111000000000001000010000110100
4534,387,22,20,M101111010011000000111000000000001000010000110100
4535,387,23,9,M101111010011000000111000000000001000010000110100
4536,387,24,22,M101111010011000000111000000000001000010000110100
4537,387,25,5,M101111010011000000111000000000001000010000110100
4538,387,26,17,M101111010011000000111000000000001000010000110100
4539,387,27,31,M101111010011000000111000000000001000010000110100
4540,387,28,23,M101111010011000000111000000000001000010000110100
4541,387,29,10,M101111010011000000111000000000001000010000110100
4542,387,30,3,M101111010011000000111000000000001000010000110100
4543,387,31,15,M101111010011000000111000000000001000010000110100
4576,491,0,29,M111101110001000000011000100000100000000100001110
4577,491,1,31,M111101110001000000011000100000100000000100001110
4578,491,2,8,M111101110001000000011000100000100000000100001110
4579,491,3,17,M111101110001000000011000100000100000000100001110
4580,491,4,12,M111101110001000000011000100000100000000100001110
4581,491,5,30,M111101110001000000011000100000100000000100001110
4582,491,6,14,M111101110001000000011000100000100000000100001110
4583,491,7,25,M111101110001000000011000100000100000000100001110
4584,491,8,15,M111101110001000000011000100000100000000100001110
4585,491,9,3,M111101110001000000011000100000100000000100001110
4586,491,10,26,M111101110001000000011000100000100000000100001110
4587,491,11,10,M111101110001000000011000100000100000000100001110
4588,491,12,5,M111101110001000000011000100000100000000100001110
4589,491,13,2,M111101110001000000011000100000100000000100001110
4590,491,14,18,M111101110001000000011000100000100000000100001110
4591,491,15,28,M111101110001000000011000100000100000000100001110
4592,491,16,20,M111101110001000000011000100000100000000100001110
4593,491,17,13,M111101110001000000011000100000100000000100001110
4594,491,18,6,M111101110001000000011000100000100000000100001110
4595,491,19,22,M111101110001000000011000100000100000000100001110
4596,491,20,0,M111101110001000000011000100000100000000100001110
4597,491,21,9,M111101110001000000011000100000100000000100001110
4598,491,22,16,M111101110001000000011000100000100000000100001110
4599,491,23,23,M111101110001000000011000100000100000000100001110
4600,491,24,11,M111101110001000000011000100000100000000100001110
4601,491,25,19,M111101110001000000011000100000100000000100001110
4602,491,26,24,M111101110001000000011000100000100000000100001110
4603,491,27,21,M111101110001000000011000100000100000000100001110
4604,491,28,27,M111101110001000000011000100000100000000100001110
4605,491,29,1,M111101110001000000011000100000100000000100001110
4606,491,30,4,M111101110001000000011000100000100000000100001110
4607,491,31,7,M111101110001000000011000100000100000000100001110
4608,114,0,30,M010010000011000000000011100001110010001010100110
4609,114,1,27,M010010000011000000000011100001110010001010100110
4610,114,2,20,M010010000011000000000011100001110010001010100110
4611,114,3,4,M010010000011000000000011100001110010001010100110
4612,114,4,16,M010010000011000000000011100001110010001010100110
4613,114,5,12,M010010000011000000000011100001110010001010100110
4614,114,6,29,M010010000011000000000011100001110010001010100110
4615,114,7,7,M010010000011000000000011100001110010001010100110
4616,114,8,3,M010010000011000000000011100001110010001010100110
4617,114,9,0,M010010000011000000000011100001110010001010100110
4618,114,10,17,M010010000011000000000011100001110010001010100110
4619,114,11,24,M010010000011000000000011100001110010001010100110
4620,114,12,25,M010010000011000000000011100001110010001010100110
4621,114,13,5,M010010000011000000000011100001110010001010100110
4622,114,14,1,M010010000011000000000011100001110010001010100110
4623,114,15,10,M010010000011000000000011100001110010001010100110
4624,114,16,13,M010010000011000000000011100001110010001010100110
4625,114,17,14,M010010000011000000000011100001110010001010100110
4626,114,18,31,M010010000011000000000011100001110010001010100110
4627,114,19,22,M010010000011000000000011100001110010001010100110
4628,114,20,11,M010010000011000000000011100001110010001010100110
4629,114,21,8,M010010000011000000000011100001110010001010100110
4630,114,22,9,M010010000011000000000011100001110010001010100110
4631,114,23,23,M010010000011000000000011100001110010001010100110
4632,114,24,2,M010010000011000000000011100001110010001010100110
4633,114,25,18,M010010000011000000000011100001110010001010100110
4634,114,26,28,M010010000011000000000011100001110010001010100110
4635,114,27,6,M010010000011000000000011100001110010001010100110
4636,114,28,26,M010010000011000000000011100001110010001010100110
4637,114,29,19,M010010000011000000000011100001110010001010100110
4638,114,30,21,M010010000011000000000011100001110010001010100110
4639,114,31,15,M010010000011000000000011100001110010001010100110
4672,405,0,13,M101101000010000101000100111001000000000000111100
4673,405,1,4,M101101000010000101000100111001000000000000111100
4674,405,2,17,M101101000010000101000100111001000000000000111100
4675,405,3,23,M101101000010000101000100111001000000000000111100
4676,405,4,31,M101101000010000101000100111001000000000000111100
4677,405,5,10,M101101000010000101000100111001000000000000111100
4678,405,6,5,M101101000010000101000100111001000000000000111100
4679,405,7,0,M101101000010000101000100111001000000000000111100
4680,405,8,22,M101101000010000101000100111001000000000000111100
4681,405,9,19,M101101000010000101000100111001000000000000111100
4682,405,10,15,M101101000010000101000100111001000000000000111100
4683,405,11,29,M101101000010000101000100111001000000000000111100
4684,405,12,9,M101101000010000101000100111001000000000000111100
4685,405,13,21,M101101000010000101000100111001000000000000111100
4686,405,14,24,M101101000010000101000100111001000000000000111100
4687,405,15,7,M101101000010000101000100111001000000000000111100
4688,405,16,18,M101101000010000101000100111001000000000000111100
4689,405,17,6,M101101000010000101000100111001000000000000111100
4690,405,18,1,M101101000010000101000100111001000000000000111100
4691,405,19,16,M101101000010000101000100111001000000000000111100
4692,405,20,2,M101101000010000101000100111001000000000000111100
4693,405,21,20,M101101000010000101000100111001000000000000111100
4694,405,22,8,M101101000010000101000100111001000000000000111100
4695,405,23,3,M101101000010000101000100111001000000000000111100
4696,405,24,14,M101101000010000101000100111001000000000000111100
4697,405,25,12,M101101000010000101000100111001000000000000111100
4698,405,26,11,M101101000010000101000100111001000000000000111100
4699,405,27,28,M101101000010000101000100111001000000000000111100
4700,405,28,27,M101101000010000101000100111001000000000000111100
4701,405,29,30,M101101000010000101000100111001000000000000111100
4702,405,30,25,M101101000010000101000100111001000000000000111100
4703,405,31,26,M101101000010000101000100111001000000000000111100
4704,568,0,18,M011101000001110000000010000110010000000000011111
4705,568,1,4,M011101000001110000000010000110010000000000011111
4706,568,2,24,M011101000001110000000010000110010000000000011111
4707,568,3,25,M011101000001110000000010000110010000000000011111
4708,568,4,3,M011101000001110000000010000110010000000000011111
4709,568,5,12,M011101000001110000000010000110010000000000011111
4710,568,6,20,M011101000001110000000010000110010000000000011111
4711,568,7,17,M011101000001110000000010000110010000000000011111
4712,568,8,30,M011101000001110000000010000110010000000000011111
4713,568,9,26,M011101000001110000000010000110010000000000011111
4714,568,10,10,M011101000001110000000010000110010000000000011111
4715,568,11,19,M011101000001110000000010000110010000000000011111
4716,568,12,15,M011101000001110000000010000110010000000000011111
4717,568,13,0,M011101000001110000000010000110010000000000011111
4718,568,14,13,M011101000001110000000010000110010000000000011111
4719,568,15,21,M011101000001110000000010000110010000000000011111
4720,568,16,6,M011101000001110000000010000110010000000000011111
4721,568,17,11,M011101000001110000000010000110010000000000011111
4722,568,18,9,M011101000001110000000010000110010000000000011111
4723,568,19,27,M011101000001110000000010000110010000000000011111
4724,568,20,1,M011101000001110000000010000110010000000000011111
4725,568,21,5,M011101000001110000000010000110010000000000011111
4726,568,22,16,M011101000001110000000010000110010000000000011111
4727,568,23,7,M011101000001110000000010000110010000000000011111
4728,568,24,23,M011101000001110000000010000110010000000000011111
4729,568,25,14,M011101000001110000000010000110010000000000011111
4730,568,26,8,M011101000001110000000010000110010000000000011111
4731,568,27,31,M011101000001110000000010000110010000000000011111
4732,568,28,29,M011101000001110000000010000110010000000000011111
4733,568,29,2,M011101000001110000000010000110010000000000011111
4734,568,30,28,M011101000001110000000010000110010000000000011111
4735,568,31,22,M011101000001110000000010000110010000000000011111
4800,61,0,29,M010101110000100000010000010100000010001001111001
4801,61,1,6,M010101110000100000010000010100000010001001111001
4802,61,2,2,M010101110000100000010000010100000010001001111001
4803,61,3,10,M010101110000100000010000010100000010001001111001
4804,61,4,4,M010101110000100000010000010100000010001001111001
4805,61,5,21,M010101110000100000010000010100000010001001111001
4806,61,6,0,M010101110000100000010000010100000010001001111001
4807,61,7,22,M010101110000100000010000010100000010001001111001
4808,61,8,24,M010101110000100000010000010100000010001001111001
4809,61,9,5,M010101110000100000010000010100000010001001111001
4810,61,10,30,M010101110000100000010000010100000010001001111001
4811,61,11,26,M010101110000100000010000010100000010001001111001
4812,61,12,28,M010101110000100000010000010100000010001001111001
4813,61,13,19,M010101110000100000010000010100000010001001111001
4814,61,14,12,M010101110000100000010000010100000010001001111001
4815,61,15,18,M010101110000100000010000010100000010001001111001
4816,61,16,27,M010101110000100000010000010100000010001001111001
4817,61,17,1,M010101110000100000010000010100000010001001111001
4818,61,18,23,M010101110000100000010000010100000010001001111001
4819,61,19,16,M010101110000100000010000010100000010001001111001
4820,61,20,20,M010101110000100000010000010100000010001001111001
4821,61,21,11,M010101110000100000010000010100000010001001111001
4822,61,22,14,M010101110000100000010000010100000010001001111001
4823,61,23,17,M010101110000100000010000010100000010001001111001
4824,61,24,8,M010101110000100000010000010100000010001001111001
4825,61,25,31,M010101110000100000010000010100000010001001111001
4826,61,26,9,M010101110000100000010000010100000010001001111001
4827,61,27,3,M010101110000100000010000010100000010001001111001
4828,61,28,7,M010101110000100000010000010100000010001001111001
4829,61,29,15,M010101110000100000010000010100000010001001111001
4830,61,30,13,M010101110000100000010000010100000010001001111001
4831,61,31,25,M010101110000100000010000010100000010001001111001
4832,498,0,12,M100101100000111010000000010000000100011000011110
4833,498,1,26,M100101100000111010000000010000000100011000011110
4834,498,2,18,M100101100000111010000000010000000100011000011110
4835,498,3,25,M100101100000111010000000010000000100011000011110
4836,498,4,17,M100101100000111010000000010000000100011000011110
4837,498,5,1,M100101100000111010000000010000000100011000011110
4838,498,6,11,M100101100000111010000000010000000100011000011110
4839,498,7,27,M100101100000111010000000010000000100011000011110
4840,498,8,29,M100101100000111010000000010000000100011000011110
4841,498,9,20,M100101100000111010000000010000000100011000011110
4842,498,10,6,M100101100000111010000000010000000100011000011110
4843,498,11,15,M100101100000111010000000010000000100011000011110
4844,498,12,2,M100101100000111010000000010000000100011000011110
4845,498,13,19,M100101100000111010000000010000000100011000011110
4846,498,14,0,M100101100000111010000000010000000100011000011110
4847,498,15,23,M100101100000111010000000010000000100011000011110
4848,498,16,24,M100101100000111010000000010000000100011000011110
4849,498,17,28,M100101100000111010000000010000000100011000011110
4850,498,18,7,M100101100000111010000000010000000100011000011110
4851,498,19,5,M100101100000111010000000010000000100011000011110
4852,498,20,13,M100101100000111010000000010000000100011000011110
4853,498,21,21,M100101100000111010000000010000000100011000011110
4854,498,22,9,M100101100000111010000000010000000100011000011110
4855,498,23,31,M100101100000111010000000010000000100011000011110
4856,498,24,14,M100101100000111010000000010000000100011000011110
4857,498,25,3,M100101100000111010000000010000000100011000011110
4858,498,26,8,M100101100000111010000000010000000100011000011110
4859,498,27,22,M100101100000111010000000010000000100011000011110
4860,498,28,4,M100101100000111010000000010000000100011000011110
4861,498,29,10,M100101100000111010000000010000000100011000011110
4862,498,30,30,M100101100000111010000000010000000100011000011110
4863,498,31,16,M100101100000111010000000010000000100011000011110
4864,228,0,30,M111100110010000010010000100100001000100000110001
4865,228,1,14,M111100110010000010010000100100001000100000110001
4866,228,2,27,M111100110010000010010000100100001000100000110001
4867,228,3,23,M111100110010000010010000100100001000100000110001
4868,228,4,31,M111100110010000010010000100100001000100000110001
4869,228,5,10,M111100110010000010010000100100001000100000110001
4870,228,6,8,M111100110010000010010000100100001000100000110001
4871,228,7,6,M111100110010000010010000100100001000100000110001
4872,228,8,17,M111100110010000010010000100100001000100000110001
4873,228,9,25,M111100110010000010010000100100001000100000110001
4874,228,10,9,M111100110010000010010000100100001000100000110001
4875,228,11,3,M111100110010000010010000100100001000100000110001
4876,228,12,18,M111100110010000010010000100100001000100000110001
4877,228,13,20,M111100110010000010010000100100001000100000110001
4878,228,14,26,M111100110010000010010000100100001000100000110001
4879,228,15,5,M111100110010000010010000100100001000100000110001
4880,228,16,22,M111100110010000010010000100100001000100000110001
4881,228,17,15,M111100110010000010010000100100001000100000110001
4882,228,18,24,M111100110010000010010000100100001000100000110001
4883,228,19,12,M111100110010000010010000100100001000100000110001
4884,228,20,16,M111100110010000010010000100100001000100000110001
4885,228,21,28,M111100110010000010010000100100001000100000110001
4886,228,22,21,M111100110010000010010000100100001000100000110001
4887,228,23,4,M111100110010000010010000100100001000100000110001
4888,228,24,2,M111100110010000010010000100100001000100000110001
4889,228,25,11,M111100110010000010010000100100001000100000110001
4890,228,26,13,M111100110010000010010000100100001000100000110001
4891,228,27,0,M111100110010000010010000100100001000100000110001
4892,228,28,7,M111100110010000010010000100100001000100000110001
4893,228,29,1,M111100110010000010010000100100001000100000110001
4894,228,30,19,M111100110010000010010000100100001000100000110001
4895,228,31,29,M111100110010000010010000100100001000100000110001
4896,235,0,2,M111010010001001100010000000000001100000000111110
4897,235,1,12,M111010010001001100010000000000001100000000111110
4898,235,2,17,M111010010001001100010000000000001100000000111110
4899,235,3,11,M111010010001001100010000000000001100000000111110
4900,235,4,25,M111010010001001100010000000000001100000000111110
4901,235,5,16,M111010010001001100010000000000001100000000111110
4902,235,6,20,M111010010001001100010000000000001100000000111110
4903,235,7,31,M111010010001001100010000000000001100000000111110
4904,235,8,22,M111010010001001100010000000000001100000000111110
4905,235,9,9,M111010010001001100010000000000001100000000111110
4906,235,10,21,M111010010001001100010000000000001100000000111110
4907,235,11,7,M111010010001001100010000000000001100000000111110
4908,235,12,0,M111010010001001100010000000000001100000000111110
4909,235,13,14,M111010010001001100010000000000001100000000111110
4910,235,14,30,M111010010001001100010000000000001100000000111110
4911,235,15,5,M111010010001001100010000000000001100000000111110
4912,235,16,4,M111010010001001100010000000000001100000000111110
4913,235,17,18,M111010010001001100010000000000001100000000111110
4914,235,18,23,M111010010001001100010000000000001100000000111110
4915,235,19,26,M111010010001001100010000000000001100000000111110
4916,235,20,3,M111010010001001100010000000000001100000000111110
4917,235,21,19,M111010010001001100010000000000001100000000111110
4918,235,22,13,M111010010001001100010000000000001100000000111110
4919,235,23,10,M111010010001001100010000000000001100000000111110
4920,235,24,28,M111010010001001100010000000000001100000000111110
4921,235,25,24,M111010010001001100010000000000001100000000111110
4922,235,26,27,M111010010001001100010000000000001100000000111110
4923,235,27,6,M111010010001001100010000000000001100000000111110
4924,235,28,8,M111010010001001100010000000000001100000000111110
4925,235,29,1,M111010010001001100010000000000001100000000111110
4926,235,30,29,M111010010001001100010000000000001100000000111110
4927,235,31,15,M111010010001001100010000000000001100000000111110
4928,352,0,5,M110101110000000010001110001000000010001100010010
4929,352,1,9,M110101110000000010001110001000000010001100010010
4930,352,2,4,M110101110000000010001110001000000010001100010010
4931,352,3,0,M110101110000000010001110001000000010001100010010
4932,352,4,20,M110101110000000010001110001000000010001100010010
4933,352,5,30,M110101110000000010001110001000000010001100010010
4934,352,6,28,M110101110000000010001110001000000010001100010010
4935,352,7,29,M110101110000000010001110001000000010001100010010
4936,352,8,13,M110101110000000010001110001000000010001100010010
4937,352,9,16,M110101110000000010001110001000000010001100010010
4938,352,10,15,M110101110000000010001110001000000010001100010010
4939,352,11,14,M110101110000000010001110001000000010001100010010
4940,352,12,7,M110101110000000010001110001000000010001100010010
4941,352,13,22,M110101110000000010001110001000000010001100010010
4942,352,14,18,M110101110000000010001110001000000010001100010010
4943,352,15,2,M110101110000000010001110001000000010001100010010
4944,352,16,21,M110101110000000010001110001000000010001100010010
4945,352,17,27,M110101110000000010001110001000000010001100010010
4946,352,18,8,M110101110000000010001110001000000010001100010010
4947,352,19,10,M110101110000000010001110001000000010001100010010
4948,352,20,24,M110101110000000010001110001000000010001100010010
4949,352,21,19,M110101110000000010001110001000000010001100010010
4950,352,22,31,M110101110000000010001110001000000010001100010010
4951,352,23,12,M110101110000000010001110001000000010001100010010
4952,352,24,25,M110101110000000010001110001000000010001100010010
4953,352,25,23,M110101110000000010001110001000000010001100010010
4954,352,26,1,M110101110000000010001110001000000010001100010010
4955,352,27,6,M110101110000000010001110001000000010001100010010
4956,352,28,17,M110101110000000010001110001000000010001100010010
4957,352,29,26,M110101110000000010001110001000000010001100010010
4958,352,30,11,M110101110000000010001110001000000010001100010010
4959,352,31,3,M110101110000000010001110001000000010001100010010
4960,325,0,22,M111110000001001000010001011100000010000001011000
4961,325,1,21,M111110000001001000010001011100000010000001011000
4962,325,2,23,M111110000001001000010001011100000010000001011000
4963,325,3,8,M111110000001001000010001011100000010000001011000
4964,325,4,30,M111110000001001000010001011100000010000001011000
4965,325,5,17,M111110000001001000010001011100000010000001011000
4966,325,6,12,M111110000001001000010001011100000010000001011000
4967,325,7,16,M111110000001001000010001011100000010000001011000
4968,325,8,24,M111110000001001000010001011100000010000001011000
4969,325,9,13,M111110000001001000010001011100000010000001011000
4970,325,10,10,M111110000001001000010001011100000010000001011000
4971,325,11,3,M111110000001001000010001011100000010000001011000
4972,325,12,26,M111110000001001000010001011100000010000001011000
4973,325,13,31,M111110000001001000010001011100000010000001011000
4974,325,14,11,M111110000001001000010001011100000010000001011000
4975,325,15,28,M111110000001001000010001011100000010000001011000
4976,325,16,19,M111110000001001000010001011100000010000001011000
4977,325,17,27,M111110000001001000010001011100000010000001011000
4978,325,18,29,M111110000001001000010001011100000010000001011000
4979,325,19,6,M111110000001001000010001011100000010000001011000
4980,325,20,20,M111110000001001000010001011100000010000001011000
4981,325,21,5,M111110000001001000010001011100000010000001011000
4982,325,22,4,M111110000001001000010001011100000010000001011000
4983,325,23,14,M111110000001001000010001011100000010000001011000
4984,325,24,7,M111110000001001000010001011100000010000001011000
4985,325,25,2,M111110000001001000010001011100000010000001011000
4986,325,26,18,M111110000001001000010001011100000010000001011000
4987,325,27,1,M111110000001001000010001011100000010000001011000
4988,325,28,25,M111110000001001000010001011100000010000001011000
4989,325,29,15,M111110000001001000010001011100000010000001011000
4990,325,30,0,M111110000001001000010001011100000010000001011000
4991,325,31,9,M111110000001001000010001011100000010000001011000
4992,66,0,4,M110111000101101110010000000010000000011010000000
4993,66,1,17,M110111000101101110010000000010000000011010000000
4994,66,2,21,M110111000101101110010000000010000000011010000000
4995,66,3,3,M110111000101101110010000000010000000011010000000
4996,66,4,29,M110111000101101110010000000010000000011010000000
4997,66,5,18,M110111000101101110010000000010000000011010000000
4998,66,6,19,M110111000101101110010000000010000000011010000000
4999,66,7,16,M110111000101101110010000000010000000011010000000
5000,66,8,23,M110111000101101110010000000010000000011010000000
5001,66,9,0,M110111000101101110010000000010000000011010000000
5002,66,10,12,M110111000101101110010000000010000000011010000000
5003,66,11,20,M110111000101101110010000000010000000011010000000
5004,66,12,24,M110111000101101110010000000010000000011010000000
5005,66,13,8,M110111000101101110010000000010000000011010000000
5006,66,14,25,M110111000101101110010000000010000000011010000000
5007,66,15,22,M110111000101101110010000000010000000011010000000
5008,66,16,28,M110111000101101110010000000010000000011010000000
5009,66,17,13,M110111000101101110010000000010000000011010000000
5010,66,18,10,M110111000101101110010000000010000000011010000000
5011,66,19,31,M110111000101101110010000000010000000011010000000
5012,66,20,15,M110111000101101110010000000010000000011010000000
5013,66,21,6,M110111000101101110010000000010000000011010000000
5014,66,22,1,M110111000101101110010000000010000000011010000000
5015,66,23,11,M110111000101101110010000000010000000011010000000
5016,66,24,5,M110111000101101110010000000010000000011010000000
5017,66,25,2,M110111000101101110010000000010000000011010000000
5018,66,26,30,M110111000101101110010000000010000000011010000000
5019,66,27,26,M110111000101101110010000000010000000011010000000
5020,66,28,14,M110111000101101110010000000010000000011010000000
5021,66,29,27,M110111000101101110010000000010000000011010000000
5022,66,30,7,M110111000101101110010000000010000000011010000000
5023,66,31,9,M110111000101101110010000000010000000011010000000
5056,243,0,29,M110111101100001000001000100000001010010000100100
5057,243,1,28,M110111101100001000001000100000001010010000100100
5058,243,2,1,M110111101100001000001000100000001010010000100100
5059,243,3,27,M110111101100001000001000100000001010010000100100
5060,243,4,24,M110111101100001000001000100000001010010000100100
5061,243,5,14,M110111101100001000001000100000001010010000100100
5062,243,6,7,M110111101100001000001000100000001010010000100100
5063,243,7,19,M110111101100001000001000100000001010010000100100
5064,243,8,5,M110111101100001000001000100000001010010000100100
5065,243,9,26,M110111101100001000001000100000001010010000100100
5066,243,10,4,M110111101100001000001000100000001010010000100100
5067,243,11,23,M110111101100001000001000100000001010010000100100
5068,243,12,2,M110111101100001000001000100000001010010000100100
5069,243,13,0,M110111101100001000001000100000001010010000100100
5070,243,14,25,M110111101100001000001000100000001010010000100100
5071,243,15,3,M110111101100001000001000100000001010010000100100
5072,243,16,16,M110111101100001000001000100000001010010000100100
5073,243,17,12,M110111101100001000001000100000001010010000100100
5074,243,18,13,M110111101100001000001000100000001010010000100100
5075,243,19,20,M110111101100001000001000100000001010010000100100
5076,243,20,11,M110111101100001000001000100000001010010000100100
5077,243,21,31,M110111101100001000001000100000001010010000100100
5078,243,22,6,M110111101100001000001000100000001010010000100100
5079,243,23,8,M110111101100001000001000100000001010010000100100
5080,243,24,18,M110111101100001000001000100000001010010000100100
5081,243,25,10,M110111101100001000001000100000001010010000100100
5082,243,26,17,M110111101100001000001000100000001010010000100100
5083,243,27,9,M110111101100001000001000100000001010010000100100
5084,243,28,15,M110111101100001000001000100000001010010000100100
5085,243,29,30,M110111101100001000001000100000001010010000100100
5086,243,30,22,M110111101100001000001000100000001010010000100100
5087,243,31,21,M110111101100001000001000100000001010010000100100
5120,450,0,22,M110110100000001001000001010000000001000011001111
5121,450,1,2,M110110100000001001000001010000000001000011001111
5122,450,2,8,M110110100000001001000001010000000001000011001111
5123,450,3,11,M110110100000001001000001010000000001000011001111
5124,450,4,25,M110110100000001001000001010000000001000011001111
5125,450,5,0,M110110100000001001000001010000000001000011001111
5126,450,6,15,M110110100000001001000001010000000001000011001111
5127,450,7,18,M110110100000001001000001010000000001000011001111
5128,450,8,31,M110110100000001001000001010000000001000011001111
5129,450,9,30,M110110100000001001000001010000000001000011001111
5130,450,10,13,M110110100000001001000001010000000001000011001111
5131,450,11,14,M110110100000001001000001010000000001000011001111
5132,450,12,6,M110110100000001001000001010000000001000011001111
5133,450,13,12,M110110100000001001000001010000000001000011001111
5134,450,14,7,M110110100000001001000001010000000001000011001111
5135,450,15,5,M110110100000001001000001010000000001000011001111
5136,450,16,4,M110110100000001001000001010000000001000011001111
5137,450,17,3,M110110100000001001000001010000000001000011001111
5138,450,18,26,M110110100000001001000001010000000001000011001111
5139,450,19,24,M110110100000001001000001010000000001000011001111
5140,450,20,19,M110110100000001001000001010000000001000011001111
5141,450,21,10,M110110100000001001000001010000000001000011001111
5142,450,22,28,M110110100000001001000001010000000001000011001111
5143,450,23,16,M110110100000001001000001010000000001000011001111
5144,450,24,20,M110110100000001001000001010000000001000011001111
5145,450,25,29,M110110100000001001000001010000000001000011001111
5146,450,26,1,M110110100000001001000001010000000001000011001111
5147,450,27,9,M110110100000001001000001010000000001000011001111
5148,450,28,27,M110110100000001001000001010000000001000011001111
5149,450,29,17,M110110100000001001000001010000000001000011001111
5150,450,30,23,M110110100000001001000001010000000001000011001111
5151,450,31,21,M110110100000001001000001010000000001000011001111
5184,125,0,23,M111101000000000010011000000000100000011001011011
5185,125,1,28,M111101000000000010011000000000100000011001011011
5186,125,2,22,M111101000000000010011000000000100000011001011011
5187,125,3,17,M111101000000000010011000000000100000011001011011
5188,125,4,27,M111101000000000010011000000000100000011001011011
5189,125,5,30,M111101000000000010011000000000100000011001011011
5190,125,6,2,M111101000000000010011000000000100000011001011011
5191,125,7,0,M111101000000000010011000000000100000011001011011
5192,125,8,18,M111101000000000010011000000000100000011001011011
5193,125,9,25,M111101000000000010011000000000100000011001011011
5194,125,10,1,M111101000000000010011000000000100000011001011011
5195,125,11,14,M111101000000000010011000000000100000011001011011
5196,125,12,24,M111101000000000010011000000000100000011001011011
5197,125,13,5,M111101000000000010011000000000100000011001011011
5198,125,14,13,M111101000000000010011000000000100000011001011011
5199,125,15,12,M111101000000000010011000000000100000011001011011
5200,125,16,15,M111101000000000010011000000000100000011001011011
5201,125,17,10,M111101000000000010011000000000100000011001011011
5202,125,18,26,M111101000000000010011000000000100000011001011011
5203,125,19,21,M111101000000000010011000000000100000011001011011
5204,125,20,7,M111101000000000010011000000000100000011001011011
5205,125,21,9,M111101000000000010011000000000100000011001011011
5206,125,22,20,M111101000000000010011000000000100000011001011011
5207,125,23,8,M111101000000000010011000000000100000011001011011
5208,125,24,3,M111101000000000010011000000000100000011001011011
5209,125,25,29,M111101000000000010011000000000100000011001011011
5210,125,26,31,M111101000000000010011000000000100000011001011011
5211,125,27,6,M111101000000000010011000000000100000011001011011
5212,125,28,4,M111101000000000010011000000000100000011001011011
5213,125,29,19,M111101000000000010011000000000100000011001011011
5214,125,30,16,M111101000000000010011000000000100000011001011011
5215,125,31,11,M111101000000000010011000000000100000011001011011
5216,580,0,6,M010100000100110000010011000000100010011000111010
5217,580,1,16,M010100000100110000010011000000100010011000111010
5218,580,2,10,M010100000100110000010011000000100010011000111010
5219,580,3,23,M010100000100110000010011000000100010011000111010
5220,580,4,0,M010100000100110000010011000000100010011000111010
5221,580,5,3,M010100000100110000010011000000100010011000111010
5222,580,6,22,M010100000100110000010011000000100010011000111010
5223,580,7,28,M010100000100110000010011000000100010011000111010
5224,580,8,7,M010100000100110000010011000000100010011000111010
5225,580,9,18,M010100000100110000010011000000100010011000111010
5226,580,10,11,M010100000100110000010011000000100010011000111010
5227,580,11,2,M010100000100110000010011000000100010011000111010
5228,580,12,20,M010100000100110000010011000000100010011000111010
5229,580,13,13,M010100000100110000010011000000100010011000111010
5230,580,14,5,M010100000100110000010011000000100010011000111010
5231,580,15,17,M010100000100110000010011000000100010011000111010
5232,580,16,24,M010100000100110000010011000000100010011000111010
5233,580,17,15,M010100000100110000010011000000100010011000111010
5234,580,18,4,M010100000100110000010011000000100010011000111010
5235,580,19,31,M010100000100110000010011000000100010011000111010
5236,580,20,26,M010100000100110000010011000000100010011000111010
5237,580,21,19,M010100000100110000010011000000100010011000111010
5238,580,22,9,M010100000100110000010011000000100010011000111010
5239,580,23,25,M010100000100110000010011000000100010011000111010
5240,580,24,1,M010100000100110000010011000000100010011000111010
5241,580,25,29,M010100000100110000010011000000100010011000111010
5242,580,26,12,M010100000100110000010011000000100010011000111010
5243,580,27,14,M010100000100110000010011000000100010011000111010
5244,580,28,27,M010100000100110000010011000000100010011000111010
5245,580,29,30,M010100000100110000010011000000100010011000111010
5246,580,30,21,M010100000100110000010011000000100010011000111010
5247,580,31,8,M010100000100110000010011000000100010011000111010
5248,257,0,4,M001000011000000101000100000000001001111100111110
5249,257,1,24,M001000011000000101000100000000001001111100111110
5250,257,2,10,M001000011000000101000100000000001001111100111110
5251,257,3,8,M001000011000000101000100000000001001111100111110
5252,257,4,22,M001000011000000101000100000000001001111100111110
5253,257,5,25,M001000011000000101000100000000001001111100111110
5254,257,6,31,M001000011000000101000100000000001001111100111110
5255,257,7,30,M001000011000000101000100000000001001111100111110
5256,257,8,1,M001000011000000101000100000000001001111100111110
5257,257,9,15,M001000011000000101000100000000001001111100111110
5258,257,10,29,M001000011000000101000100000000001001111100111110
5259,257,11,6,M001000011000000101000100000000001001111100111110
5260,257,12,23,M001000011000000101000100000000001001111100111110
5261,257,13,3,M001000011000000101000100000000001001111100111110
5262,257,14,21,M001000011000000101000100000000001001111100111110
5263,257,15,28,M001000011000000101000100000000001001111100111110
5264,257,16,27,M001000011000000101000100000000001001111100111110
5265,257,17,7,M001000011000000101000100000000001001111100111110
5266,257,18,20,M001000011000000101000100000000001001111100111110
5267,257,19,9,M001000011000000101000100000000001001111100111110
5268,257,20,2,M001000011000000101000100000000001001111100111110
5269,257,21,14,M001000011000000101000100000000001001111100111110
5270,257,22,5,M001000011000000101000100000000001001111100111110
5271,257,23,19,M001000011000000101000100000000001001111100111110
5272,257,24,11,M001000011000000101000100000000001001111100111110
5273,257,25,16,M001000011000000101000100000000001001111100111110
5274,257,26,17,M001000011000000101000100000000001001111100111110
5275,257,27,26,M001000011000000101000100000000001001111100111110
5276,257,28,18,M001000011000000101000100000000001001111100111110
5277,257,29,0,M001000011000000101000100000000001001111100111110
5278,257,30,13,M001000011000000101000100000000001001111100111110
5279,257,31,12,M001000011000000101000100000000001001111100111110
5280,67,0,4,M111011000000000110000100110000000000001000111101
5281,67,1,11,M111011000000000110000100110000000000001000111101
5282,67,2,5,M111011000000000110000100110000000000001000111101
5283,67,3,30,M111011000000000110000100110000000000001000111101
5284,67,4,8,M111011000000000110000100110000000000001000111101
5285,67,5,23,M111011000000000110000100110000000000001000111101
5286,67,6,21,M111011000000000110000100110000000000001000111101
5287,67,7,17,M111011000000000110000100110000000000001000111101
5288,67,8,12,M111011000000000110000100110000000000001000111101
5289,67,9,18,M111011000000000110000100110000000000001000111101
5290,67,10,1,M111011000000000110000100110000000000001000111101
5291,67,11,16,M111011000000000110000100110000000000001000111101
5292,67,12,6,M111011000000000110000100110000000000001000111101
5293,67,13,20,M111011000000000110000100110000000000001000111101
5294,67,14,10,M111011000000000110000100110000000000001000111101
5295,67,15,22,M111011000000000110000100110000000000001000111101
5296,67,16,15,M111011000000000110000100110000000000001000111101
5297,67,17,2,M111011000000000110000100110000000000001000111101
5298,67,18,28,M111011000000000110000100110000000000001000111101
5299,67,19,13,M111011000000000110000100110000000000001000111101
5300,67,20,27,M111011000000000110000100110000000000001000111101
5301,67,21,14,M111011000000000110000100110000000000001000111101
5302,67,22,25,M111011000000000110000100110000000000001000111101
5303,67,23,26,M111011000000000110000100110000000000001000111101
5304,67,24,0,M111011000000000110000100110000000000001000111101
5305,67,25,29,M111011000000000110000100110000000000001000111101
5306,67,26,3,M111011000000000110000100110000000000001000111101
5307,67,27,9,M111011000000000110000100110000000000001000111101
5308,67,28,24,M111011000000000110000100110000000000001000111101
5309,67,29,31,M111011000000000110000100110000000000001000111101
5310,67,30,7,M111011000000000110000100110000000000001000111101
5311,67,31,19,M111011000000000110000100110000000000001000111101
5312,35,0,0,M001001000000011101010000101000000000100000111111
5313,35,1,20,M001001000000011101010000101000000000100000111111
5314,35,2,14,M001001000000011101010000101000000000100000111111
5315,35,3,17,M001001000000011101010000101000000000100000111111
5316,35,4,28,M001001000000011101010000101000000000100000111111
5317,35,5,19,M001001000000011101010000101000000000100000111111
5318,35,6,22,M001001000000011101010000101000000000100000111111
5319,35,7,25,M001001000000011101010000101000000000100000111111
5320,35,8,18,M001001000000011101010000101000000000100000111111
5321,35,9,30,M001001000000011101010000101000000000100000111111
5322,35,10,29,M001001000000011101010000101000000000100000111111
5323,35,11,31,M001001000000011101010000101000000000100000111111
5324,35,12,15,M001001000000011101010000101000000000100000111111
5325,35,13,5,M001001000000011101010000101000000000100000111111
5326,35,14,12,M001001000000011101010000101000000000100000111111
5327,35,15,11,M001001000000011101010000101000000000100000111111
5328,35,16,2,M001001000000011101010000101000000000100000111111
5329,35,17,8,M001001000000011101010000101000000000100000111111
5330,35,18,10,M001001000000011101010000101000000000100000111111
5331,35,19,13,M001001000000011101010000101000000000100000111111
5332,35,20,7,M001001000000011101010000101000000000100000111111
5333,35,21,6,M001001000000011101010000101000000000100000111111
5334,35,22,24,M001001000000011101010000101000000000100000111111
5335,35,23,9,M001001000000011101010000101000000000100000111111
5336,35,24,16,M001001000000011101010000101000000000100000111111
5337,35,25,4,M001001000000011101010000101000000000100000111111
5338,35,26,1,M001001000000011101010000101000000000100000111111
5339,35,27,23,M001001000000011101010000101000000000100000111111
5340,35,28,26,M001001000000011101010000101000000000100000111111
5341,35,29,3,M001001000000011101010000101000000000100000111111
5342,35,30,27,M001001000000011101010000101000000000100000111111
5343,35,31,21,M001001000000011101010000101000000000100000111111
5344,112,0,22,M111000010000011011000011000010001001010000001001
5345,112,1,10,M111000010000011011000011000010001001010000001001
5346,112,2,19,M111000010000011011000011000010001001010000001001
5347,112,3,1,M111000010000011011000011000010001001010000001001
5348,112,4,25,M111000010000011011000011000010001001010000001001
5349,112,5,2,M111000010000011011000011000010001001010000001001
5350,112,6,12,M111000010000011011000011000010001001010000001001
5351,112,7,4,M111000010000011011000011000010001001010000001001
5352,112,8,24,M111000010000011011000011000010001001010000001001
5353,112,9,18,M111000010000011011000011000010001001010000001001
5354,112,10,31,M111000010000011011000011000010001001010000001001
5355,112,11,21,M111000010000011011000011000010001001010000001001
5356,112,12,14,M111000010000011011000011000010001001010000001001
5357,112,13,9,M111000010000011011000011000010001001010000001001
5358,112,14,5,M111000010000011011000011000010001001010000001001
5359,112,15,20,M111000010000011011000011000010001001010000001001
5360,112,16,16,M111000010000011011000011000010001001010000001001
5361,112,17,3,M111000010000011011000011000010001001010000001001
5362,112,18,15,M111000010000011011000011000010001001010000001001
5363,112,19,26,M111000010000011011000011000010001001010000001001
5364,112,20,13,M111000010000011011000011000010001001010000001001
5365,112,21,30,M111000010000011011000011000010001001010000001001
5366,112,22,28,M111000010000011011000011000010001001010000001001
5367,112,23,7,M111000010000011011000011000010001001010000001001
5368,112,24,6,M111000010000011011000011000010001001010000001001
5369,112,25,23,M111000010000011011000011000010001001010000001001
5370,112,26,27,M111000010000011011000011000010001001010000001001
5371,112,27,29,M111000010000011011000011000010001001010000001001
5372,112,28,8,M111000010000011011000011000010001001010000001001
5373,112,29,0,M111000010000011011000011000010001001010000001001
5374,112,30,17,M111000010000011011000011000010001001010000001001
5375,112,31,11,M111000010000011011000011000010001001010000001001
5376,380,0,24,M011110000000001001100100010000000010111010101000
5377,380,1,3,M011110000000001001100100010000000010111010101000
5378,380,2,30,M011110000000001001100100010000000010111010101000
5379,380,3,9,M011110000000001001100100010000000010111010101000
5380,380,4,22,M011110000000001001100100010000000010111010101000
5381,380,5,21,M011110000000001001100100010000000010111010101000
5382,380,6,29,M011110000000001001100100010000000010111010101000
5383,380,7,10,M011110000000001001100100010000000010111010101000
5384,380,8,28,M011110000000001001100100010000000010111010101000
5385,380,9,20,M011110000000001001100100010000000010111010101000
5386,380,10,31,M011110000000001001100100010000000010111010101000
5387,380,11,18,M011110000000001001100100010000000010111010101000
5388,380,12,15,M011110000000001001100100010000000010111010101000
5389,380,13,14,M011110000000001001100100010000000010111010101000
5390,380,14,27,M011110000000001001100100010000000010111010101000
5391,380,15,23,M011110000000001001100100010000000010111010101000
5392,380,16,5,M011110000000001001100100010000000010111010101000
5393,380,17,16,M011110000000001001100100010000000010111010101000
5394,380,18,11,M011110000000001001100100010000000010111010101000
5395,380,19,12,M011110000000001001100100010000000010111010101000
5396,380,20,6,M011110000000001001100100010000000010111010101000
5397,380,21,1,M011110000000001001100100010000000010111010101000
5398,380,22,26,M011110000000001001100100010000000010111010101000
5399,380,23,4,M011110000000001001100100010000000010111010101000
5400,380,24,2,M011110000000001001100100010000000010111010101000
5401,380,25,19,M011110000000001001100100010000000010111010101000
5402,380,26,25,M011110000000001001100100010000000010111010101000
5403,380,27,0,M011110000000001001100100010000000010111010101000
5404,380,28,8,M011110000000001001100100010000000010111010101000
5405,380,29,13,M011110000000001001100100010000000010111010101000
5406,380,30,7,M011110000000001001100100010000000010111010101000
5407,380,31,17,M011110000000001001100100010000000010111010101000
5408,136,0,30,M100101010000010011001011001000100000011000000011
5409,136,1,3,M100101010000010011001011001000100000011000000011
5410,136,2,1,M100101010000010011001011001000100000011000000011
5411,136,3,14,M100101010000010011001011001000100000011000000011
5412,136,4,10,M100101010000010011001011001000100000011000000011
5413,136,5,13,M100101010000010011001011001000100000011000000011
5414,136,6,25,M100101010000010011001011001000100000011000000011
5415,136,7,17,M100101010000010011001011001000100000011000000011
5416,136,8,15,M100101010000010011001011001000100000011000000011
5417,136,9,9,M100101010000010011001011001000100000011000000011
5418,136,10,12,M100101010000010011001011001000100000011000000011
5419,136,11,28,M100101010000010011001011001000100000011000000011
5420,136,12,16,M100101010000010011001011001000100000011000000011
5421,136,13,7,M100101010000010011001011001000100000011000000011
5422,136,14,11,M100101010000010011001011001000100000011000000011
5423,136,15,8,M100101010000010011001011001000100000011000000011
5424,136,16,24,M100101010000010011001011001000100000011000000011
5425,136,17,27,M100101010000010011001011001000100000011000000011
5426,136,18,6,M100101010000010011001011001000100000011000000011
5427,136,19,2,M100101010000010011001011001000100000011000000011
5428,136,20,18,M100101010000010011001011001000100000011000000011
5429,136,21,4,M100101010000010011001011001000100000011000000011
5430,136,22,5,M100101010000010011001011001000100000011000000011
5431,136,23,31,M100101010000010011001011001000100000011000000011
5432,136,24,26,M100101010000010011001011001000100000011000000011
5433,136,25,0,M100101010000010011001011001000100000011000000011
5434,136,26,19,M100101010000010011001011001000100000011000000011
5435,136,27,29,M100101010000010011001011001000100000011000000011
5436,136,28,22,M100101010000010011001011001000100000011000000011
5437,136,29,21,M100101010000010011001011001000100000011000000011
5438,136,30,20,M100101010000010011001011001000100000011000000011
5439,136,31,23,M100101010000010011001011001000100000011000000011
5440,338,0,0,M101101100000000001100000010100001000001100010101
5441,338,1,29,M101101100000000001100000010100001000001100010101
5442,338,2,19,M101101100000000001100000010100001000001100010101
5443,338,3,23,M101101100000000001100000010100001000001100010101
5444,338,4,9,M101101100000000001100000010100001000001100010101
5445,338,5,18,M101101100000000001100000010100001000001100010101
5446,338,6,24,M101101100000000001100000010100001000001100010101
5447,338,7,28,M101101100000000001100000010100001000001100010101
5448,338,8,27,M101101100000000001100000010100001000001100010101
5449,338,9,2,M101101100000000001100000010100001000001100010101
5450,338,10,6,M101101100000000001100000010100001000001100010101
5451,338,11,4,M101101100000000001100000010100001000001100010101
5452,338,12,26,M101101100000000001100000010100001000001100010101
5453,338,13,7,M101101100000000001100000010100001000001100010101
5454,338,14,12,M101101100000000001100000010100001000001100010101
5455,338,15,22,M101101100000000001100000010100001000001100010101
5456,338,16,20,M101101100000000001100000010100001000001100010101
5457,338,17,13,M101101100000000001100000010100001000001100010101
5458,338,18,3,M101101100000000001100000010100001000001100010101
5459,338,19,21,M101101100000000001100000010100001000001100010101
5460,338,20,10,M101101100000000001100000010100001000001100010101
5461,338,21,17,M101101100000000001100000010100001000001100010101
5462,338,22,5,M101101100000000001100000010100001000001100010101
5463,338,23,8,M101101100000000001100000010100001000001100010101
5464,338,24,1,M101101100000000001100000010100001000001100010101
5465,338,25,30,M101101100000000001100000010100001000001100010101
5466,338,26,15,M101101100000000001100000010100001000001100010101
5467,338,27,14,M101101100000000001100000010100001000001100010101
5468,338,28,16,M101101100000000001100000010100001000001100010101
5469,338,29,31,M101101100000000001100000010100001000001100010101
5470,338,30,11,M101101100000000001100000010100001000001100010101
5471,338,31,25,M101101100000000001100000010100001000001100010101
5472,202,0,18,M010101000001011000011110010001000010000100001100
5473,202,1,8,M010101000001011000011110010001000010000100001100
5474,202,2,24,M010101000001011000011110010001000010000100001100
5475,202,3,9,M010101000001011000011110010001000010000100001100
5476,202,4,5,M010101000001011000011110010001000010000100001100
5477,202,5,28,M010101000001011000011110010001000010000100001100
5478,202,6,20,M010101000001011000011110010001000010000100001100
5479,202,7,29,M010101000001011000011110010001000010000100001100
5480,202,8,11,M010101000001011000011110010001000010000100001100
5481,202,9,25,M010101000001011000011110010001000010000100001100
5482,202,10,22,M010101000001011000011110010001000010000100001100
5483,202,11,2,M010101000001011000011110010001000010000100001100
5484,202,12,19,M010101000001011000011110010001000010000100001100
5485,202,13,4,M010101000001011000011110010001000010000100001100
5486,202,14,21,M010101000001011000011110010001000010000100001100
5487,202,15,16,M010101000001011000011110010001000010000100001100
5488,202,16,27,M010101000001011000011110010001000010000100001100
5489,202,17,12,M010101000001011000011110010001000010000100001100
5490,202,18,1,M010101000001011000011110010001000010000100001100
5491,202,19,31,M010101000001011000011110010001000010000100001100
5492,202,20,30,M010101000001011000011110010001000010000100001100
5493,202,21,7,M010101000001011000011110010001000010000100001100
5494,202,22,13,M010101000001011000011110010001000010000100001100
5495,202,23,0,M010101000001011000011110010001000010000100001100
5496,202,24,10,M010101000001011000011110010001000010000100001100
5497,202,25,23,M010101000001011000011110010001000010000100001100
5498,202,26,6,M010101000001011000011110010001000010000100001100
5499,202,27,14,M010101000001011000011110010001000010000100001100
5500,202,28,15,M010101000001011000011110010001000010000100001100
5501,202,29,3,M010101000001011000011110010001000010000100001100
5502,202,30,17,M010101000001011000011110010001000010000100001100
5503,202,31,26,M010101000001011000011110010001000010000100001100
5504,275,0,29,M000101011011000000000010000000110000110100101110
5505,275,1,14,M000101011011000000000010000000110000110100101110
5506,275,2,17,M000101011011000000000010000000110000110100101110
5507,275,3,23,M000101011011000000000010000000110000110100101110
5508,275,4,24,M000101011011000000000010000000110000110100101110
5509,275,5,3,M000101011011000000000010000000110000110100101110
5510,275,6,10,M000101011011000000000010000000110000110100101110
5511,275,7,16,M000101011011000000000010000000110000110100101110
5512,275,8,11,M000101011011000000000010000000110000110100101110
5513,275,9,2,M000101011011000000000010000000110000110100101110
5514,275,10,31,M000101011011000000000010000000110000110100101110
5515,275,11,18,M000101011011000000000010000000110000110100101110
5516,275,12,1,M000101011011000000000010000000110000110100101110
5517,275,13,9,M000101011011000000000010000000110000110100101110
5518,275,14,8,M000101011011000000000010000000110000110100101110
5519,275,15,5,M000101011011000000000010000000110000110100101110
5520,275,16,28,M000101011011000000000010000000110000110100101110
5521,275,17,19,M000101011011000000000010000000110000110100101110
5522,275,18,0,M000101011011000000000010000000110000110100101110
5523,275,19,6,M000101011011000000000010000000110000110100101110
5524,275,20,12,M000101011011000000000010000000110000110100101110
5525,275,21,30,M000101011011000000000010000000110000110100101110
5526,275,22,25,M000101011011000000000010000000110000110100101110
5527,275,23,15,M000101011011000000000010000000110000110100101110
5528,275,24,22,M000101011011000000000010000000110000110100101110
5529,275,25,4,M000101011011000000000010000000110000110100101110
5530,275,26,26,M000101011011000000000010000000110000110100101110
5531,275,27,21,M000101011011000000000010000000110000110100101110
5532,275,28,13,M000101011011000000000010000000110000110100101110
5533,275,29,7,M000101011011000000000010000000110000110100101110
5534,275,30,27,M000101011011000000000010000000110000110100101110
5535,275,31,20,M000101011011000000000010000000110000110100101110
5536,281,0,11,M111111000101000000101000000110000100000100100001
5537,281,1,3,M111111000101000000101000000110000100000100100001
5538,281,2,24,M111111000101000000101000000110000100000100100001
5539,281,3,5,M111111000101000000101000000110000100000100100001
5540,281,4,16,M111111000101000000101000000110000100000100100001
5541,281,5,27,M111111000101000000101000000110000100000100100001
5542,281,6,10,M111111000101000000101000000110000100000100100001
5543,281,7,20,M111111000101000000101000000110000100000100100001
5544,281,8,2,M111111000101000000101000000110000100000100100001
5545,281,9,13,M111111000101000000101000000110000100000100100001
5546,281,10,28,M111111000101000000101000000110000100000100100001
5547,281,11,18,M111111000101000000101000000110000100000100100001
5548,281,12,6,M111111000101000000101000000110000100000100100001
5549,281,13,14,M111111000101000000101000000110000100000100100001
5550,281,14,29,M111111000101000000101000000110000100000100100001
5551,281,15,8,M111111000101000000101000000110000100000100100001
5552,281,16,21,M111111000101000000101000000110000100000100100001
5553,281,17,26,M111111000101000000101000000110000100000100100001
5554,281,18,23,M111111000101000000101000000110000100000100100001
5555,281,19,19,M111111000101000000101000000110000100000100100001
5556,281,20,31,M111111000101000000101000000110000100000100100001
5557,281,21,4,M111111000101000000101000000110000100000100100001
5558,281,22,7,M111111000101000000101000000110000100000100100001
5559,281,23,22,M111111000101000000101000000110000100000100100001
5560,281,24,0,M111111000101000000101000000110000100000100100001
5561,281,25,17,M111111000101000000101000000110000100000100100001
5562,281,26,12,M111111000101000000101000000110000100000100100001
5563,281,27,1,M111111000101000000101000000110000100000100100001
5564,281,28,9,M111111000101000000101000000110000100000100100001
5565,281,29,30,M111111000101000000101000000110000100000100100001
5566,281,30,15,M111111000101000000101000000110000100000100100001
5567,281,31,25,M111111000101000000101000000110000100000100100001
5568,503,0,29,M111010100000101000001100000011000101000100000101
5569,503,1,0,M111010100000101000001100000011000101000100000101
5570,503,2,14,M111010100000101000001100000011000101000100000101
5571,503,3,8,M111010100000101000001100000011000101000100000101
5572,503,4,1,M111010100000101000001100000011000101000100000101
5573,503,5,20,M111010100000101000001100000011000101000100000101
5574,503,6,6,M111010100000101000001100000011000101000100000101
5575,503,7,10,M111010100000101000001100000011000101000100000101
5576,503,8,3,M111010100000101000001100000011000101000100000101
5577,503,9,9,M111010100000101000001100000011000101000100000101
5578,503,10,22,M111010100000101000001100000011000101000100000101
5579,503,11,16,M111010100000101000001100000011000101000100000101
5580,503,12,11,M111010100000101000001100000011000101000100000101
5581,503,13,5,M111010100000101000001100000011000101000100000101
5582,503,14,18,M111010100000101000001100000011000101000100000101
5583,503,15,19,M111010100000101000001100000011000101000100000101
5584,503,16,12,M111010100000101000001100000011000101000100000101
5585,503,17,31,M111010100000101000001100000011000101000100000101
5586,503,18,24,M111010100000101000001100000011000101000100000101
5587,503,19,7,M111010100000101000001100000011000101000100000101
5588,503,20,17,M111010100000101000001100000011000101000100000101
5589,503,21,13,M111010100000101000001100000011000101000100000101
5590,503,22,26,M111010100000101000001100000011000101000100000101
5591,503,23,27,M111010100000101000001100000011000101000100000101
5592,503,24,21,M111010100000101000001100000011000101000100000101
5593,503,25,30,M111010100000101000001100000011000101000100000101
5594,503,26,4,M111010100000101000001100000011000101000100000101
5595,503,27,25,M111010100000101000001100000011000101000100000101
5596,503,28,2,M111010100000101000001100000011000101000100000101
5597,503,29,23,M111010100000101000001100000011000101000100000101
5598,503,30,15,M111010100000101000001100000011000101000100000101
5599,503,31,28,M111010100000101000001100000011000101000100000101
5632,507,0,13,M100101010001000100001101000111000010101001000001
5633,507,1,18,M100101010001000100001101000111000010101001000001
5634,507,2,11,M100101010001000100001101000111000010101001000001
5635,507,3,22,M100101010001000100001101000111000010101001000001
5636,507,4,2,M100101010001000100001101000111000010101001000001
5637,507,5,20,M100101010001000100001101000111000010101001000001
5638,507,6,3,M100101010001000100001101000111000010101001000001
5639,507,7,7,M100101010001000100001101000111000010101001000001
5640,507,8,27,M100101010001000100001101000111000010101001000001
5641,507,9,17,M100101010001000100001101000111000010101001000001
5642,507,10,9,M100101010001000100001101000111000010101001000001
5643,507,11,30,M100101010001000100001101000111000010101001000001
5644,507,12,1,M100101010001000100001101000111000010101001000001
5645,507,13,8,M100101010001000100001101000111000010101001000001
5646,507,14,6,M100101010001000100001101000111000010101001000001
5647,507,15,28,M100101010001000100001101000111000010101001000001
5648,507,16,12,M100101010001000100001101000111000010101001000001
5649,507,17,31,M100101010001000100001101000111000010101001000001
5650,507,18,25,M100101010001000100001101000111000010101001000001
5651,507,19,21,M100101010001000100001101000111000010101001000001
5652,507,20,23,M100101010001000100001101000111000010101001000001
5653,507,21,16,M100101010001000100001101000111000010101001000001
5654,507,22,29,M100101010001000100001101000111000010101001000001
5655,507,23,10,M100101010001000100001101000111000010101001000001
5656,507,24,26,M100101010001000100001101000111000010101001000001
5657,507,25,14,M100101010001000100001101000111000010101001000001
5658,507,26,4,M100101010001000100001101000111000010101001000001
5659,507,27,24,M100101010001000100001101000111000010101001000001
5660,507,28,19,M100101010001000100001101000111000010101001000001
5661,507,29,0,M100101010001000100001101000111000010101001000001
5662,507,30,5,M100101010001000100001101000111000010101001000001
5663,507,31,15,M100101010001000100001101000111000010101001000001
5664,168,0,20,M101100110000001000001000011000001000101000101101
5665,168,1,1,M101100110000001000001000011000001000101000101101
5666,168,2,8,M101100110000001000001000011000001000101000101101
5667,168,3,28,M101100110000001000001000011000001000101000101101
5668,168,4,9,M101100110000001000001000011000001000101000101101
5669,168,5,12,M101100110000001000001000011000001000101000101101
5670,168,6,5,M101100110000001000001000011000001000101000101101
5671,168,7,10,M101100110000001000001000011000001000101000101101
5672,168,8,14,M101100110000001000001000011000001000101000101101
5673,168,9,6,M101100110000001000001000011000001000101000101101
5674,168,10,17,M101100110000001000001000011000001000101000101101
5675,168,11,3,M101100110000001000001000011000001000101000101101
5676,168,12,27,M101100110000001000001000011000001000101000101101
5677,168,13,16,M101100110000001000001000011000001000101000101101
5678,168,14,11,M101100110000001000001000011000001000101000101101
5679,168,15,2,M101100110000001000001000011000001000101000101101
5680,168,16,7,M101100110000001000001000011000001000101000101101
5681,168,17,19,M101100110000001000001000011000001000101000101101
5682,168,18,23,M101100110000001000001000011000001000101000101101
5683,168,19,29,M101100110000001000001000011000001000101000101101
5684,168,20,31,M101100110000001000001000011000001000101000101101
5685,168,21,18,M101100110000001000001000011000001000101000101101
5686,168,22,24,M101100110000001000001000011000001000101000101101
5687,168,23,26,M101100110000001000001000011000001000101000101101
5688,168,24,25,M101100110000001000001000011000001000101000101101
5689,168,25,22,M101100110000001000001000011000001000101000101101
5690,168,26,30,M101100110000001000001000011000001000101000101101
5691,168,27,21,M101100110000001000001000011000001000101000101101
5692,168,28,4,M101100110000001000001000011000001000101000101101
5693,168,29,13,M101100110000001000001000011000001000101000101101
5694,168,30,0,M101100110000001000001000011000001000101000101101
5695,168,31,15,M101100110000001000001000011000001000101000101101
5696,301,0,12,M001101000000011001000111000000001000001011010011
5697,301,1,0,M001101000000011001000111000000001000001011010011
5698,301,2,2,M001101000000011001000111000000001000001011010011
5699,301,3,31,M001101000000011001000111000000001000001011010011
5700,301,4,11,M001101000000011001000111000000001000001011010011
5701,301,5,7,M001101000000011001000111000000001000001011010011
5702,301,6,9,M001101000000011001000111000000001000001011010011
5703,301,7,27,M001101000000011001000111000000001000001011010011
5704,301,8,6,M001101000000011001000111000000001000001011010011
5705,301,9,24,M001101000000011001000111000000001000001011010011
5706,301,10,20,M001101000000011001000111000000001000001011010011
5707,301,11,15,M001101000000011001000111000000001000001011010011
5708,301,12,18,M001101000000011001000111000000001000001011010011
5709,301,13,23,M001101000000011001000111000000001000001011010011
5710,301,14,29,M001101000000011001000111000000001000001011010011
5711,301,15,13,M001101000000011001000111000000001000001011010011
5712,301,16,19,M001101000000011001000111000000001000001011010011
5713,301,17,25,M001101000000011001000111000000001000001011010011
5714,301,18,8,M001101000000011001000111000000001000001011010011
5715,301,19,5,M001101000000011001000111000000001000001011010011
5716,301,20,28,M001101000000011001000111000000001000001011010011
5717,301,21,21,M001101000000011001000111000000001000001011010011
5718,301,22,22,M001101000000011001000111000000001000001011010011
5719,301,23,14,M001101000000011001000111000000001000001011010011
5720,301,24,1,M001101000000011001000111000000001000001011010011
5721,301,25,16,M001101000000011001000111000000001000001011010011
5722,301,26,4,M001101000000011001000111000000001000001011010011
5723,301,27,3,M001101000000011001000111000000001000001011010011
5724,301,28,17,M001101000000011001000111000000001000001011010011
5725,301,29,30,M001101000000011001000111000000001000001011010011
5726,301,30,10,M001101000000011001000111000000001000001011010011
5727,301,31,26,M001101000000011001000111000000001000001011010011
5760,319,0,11,M111100010100010000001000000011010100000100110001
5761,319,1,8,M111100010100010000001000000011010100000100110001
5762,319,2,12,M111100010100010000001000000011010100000100110001
5763,319,3,4,M111100010100010000001000000011010100000100110001
5764,319,4,25,M111100010100010000001000000011010100000100110001
5765,319,5,20,M111100010100010000001000000011010100000100110001
5766,319,6,0,M111100010100010000001000000011010100000100110001
5767,319,7,26,M111100010100010000001000000011010100000100110001
5768,319,8,16,M111100010100010000001000000011010100000100110001
5769,319,9,5,M111100010100010000001000000011010100000100110001
5770,319,10,31,M111100010100010000001000000011010100000100110001
5771,319,11,6,M111100010100010000001000000011010100000100110001
5772,319,12,7,M111100010100010000001000000011010100000100110001
5773,319,13,28,M111100010100010000001000000011010100000100110001
5774,319,14,23,M111100010100010000001000000011010100000100110001
5775,319,15,1,M111100010100010000001000000011010100000100110001
5776,319,16,24,M111100010100010000001000000011010100000100110001
5777,319,17,13,M111100010100010000001000000011010100000100110001
5778,319,18,30,M111100010100010000001000000011010100000100110001
5779,319,19,10,M111100010100010000001000000011010100000100110001
5780,319,20,9,M111100010100010000001000000011010100000100110001
5781,319,21,27,M111100010100010000001000000011010100000100110001
5782,319,22,19,M111100010100010000001000000011010100000100110001
5783,319,23,22,M111100010100010000001000000011010100000100110001
5784,319,24,17,M111100010100010000001000000011010100000100110001
5785,319,25,2,M111100010100010000001000000011010100000100110001
5786,319,26,18,M111100010100010000001000000011010100000100110001
5787,319,27,15,M111100010100010000001000000011010100000100110001
5788,319,28,21,M111100010100010000001000000011010100000100110001
5789,319,29,3,M111100010100010000001000000011010100000100110001
5790,319,30,14,M111100010100010000001000000011010100000100110001
5791,319,31,29,M111100010100010000001000000011010100000100110001
5792,292,0,11,M111111111000001000010100000100010000001000000110
5793,292,1,0,M111111111000001000010100000100010000001000000110
5794,292,2,30,M111111111000001000010100000100010000001000000110
5795,292,3,8,M111111111000001000010100000100010000001000000110
5796,292,4,18,M111111111000001000010100000100010000001000000110
5797,292,5,22,M111111111000001000010100000100010000001000000110
5798,292,6,16,M111111111000001000010100000100010000001000000110
5799,292,7,4,M111111111000001000010100000100010000001000000110
5800,292,8,14,M111111111000001000010100000100010000001000000110
5801,292,9,28,M111111111000001000010100000100010000001000000110
5802,292,10,7,M111111111000001000010100000100010000001000000110
5803,292,11,5,M111111111000001000010100000100010000001000000110
5804,292,12,31,M111111111000001000010100000100010000001000000110
5805,292,13,21,M111111111000001000010100000100010000001000000110
5806,292,14,25,M111111111000001000010100000100010000001000000110
5807,292,15,29,M111111111000001000010100000100010000001000000110
5808,292,16,23,M111111111000001000010100000100010000001000000110
5809,292,17,9,M111111111000001000010100000100010000001000000110
5810,292,18,19,M111111111000001000010100000100010000001000000110
5811,292,19,24,M111111111000001000010100000100010000001000000110
5812,292,20,2,M111111111000001000010100000100010000001000000110
5813,292,21,6,M111111111000001000010100000100010000001000000110
5814,292,22,10,M111111111000001000010100000100010000001000000110
5815,292,23,26,M111111111000001000010100000100010000001000000110
5816,292,24,13,M111111111000001000010100000100010000001000000110
5817,292,25,27,M111111111000001000010100000100010000001000000110
5818,292,26,17,M111111111000001000010100000100010000001000000110
5819,292,27,15,M111111111000001000010100000100010000001000000110
5820,292,28,1,M111111111000001000010100000100010000001000000110
5821,292,29,20,M111111111000001000010100000100010000001000000110
5822,292,30,3,M111111111000001000010100000100010000001000000110
5823,292,31,12,M111111111000001000010100000100010000001000000110
5856,421,0,20,M101110000010000110110010000100000100100000100101
5857,421,1,31,M101110000010000110110010000100000100100000100101
5858,421,2,17,M101110000010000110110010000100000100100000100101
5859,421,3,5,M101110000010000110110010000100000100100000100101
5860,421,4,29,M101110000010000110110010000100000100100000100101
5861,421,5,14,M101110000010000110110010000100000100100000100101
5862,421,6,8,M101110000010000110110010000100000100100000100101
5863,421,7,9,M101110000010000110110010000100000100100000100101
5864,421,8,21,M101110000010000110110010000100000100100000100101
5865,421,9,16,M101110000010000110110010000100000100100000100101
5866,421,10,24,M101110000010000110110010000100000100100000100101
5867,421,11,12,M101110000010000110110010000100000100100000100101
5868,421,12,4,M101110000010000110110010000100000100100000100101
5869,421,13,18,M101110000010000110110010000100000100100000100101
5870,421,14,7,M101110000010000110110010000100000100100000100101
5871,421,15,25,M101110000010000110110010000100000100100000100101
5872,421,16,13,M101110000010000110110010000100000100100000100101
5873,421,17,26,M101110000010000110110010000100000100100000100101
5874,421,18,1,M101110000010000110110010000100000100100000100101
5875,421,19,22,M101110000010000110110010000100000100100000100101
5876,421,20,10,M101110000010000110110010000100000100100000100101
5877,421,21,2,M101110000010000110110010000100000100100000100101
5878,421,22,0,M101110000010000110110010000100000100100000100101
5879,421,23,30,M101110000010000110110010000100000100100000100101
5880,421,24,3,M101110000010000110110010000100000100100000100101
5881,421,25,27,M101110000010000110110010000100000100100000100101
5882,421,26,23,M101110000010000110110010000100000100100000100101
5883,421,27,19,M101110000010000110110010000100000100100000100101
5884,421,28,6,M101110000010000110110010000100000100100000100101
5885,421,29,11,M101110000010000110110010000100000100100000100101
5886,421,30,28,M101110000010000110110010000100000100100000100101
5887,421,31,15,M101110000010000110110010000100000100100000100101
5888,12,0,6,M011011001010111000000001100000000000001010001011
5889,12,1,3,M011011001010111000000001100000000000001010001011
5890,12,2,21,M011011001010111000000001100000000000001010001011
5891,12,3,24,M011011001010111000000001100000000000001010001011
5892,12,4,5,M011011001010111000000001100000000000001010001011
5893,12,5,9,M011011001010111000000001100000000000001010001011
5894,12,6,0,M011011001010111000000001100000000000001010001011
5895,12,7,1,M011011001010111000000001100000000000001010001011
5896,12,8,25,M011011001010111000000001100000000000001010001011
5897,12,9,15,M011011001010111000000001100000000000001010001011
5898,12,10,4,M011011001010111000000001100000000000001010001011
5899,12,11,18,M011011001010111000000001100000000000001010001011
5900,12,12,13,M011011001010111000000001100000000000001010001011
5901,12,13,23,M011011001010111000000001100000000000001010001011
5902,12,14,19,M011011001010111000000001100000000000001010001011
5903,12,15,22,M011011001010111000000001100000000000001010001011
5904,12,16,2,M011011001010111000000001100000000000001010001011
5905,12,17,17,M011011001010111000000001100000000000001010001011
5906,12,18,10,M011011001010111000000001100000000000001010001011
5907,12,19,16,M011011001010111000000001100000000000001010001011
5908,12,20,30,M011011001010111000000001100000000000001010001011
5909,12,21,29,M011011001010111000000001100000000000001010001011
5910,12,22,14,M011011001010111000000001100000000000001010001011
5911,12,23,7,M011011001010111000000001100000000000001010001011
5912,12,24,20,M011011001010111000000001100000000000001010001011
5913,12,25,11,M011011001010111000000001100000000000001010001011
5914,12,26,12,M011011001010111000000001100000000000001010001011
5915,12,27,26,M011011001010111000000001100000000000001010001011
5916,12,28,31,M011011001010111000000001100000000000001010001011
5917,12,29,27,M011011001010111000000001100000000000001010001011
5918,12,30,28,M011011001010111000000001100000000000001010001011
5919,12,31,8,M011011001010111000000001100000000000001010001011
5920,245,0,2,M111100000001001100000000000000010011000011110011
5921,245,1,14,M111100000001001100000000000000010011000011110011
5922,245,2,26,M111100000001001100000000000000010011000011110011
5923,245,3,4,M111100000001001100000000000000010011000011110011
5924,245,4,20,M111100000001001100000000000000010011000011110011
5925,245,5,30,M111100000001001100000000000000010011000011110011
5926,245,6,10,M111100000001001100000000000000010011000011110011
5927,245,7,0,M111100000001001100000000000000010011000011110011
5928,245,8,23,M111100000001001100000000000000010011000011110011
5929,245,9,17,M111100000001001100000000000000010011000011110011
5930,245,10,21,M111100000001001100000000000000010011000011110011
5931,245,11,19,M111100000001001100000000000000010011000011110011
5932,245,12,24,M111100000001001100000000000000010011000011110011
5933,245,13,31,M111100000001001100000000000000010011000011110011
5934,245,14,7,M111100000001001100000000000000010011000011110011
5935,245,15,12,M111100000001001100000000000000010011000011110011
5936,245,16,16,M111100000001001100000000000000010011000011110011
5937,245,17,29,M111100000001001100000000000000010011000011110011
5938,245,18,1,M111100000001001100000000000000010011000011110011
5939,245,19,13,M111100000001001100000000000000010011000011110011
5940,245,20,8,M111100000001001100000000000000010011000011110011
5941,245,21,3,M111100000001001100000000000000010011000011110011
5942,245,22,22,M111100000001001100000000000000010011000011110011
5943,245,23,6,M111100000001001100000000000000010011000011110011
5944,245,24,15,M111100000001001100000000000000010011000011110011
5945,245,25,11,M111100000001001100000000000000010011000011110011
5946,245,26,25,M111100000001001100000000000000010011000011110011
5947,245,27,5,M111100000001001100000000000000010011000011110011
5948,245,28,28,M111100000001001100000000000000010011000011110011
5949,245,29,9,M111100000001001100000000000000010011000011110011
5950,245,30,18,M111100000001001100000000000000010011000011110011
5951,245,31,27,M111100000001001100000000000000010011000011110011
5952,153,0,2,M110010100001010001010000000101000010000001110110
5953,153,1,7,M110010100001010001010000000101000010000001110110
5954,153,2,21,M110010100001010001010000000101000010000001110110
5955,153,3,12,M110010100001010001010000000101000010000001110110
5956,153,4,27,M110010100001010001010000000101000010000001110110
5957,153,5,10,M110010100001010001010000000101000010000001110110
5958,153,6,31,M110010100001010001010000000101000010000001110110
5959,153,7,30,M110010100001010001010000000101000010000001110110
5960,153,8,4,M110010100001010001010000000101000010000001110110
5961,153,9,13,M110010100001010001010000000101000010000001110110
5962,153,10,23,M110010100001010001010000000101000010000001110110
5963,153,11,5,M110010100001010001010000000101000010000001110110
5964,153,12,8,M110010100001010001010000000101000010000001110110
5965,153,13,11,M110010100001010001010000000101000010000001110110
5966,153,14,1,M110010100001010001010000000101000010000001110110
5967,153,15,28,M110010100001010001010000000101000010000001110110
5968,153,16,22,M110010100001010001010000000101000010000001110110
5969,153,17,25,M110010100001010001010000000101000010000001110110
5970,153,18,9,M110010100001010001010000000101000010000001110110
5971,153,19,3,M110010100001010001010000000101000010000001110110
5972,153,20,24,M110010100001010001010000000101000010000001110110
5973,153,21,0,M110010100001010001010000000101000010000001110110
5974,153,22,17,M110010100001010001010000000101000010000001110110
5975,153,23,6,M110010100001010001010000000101000010000001110110
5976,153,24,29,M110010100001010001010000000101000010000001110110
5977,153,25,18,M110010100001010001010000000101000010000001110110
5978,153,26,14,M110010100001010001010000000101000010000001110110
5979,153,27,16,M110010100001010001010000000101000010000001110110
5980,153,28,19,M110010100001010001010000000101000010000001110110
5981,153,29,15,M110010100001010001010000000101000010000001110110
5982,153,30,20,M110010100001010001010000000101000010000001110110
5983,153,31,26,M110010100001010001010000000101000010000001110110
5984,176,0,27,M110110001000001000100110010001100000000010100110
5985,176,1,24,M110110001000001000100110010001100000000010100110
5986,176,2,21,M110110001000001000100110010001100000000010100110
5987,176,3,16,M110110001000001000100110010001100000000010100110
5988,176,4,18,M110110001000001000100110010001100000000010100110
5989,176,5,7,M110110001000001000100110010001100000000010100110
5990,176,6,13,M110110001000001000100110010001100000000010100110
5991,176,7,23,M110110001000001000100110010001100000000010100110
5992,176,8,1,M110110001000001000100110010001100000000010100110
5993,176,9,2,M110110001000001000100110010001100000000010100110
5994,176,10,31,M110110001000001000100110010001100000000010100110
5995,176,11,20,M110110001000001000100110010001100000000010100110
5996,176,12,9,M110110001000001000100110010001100000000010100110
5997,176,13,30,M110110001000001000100110010001100000000010100110
5998,176,14,26,M110110001000001000100110010001100000000010100110
5999,176,15,4,M110110001000001000100110010001100000000010100110
6000,176,16,5,M110110001000001000100110010001100000000010100110
6001,176,17,11,M110110001000001000100110010001100000000010100110
6002,176,18,19,M110110001000001000100110010001100000000010100110
6003,176,19,0,M110110001000001000100110010001100000000010100110
6004,176,20,22,M110110001000001000100110010001100000000010100110
6005,176,21,17,M110110001000001000100110010001100000000010100110
6006,176,22,15,M110110001000001000100110010001100000000010100110
6007,176,23,12,M110110001000001000100110010001100000000010100110
6008,176,24,25,M110110001000001000100110010001100000000010100110
6009,176,25,6,M110110001000001000100110010001100000000010100110
6010,176,26,8,M110110001000001000100110010001100000000010100110
6011,176,27,28,M110110001000001000100110010001100000000010100110
6012,176,28,29,M110110001000001000100110010001100000000010100110
6013,176,29,10,M110110001000001000100110010001100000000010100110
6014,176,30,14,M110110001000001000100110010001100000000010100110
6015,176,31,3,M110110001000001000100110010001100000000010100110
6048,494,0,6,M101010100011000011111100001000100000100000001000
6049,494,1,24,M101010100011000011111100001000100000100000001000
6050,494,2,7,M101010100011000011111100001000100000100000001000
6051,494,3,16,M101010100011000011111100001000100000100000001000
6052,494,4,23,M101010100011000011111100001000100000100000001000
6053,494,5,2,M101010100011000011111100001000100000100000001000
6054,494,6,22,M101010100011000011111100001000100000100000001000
6055,494,7,29,M101010100011000011111100001000100000100000001000
6056,494,8,19,M101010100011000011111100001000100000100000001000
6057,494,9,0,M101010100011000011111100001000100000100000001000
6058,494,10,18,M101010100011000011111100001000100000100000001000
6059,494,11,20,M101010100011000011111100001000100000100000001000
6060,494,12,11,M101010100011000011111100001000100000100000001000
6061,494,13,1,M101010100011000011111100001000100000100000001000
6062,494,14,8,M101010100011000011111100001000100000100000001000
6063,494,15,10,M101010100011000011111100001000100000100000001000
6064,494,16,12,M101010100011000011111100001000100000100000001000
6065,494,17,28,M101010100011000011111100001000100000100000001000
6066,494,18,25,M101010100011000011111100001000100000100000001000
6067,494,19,31,M101010100011000011111100001000100000100000001000
6068,494,20,30,M101010100011000011111100001000100000100000001000
6069,494,21,15,M101010100011000011111100001000100000100000001000
6070,494,22,27,M101010100011000011111100001000100000100000001000
6071,494,23,21,M101010100011000011111100001000100000100000001000
6072,494,24,13,M101010100011000011111100001000100000100000001000
6073,494,25,3,M101010100011000011111100001000100000100000001000
6074,494,26,17,M101010100011000011111100001000100000100000001000
6075,494,27,9,M101010100011000011111100001000100000100000001000
6076,494,28,5,M101010100011000011111100001000100000100000001000
6077,494,29,4,M101010100011000011111100001000100000100000001000
6078,494,30,26,M101010100011000011111100001000100000100000001000
6079,494,31,14,M101010100011000011111100001000100000100000001000
6080,92,0,4,M001110011010110000000000001000000010001010101011
6081,92,1,21,M001110011010110000000000001000000010001010101011
6082,92,2,7,M001110011010110000000000001000000010001010101011
6083,92,3,6,M001110011010110000000000001000000010001010101011
6084,92,4,16,M001110011010110000000000001000000010001010101011
6085,92,5,8,M001110011010110000000000001000000010001010101011
6086,92,6,25,M001110011010110000000000001000000010001010101011
6087,92,7,10,M001110011010110000000000001000000010001010101011
6088,92,8,24,M001110011010110000000000001000000010001010101011
6089,92,9,19,M001110011010110000000000001000000010001010101011
6090,92,10,23,M001110011010110000000000001000000010001010101011
6091,92,11,0,M001110011010110000000000001000000010001010101011
6092,92,12,22,M001110011010110000000000001000000010001010101011
6093,92,13,3,M001110011010110000000000001000000010001010101011
6094,92,14,20,M001110011010110000000000001000000010001010101011
6095,92,15,29,M001110011010110000000000001000000010001010101011
6096,92,16,15,M001110011010110000000000001000000010001010101011
6097,92,17,5,M001110011010110000000000001000000010001010101011
6098,92,18,18,M001110011010110000000000001000000010001010101011
6099,92,19,31,M001110011010110000000000001000000010001010101011
6100,92,20,13,M001110011010110000000000001000000010001010101011
6101,92,21,26,M001110011010110000000000001000000010001010101011
6102,92,22,11,M001110011010110000000000001000000010001010101011
6103,92,23,28,M001110011010110000000000001000000010001010101011
6104,92,24,14,M001110011010110000000000001000000010001010101011
6105,92,25,17,M001110011010110000000000001000000010001010101011
6106,92,26,30,M001110011010110000000000001000000010001010101011
6107,92,27,9,M001110011010110000000000001000000010001010101011
6108,92,28,1,M001110011010110000000000001000000010001010101011
6109,92,29,2,M001110011010110000000000001000000010001010101011
6110,92,30,27,M001110011010110000000000001000000010001010101011
6111,92,31,12,M001110011010110000000000001000000010001010101011
6112,431,0,19,M010110001001001010010000010000010100010000101011
6113,431,1,31,M010110001001001010010000010000010100010000101011
6114,431,2,10,M010110001001001010010000010000010100010000101011
6115,431,3,13,M010110001001001010010000010000010100010000101011
6116,431,4,20,M010110001001001010010000010000010100010000101011
6117,431,5,25,M010110001001001010010000010000010100010000101011
6118,431,6,18,M010110001001001010010000010000010100010000101011
6119,431,7,6,M010110001001001010010000010000010100010000101011
6120,431,8,29,M010110001001001010010000010000010100010000101011
6121,431,9,21,M010110001001001010010000010000010100010000101011
6122,431,10,24,M010110001001001010010000010000010100010000101011
6123,431,11,4,M010110001001001010010000010000010100010000101011
6124,431,12,23,M010110001001001010010000010000010100010000101011
6125,431,13,16,M010110001001001010010000010000010100010000101011
6126,431,14,26,M010110001001001010010000010000010100010000101011
6127,431,15,27,M010110001001001010010000010000010100010000101011
6128,431,16,8,M010110001001001010010000010000010100010000101011
6129,431,17,30,M010110001001001010010000010000010100010000101011
6130,431,18,28,M010110001001001010010000010000010100010000101011
6131,431,19,3,M010110001001001010010000010000010100010000101011
6132,431,20,22,M010110001001001010010000010000010100010000101011
6133,431,21,0,M010110001001001010010000010000010100010000101011
6134,431,22,1,M010110001001001010010000010000010100010000101011
6135,431,23,12,M010110001001001010010000010000010100010000101011
6136,431,24,14,M010110001001001010010000010000010100010000101011
6137,431,25,2,M010110001001001010010000010000010100010000101011
6138,431,26,15,M010110001001001010010000010000010100010000101011
6139,431,27,7,M010110001001001010010000010000010100010000101011
6140,431,28,17,M010110001001001010010000010000010100010000101011
6141,431,29,5,M010110001001001010010000010000010100010000101011
6142,431,30,11,M010110001001001010010000010000010100010000101011
6143,431,31,9,M010110001001001010010000010000010100010000101011
6144,21,0,15,M110111100001000110000001000000000000100010011110
6145,21,1,21,M110111100001000110000001000000000000100010011110
6146,21,2,19,M110111100001000110000001000000000000100010011110
6147,21,3,2,M110111100001000110000001000000000000100010011110
6148,21,4,4,M110111100001000110000001000000000000100010011110
6149,21,5,8,M110111100001000110000001000000000000100010011110
6150,21,6,25,M110111100001000110000001000000000000100010011110
6151,21,7,1,M110111100001000110000001000000000000100010011110
6152,21,8,20,M110111100001000110000001000000000000100010011110
6153,21,9,18,M110111100001000110000001000000000000100010011110
6154,21,10,6,M110111100001000110000001000000000000100010011110
6155,21,11,16,M110111100001000110000001000000000000100010011110
6156,21,12,14,M110111100001000110000001000000000000100010011110
6157,21,13,3,M110111100001000110000001000000000000100010011110
6158,21,14,11,M110111100001000110000001000000000000100010011110
6159,21,15,5,M110111100001000110000001000000000000100010011110
6160,21,16,13,M110111100001000110000001000000000000100010011110
6161,21,17,22,M110111100001000110000001000000000000100010011110
6162,21,18,30,M110111100001000110000001000000000000100010011110
6163,21,19,26,M110111100001000110000001000000000000100010011110
6164,21,20,12,M110111100001000110000001000000000000100010011110
6165,21,21,28,M110111100001000110000001000000000000100010011110
6166,21,22,29,M110111100001000110000001000000000000100010011110
6167,21,23,7,M110111100001000110000001000000000000100010011110
6168,21,24,31,M110111100001000110000001000000000000100010011110
6169,21,25,10,M110111100001000110000001000000000000100010011110
6170,21,26,17,M110111100001000110000001000000000000100010011110
6171,21,27,0,M110111100001000110000001000000000000100010011110
6172,21,28,27,M110111100001000110000001000000000000100010011110
6173,21,29,9,M110111100001000110000001000000000000100010011110
6174,21,30,24,M110111100001000110000001000000000000100010011110
6175,21,31,23,M110111100001000110000001000000000000100010011110
6176,174,0,2,M111101010001000001000001101000010000000100110001
6177,174,1,16,M111101010001000001000001101000010000000100110001
6178,174,2,31,M111101010001000001000001101000010000000100110001
6179,174,3,21,M111101010001000001000001101000010000000100110001
6180,174,4,30,M111101010001000001000001101000010000000100110001
6181,174,5,5,M111101010001000001000001101000010000000100110001
6182,174,6,25,M111101010001000001000001101000010000000100110001
6183,174,7,22,M111101010001000001000001101000010000000100110001
6184,174,8,0,M111101010001000001000001101000010000000100110001
6185,174,9,4,M111101010001000001000001101000010000000100110001
6186,174,10,1,M111101010001000001000001101000010000000100110001
6187,174,11,13,M111101010001000001000001101000010000000100110001
6188,174,12,8,M111101010001000001000001101000010000000100110001
6189,174,13,17,M111101010001000001000001101000010000000100110001
6190,174,14,9,M111101010001000001000001101000010000000100110001
6191,174,15,24,M111101010001000001000001101000010000000100110001
6192,174,16,28,M111101010001000001000001101000010000000100110001
6193,174,17,7,M111101010001000001000001101000010000000100110001
6194,174,18,10,M111101010001000001000001101000010000000100110001
6195,174,19,14,M111101010001000001000001101000010000000100110001
6196,174,20,3,M111101010001000001000001101000010000000100110001
6197,174,21,19,M111101010001000001000001101000010000000100110001
6198,174,22,20,M111101010001000001000001101000010000000100110001
6199,174,23,27,M111101010001000001000001101000010000000100110001
6200,174,24,15,M111101010001000001000001101000010000000100110001
6201,174,25,18,M111101010001000001000001101000010000000100110001
6202,174,26,12,M111101010001000001000001101000010000000100110001
6203,174,27,11,M111101010001000001000001101000010000000100110001
6204,174,28,23,M111101010001000001000001101000010000000100110001
6205,174,29,29,M111101010001000001000001101000010000000100110001
6206,174,30,6,M111101010001000001000001101000010000000100110001
6207,174,31,26,M111101010001000001000001101000010000000100110001
6208,341,0,26,M111001010111000000000000001000001010100010010011
6209,341,1,28,M111001010111000000000000001000001010100010010011
6210,341,2,24,M111001010111000000000000001000001010100010010011
6211,341,3,17,M111001010111000000000000001000001010100010010011
6212,341,4,29,M111001010111000000000000001000001010100010010011
6213,341,5,10,M111001010111000000000000001000001010100010010011
6214,341,6,4,M111001010111000000000000001000001010100010010011
6215,341,7,23,M111001010111000000000000001000001010100010010011
6216,341,8,1,M111001010111000000000000001000001010100010010011
6217,341,9,15,M111001010111000000000000001000001010100010010011
6218,341,10,8,M111001010111000000000000001000001010100010010011
6219,341,11,2,M111001010111000000000000001000001010100010010011
6220,341,12,22,M111001010111000000000000001000001010100010010011
6221,341,13,21,M111001010111000000000000001000001010100010010011
6222,341,14,7,M111001010111000000000000001000001010100010010011
6223,341,15,11,M111001010111000000000000001000001010100010010011
6224,341,16,18,M111001010111000000000000001000001010100010010011
6225,341,17,20,M111001010111000000000000001000001010100010010011
6226,341,18,0,M111001010111000000000000001000001010100010010011
6227,341,19,14,M111001010111000000000000001000001010100010010011
6228,341,20,5,M111001010111000000000000001000001010100010010011
6229,341,21,31,M111001010111000000000000001000001010100010010011
6230,341,22,27,M111001010111000000000000001000001010100010010011
6231,341,23,19,M111001010111000000000000001000001010100010010011
6232,341,24,6,M111001010111000000000000001000001010100010010011
6233,341,25,13,M111001010111000000000000001000001010100010010011
6234,341,26,25,M111001010111000000000000001000001010100010010011
6235,341,27,12,M111001010111000000000000001000001010100010010011
6236,341,28,16,M111001010111000000000000001000001010100010010011
6237,341,29,9,M111001010111000000000000001000001010100010010011
6238,341,30,30,M111001010111000000000000001000001010100010010011
6239,341,31,3,M111001010111000000000000001000001010100010010011
6272,299,0,9,M111010101011011000100010000000010000000000101010
6273,299,1,5,M111010101011011000100010000000010000000000101010
6274,299,2,13,M111010101011011000100010000000010000000000101010
6275,299,3,29,M111010101011011000100010000000010000000000101010
6276,299,4,4,M111010101011011000100010000000010000000000101010
6277,299,5,31,M111010101011011000100010000000010000000000101010
6278,299,6,30,M111010101011011000100010000000010000000000101010
6279,299,7,23,M111010101011011000100010000000010000000000101010
6280,299,8,26,M111010101011011000100010000000010000000000101010
6281,299,9,14,M111010101011011000100010000000010000000000101010
6282,299,10,17,M111010101011011000100010000000010000000000101010
6283,299,11,12,M111010101011011000100010000000010000000000101010
6284,299,12,16,M111010101011011000100010000000010000000000101010
6285,299,13,20,M111010101011011000100010000000010000000000101010
6286,299,14,19,M111010101011011000100010000000010000000000101010
6287,299,15,1,M111010101011011000100010000000010000000000101010
6288,299,16,3,M111010101011011000100010000000010000000000101010
6289,299,17,10,M111010101011011000100010000000010000000000101010
6290,299,18,11,M111010101011011000100010000000010000000000101010
6291,299,19,7,M111010101011011000100010000000010000000000101010
6292,299,20,15,M111010101011011000100010000000010000000000101010
6293,299,21,22,M111010101011011000100010000000010000000000101010
6294,299,22,27,M111010101011011000100010000000010000000000101010
6295,299,23,24,M111010101011011000100010000000010000000000101010
6296,299,24,21,M111010101011011000100010000000010000000000101010
6297,299,25,18,M111010101011011000100010000000010000000000101010
6298,299,26,25,M111010101011011000100010000000010000000000101010
6299,299,27,0,M111010101011011000100010000000010000000000101010
6300,299,28,8,M111010101011011000100010000000010000000000101010
6301,299,29,6,M111010101011011000100010000000010000000000101010
6302,299,30,2,M111010101011011000100010000000010000000000101010
6303,299,31,28,M111010101011011000100010000000010000000000101010
6304,26,0,28,M101010100000001010000000101011010100000010010011
6305,26,1,16,M101010100000001010000000101011010100000010010011
6306,26,2,9,M101010100000001010000000101011010100000010010011
6307,26,3,3,M101010100000001010000000101011010100000010010011
6308,26,4,23,M101010100000001010000000101011010100000010010011
6309,26,5,29,M101010100000001010000000101011010100000010010011
6310,26,6,17,M101010100000001010000000101011010100000010010011
6311,26,7,1,M101010100000001010000000101011010100000010010011
6312,26,8,2,M101010100000001010000000101011010100000010010011
6313,26,9,6,M101010100000001010000000101011010100000010010011
6314,26,10,26,M101010100000001010000000101011010100000010010011
6315,26,11,24,M101010100000001010000000101011010100000010010011
6316,26,12,12,M101010100000001010000000101011010100000010010011
6317,26,13,13,M101010100000001010000000101011010100000010010011
6318,26,14,7,M101010100000001010000000101011010100000010010011
6319,26,15,8,M101010100000001010000000101011010100000010010011
6320,26,16,11,M101010100000001010000000101011010100000010010011
6321,26,17,30,M101010100000001010000000101011010100000010010011
6322,26,18,14,M101010100000001010000000101011010100000010010011
6323,26,19,19,M101010100000001010000000101011010100000010010011
6324,26,20,22,M101010100000001010000000101011010100000010010011
6325,26,21,21,M101010100000001010000000101011010100000010010011
6326,26,22,15,M101010100000001010000000101011010100000010010011
6327,26,23,10,M101010100000001010000000101011010100000010010011
6328,26,24,20,M101010100000001010000000101011010100000010010011
6329,26,25,5,M101010100000001010000000101011010100000010010011
6330,26,26,4,M101010100000001010000000101011010100000010010011
6331,26,27,31,M101010100000001010000000101011010100000010010011
6332,26,28,0,M101010100000001010000000101011010100000010010011
6333,26,29,27,M101010100000001010000000101011010100000010010011
6334,26,30,18,M101010100000001010000000101011010100000010010011
6335,26,31,25,M101010100000001010000000101011010100000010010011
6336,122,0,9,M101111000100000010010000000011100101000001001100
6337,122,1,5,M101111000100000010010000000011100101000001001100
6338,122,2,10,M101111000100000010010000000011100101000001001100
6339,122,3,3,M101111000100000010010000000011100101000001001100
6340,122,4,12,M101111000100000010010000000011100101000001001100
6341,122,5,13,M101111000100000010010000000011100101000001001100
6342,122,6,0,M101111000100000010010000000011100101000001001100
6343,122,7,31,M101111000100000010010000000011100101000001001100
6344,122,8,11,M101111000100000010010000000011100101000001001100
6345,122,9,15,M101111000100000010010000000011100101000001001100
6346,122,10,7,M101111000100000010010000000011100101000001001100
6347,122,11,21,M101111000100000010010000000011100101000001001100
6348,122,12,29,M101111000100000010010000000011100101000001001100
6349,122,13,2,M101111000100000010010000000011100101000001001100
6350,122,14,19,M101111000100000010010000000011100101000001001100
6351,122,15,16,M101111000100000010010000000011100101000001001100
6352,122,16,22,M101111000100000010010000000011100101000001001100
6353,122,17,23,M101111000100000010010000000011100101000001001100
6354,122,18,30,M101111000100000010010000000011100101000001001100
6355,122,19,26,M101111000100000010010000000011100101000001001100
6356,122,20,4,M101111000100000010010000000011100101000001001100
6357,122,21,27,M101111000100000010010000000011100101000001001100
6358,122,22,28,M101111000100000010010000000011100101000001001100
6359,122,23,6,M101111000100000010010000000011100101000001001100
6360,122,24,8,M101111000100000010010000000011100101000001001100
6361,122,25,1,M101111000100000010010000000011100101000001001100
6362,122,26,20,M101111000100000010010000000011100101000001001100
6363,122,27,17,M101111000100000010010000000011100101000001001100
6364,122,28,25,M101111000100000010010000000011100101000001001100
6365,122,29,14,M101111000100000010010000000011100101000001001100
6366,122,30,24,M101111000100000010010000000011100101000001001100
6367,122,31,18,M101111000100000010010000000011100101000001001100
6400,25,0,22,M111011000001011000000000000110011000100000011100
6401,25,1,21,M111011000001011000000000000110011000100000011100
6402,25,2,14,M111011000001011000000000000110011000100000011100
6403,25,3,25,M111011000001011000000000000110011000100000011100
6404,25,4,19,M111011000001011000000000000110011000100000011100
6405,25,5,23,M111011000001011000000000000110011000100000011100
6406,25,6,4,M111011000001011000000000000110011000100000011100
6407,25,7,11,M111011000001011000000000000110011000100000011100
6408,25,8,7,M111011000001011000000000000110011000100000011100
6409,25,9,3,M111011000001011000000000000110011000100000011100
6410,25,10,6,M111011000001011000000000000110011000100000011100
6411,25,11,9,M111011000001011000000000000110011000100000011100
6412,25,12,26,M111011000001011000000000000110011000100000011100
6413,25,13,31,M111011000001011000000000000110011000100000011100
6414,25,14,5,M111011000001011000000000000110011000100000011100
6415,25,15,27,M111011000001011000000000000110011000100000011100
6416,25,16,17,M111011000001011000000000000110011000100000011100
6417,25,17,24,M111011000001011000000000000110011000100000011100
6418,25,18,20,M111011000001011000000000000110011000100000011100
6419,25,19,8,M111011000001011000000000000110011000100000011100
6420,25,20,18,M111011000001011000000000000110011000100000011100
6421,25,21,0,M111011000001011000000000000110011000100000011100
6422,25,22,16,M111011000001011000000000000110011000100000011100
6423,25,23,15,M111011000001011000000000000110011000100000011100
6424,25,24,1,M111011000001011000000000000110011000100000011100
6425,25,25,30,M111011000001011000000000000110011000100000011100
6426,25,26,29,M111011000001011000000000000110011000100000011100
6427,25,27,10,M111011000001011000000000000110011000100000011100
6428,25,28,12,M111011000001011000000000000110011000100000011100
6429,25,29,28,M111011000001011000000000000110011000100000011100
6430,25,30,13,M111011000001011000000000000110011000100000011100
6431,25,31,2,M111011000001011000000000000110011000100000011100
6432,213,0,16,M111110000001000010000100000010011000011000100101
6433,213,1,26,M111110000001000010000100000010011000011000100101
6434,213,2,12,M111110000001000010000100000010011000011000100101
6435,213,3,7,M111110000001000010000100000010011000011000100101
6436,213,4,9,M111110000001000010000100000010011000011000100101
6437,213,5,25,M111110000001000010000100000010011000011000100101
6438,213,6,28,M111110000001000010000100000010011000011000100101
6439,213,7,0,M111110000001000010000100000010011000011000100101
6440,213,8,20,M111110000001000010000100000010011000011000100101
6441,213,9,19,M111110000001000010000100000010011000011000100101
6442,213,10,10,M111110000001000010000100000010011000011000100101
6443,213,11,23,M111110000001000010000100000010011000011000100101
6444,213,12,14,M111110000001000010000100000010011000011000100101
6445,213,13,22,M111110000001000010000100000010011000011000100101
6446,213,14,15,M111110000001000010000100000010011000011000100101
6447,213,15,29,M111110000001000010000100000010011000011000100101
6448,213,16,18,M111110000001000010000100000010011000011000100101
6449,213,17,8,M111110000001000010000100000010011000011000100101
6450,213,18,1,M111110000001000010000100000010011000011000100101
6451,213,19,13,M111110000001000010000100000010011000011000100101
6452,213,20,30,M111110000001000010000100000010011000011000100101
6453,213,21,4,M111110000001000010000100000010011000011000100101
6454,213,22,3,M111110000001000010000100000010011000011000100101
6455,213,23,27,M111110000001000010000100000010011000011000100101
6456,213,24,24,M111110000001000010000100000010011000011000100101
6457,213,25,31,M111110000001000010000100000010011000011000100101
6458,213,26,5,M111110000001000010000100000010011000011000100101
6459,213,27,11,M111110000001000010000100000010011000011000100101
6460,213,28,2,M111110000001000010000100000010011000011000100101
6461,213,29,21,M111110000001000010000100000010011000011000100101
6462,213,30,17,M111110000001000010000100000010011000011000100101
6463,213,31,6,M111110000001000010000100000010011000011000100101
6464,438,0,8,M010111001011000000010011001000001110000100010000
6465,438,1,18,M010111001011000000010011001000001110000100010000
6466,438,2,31,M010111001011000000010011001000001110000100010000
6467,438,3,20,M010111001011000000010011001000001110000100010000
6468,438,4,26,M010111001011000000010011001000001110000100010000
6469,438,5,10,M010111001011000000010011001000001110000100010000
6470,438,6,22,M010111001011000000010011001000001110000100010000
6471,438,7,16,M010111001011000000010011001000001110000100010000
6472,438,8,17,M010111001011000000010011001000001110000100010000
6473,438,9,11,M010111001011000000010011001000001110000100010000
6474,438,10,5,M010111001011000000010011001000001110000100010000
6475,438,11,4,M010111001011000000010011001000001110000100010000
6476,438,12,1,M010111001011000000010011001000001110000100010000
6477,438,13,27,M010111001011000000010011001000001110000100010000
6478,438,14,7,M010111001011000000010011001000001110000100010000
6479,438,15,0,M010111001011000000010011001000001110000100010000
6480,438,16,19,M010111001011000000010011001000001110000100010000
6481,438,17,29,M010111001011000000010011001000001110000100010000
6482,438,18,2,M010111001011000000010011001000001110000100010000
6483,438,19,21,M010111001011000000010011001000001110000100010000
6484,438,20,24,M010111001011000000010011001000001110000100010000
6485,438,21,6,M010111001011000000010011001000001110000100010000
6486,438,22,23,M010111001011000000010011001000001110000100010000
6487,438,23,25,M010111001011000000010011001000001110000100010000
6488,438,24,12,M010111001011000000010011001000001110000100010000
6489,438,25,15,M010111001011000000010011001000001110000100010000
6490,438,26,3,M010111001011000000010011001000001110000100010000
6491,438,27,28,M010111001011000000010011001000001110000100010000
6492,438,28,9,M010111001011000000010011001000001110000100010000
6493,438,29,14,M010111001011000000010011001000001110000100010000
6494,438,30,30,M010111001011000000010011001000001110000100010000
6495,438,31,13,M010111001011000000010011001000001110000100010000
6496,187,0,24,M011010001010110100000001100011000010010000000110
6497,187,1,8,M011010001010110100000001100011000010010000000110
6498,187,2,26,M011010001010110100000001100011000010010000000110
6499,187,3,2,M011010001010110100000001100011000010010000000110
6500,187,4,29,M011010001010110100000001100011000010010000000110
6501,187,5,28,M011010001010110100000001100011000010010000000110
6502,187,6,30,M011010001010110100000001100011000010010000000110
6503,187,7,31,M011010001010110100000001100011000010010000000110
6504,187,8,14,M011010001010110100000001100011000010010000000110
6505,187,9,0,M011010001010110100000001100011000010010000000110
6506,187,10,27,M011010001010110100000001100011000010010000000110
6507,187,11,20,M011010001010110100000001100011000010010000000110
6508,187,12,18,M011010001010110100000001100011000010010000000110
6509,187,13,21,M011010001010110100000001100011000010010000000110
6510,187,14,16,M011010001010110100000001100011000010010000000110
6511,187,15,25,M011010001010110100000001100011000010010000000110
6512,187,16,12,M011010001010110100000001100011000010010000000110
6513,187,17,4,M011010001010110100000001100011000010010000000110
6514,187,18,9,M011010001010110100000001100011000010010000000110
6515,187,19,3,M011010001010110100000001100011000010010000000110
6516,187,20,19,M011010001010110100000001100011000010010000000110
6517,187,21,17,M011010001010110100000001100011000010010000000110
6518,187,22,11,M011010001010110100000001100011000010010000000110
6519,187,23,7,M011010001010110100000001100011000010010000000110
6520,187,24,22,M011010001010110100000001100011000010010000000110
6521,187,25,23,M011010001010110100000001100011000010010000000110
6522,187,26,5,M011010001010110100000001100011000010010000000110
6523,187,27,6,M011010001010110100000001100011000010010000000110
6524,187,28,15,M011010001010110100000001100011000010010000000110
6525,187,29,10,M011010001010110100000001100011000010010000000110
6526,187,30,13,M011010001010110100000001100011000010010000000110
6527,187,31,1,M011010001010110100000001100011000010010000000110
6528,238,0,7,M101100000110010000100000011100010100001000110001
6529,238,1,18,M101100000110010000100000011100010100001000110001
6530,238,2,30,M101100000110010000100000011100010100001000110001
6531,238,3,11,M101100000110010000100000011100010100001000110001
6532,238,4,22,M101100000110010000100000011100010100001000110001
6533,238,5,5,M101100000110010000100000011100010100001000110001
6534,238,6,20,M101100000110010000100000011100010100001000110001
6535,238,7,12,M101100000110010000100000011100010100001000110001
6536,238,8,28,M101100000110010000100000011100010100001000110001
6537,238,9,17,M101100000110010000100000011100010100001000110001
6538,238,10,6,M101100000110010000100000011100010100001000110001
6539,238,11,1,M101100000110010000100000011100010100001000110001
6540,238,12,19,M101100000110010000100000011100010100001000110001
6541,238,13,0,M101100000110010000100000011100010100001000110001
6542,238,14,16,M101100000110010000100000011100010100001000110001
6543,238,15,24,M101100000110010000100000011100010100001000110001
6544,238,16,26,M101100000110010000100000011100010100001000110001
6545,238,17,9,M101100000110010000100000011100010100001000110001
6546,238,18,10,M101100000110010000100000011100010100001000110001
6547,238,19,2,M101100000110010000100000011100010100001000110001
6548,238,20,23,M101100000110010000100000011100010100001000110001
6549,238,21,13,M101100000110010000100000011100010100001000110001
6550,238,22,25,M101100000110010000100000011100010100001000110001
6551,238,23,27,M101100000110010000100000011100010100001000110001
6552,238,24,31,M101100000110010000100000011100010100001000110001
6553,238,25,4,M101100000110010000100000011100010100001000110001
6554,238,26,14,M101100000110010000100000011100010100001000110001
6555,238,27,15,M101100000110010000100000011100010100001000110001
6556,238,28,21,M101100000110010000100000011100010100001000110001
6557,238,29,29,M101100000110010000100000011100010100001000110001
6558,238,30,3,M101100000110010000100000011100010100001000110001
6559,238,31,8,M101100000110010000100000011100010100001000110001
6560,571,0,8,M010111000010011001000010010100100010000000101001
6561,571,1,1,M010111000010011001000010010100100010000000101001
6562,571,2,5,M010111000010011001000010010100100010000000101001
6563,571,3,28,M010111000010011001000010010100100010000000101001
6564,571,4,14,M010111000010011001000010010100100010000000101001
6565,571,5,25,M010111000010011001000010010100100010000000101001
6566,571,6,23,M010111000010011001000010010100100010000000101001
6567,571,7,27,M010111000010011001000010010100100010000000101001
6568,571,8,10,M010111000010011001000010010100100010000000101001
6569,571,9,2,M010111000010011001000010010100100010000000101001
6570,571,10,12,M010111000010011001000010010100100010000000101001
6571,571,11,31,M010111000010011001000010010100100010000000101001
6572,571,12,9,M010111000010011001000010010100100010000000101001
6573,571,13,22,M010111000010011001000010010100100010000000101001
6574,571,14,3,M010111000010011001000010010100100010000000101001
6575,571,15,7,M010111000010011001000010010100100010000000101001
6576,571,16,16,M010111000010011001000010010100100010000000101001
6577,571,17,30,M010111000010011001000010010100100010000000101001
6578,571,18,0,M010111000010011001000010010100100010000000101001
6579,571,19,15,M010111000010011001000010010100100010000000101001
6580,571,20,18,M010111000010011001000010010100100010000000101001
6581,571,21,11,M010111000010011001000010010100100010000000101001
6582,571,22,19,M010111000010011001000010010100100010000000101001
6583,571,23,20,M010111000010011001000010010100100010000000101001
6584,571,24,17,M010111000010011001000010010100100010000000101001
6585,571,25,21,M010111000010011001000010010100100010000000101001
6586,571,26,4,M010111000010011001000010010100100010000000101001
6587,571,27,13,M010111000010011001000010010100100010000000101001
6588,571,28,29,M010111000010011001000010010100100010000000101001
6589,571,29,6,M010111000010011001000010010100100010000000101001
6590,571,30,26,M010111000010011001000010010100100010000000101001
6591,571,31,24,M010111000010011001000010010100100010000000101001
6592,305,0,25,M100111000000100100000000000000101101000011011011
6593,305,1,29,M100111000000100100000000000000101101000011011011
6594,305,2,4,M100111000000100100000000000000101101000011011011
6595,305,3,0,M100111000000100100000000000000101101000011011011
6596,305,4,5,M100111000000100100000000000000101101000011011011
6597,305,5,27,M100111000000100100000000000000101101000011011011
6598,305,6,21,M100111000000100100000000000000101101000011011011
6599,305,7,9,M100111000000100100000000000000101101000011011011
6600,305,8,10,M100111000000100100000000000000101101000011011011
6601,305,9,22,M100111000000100100000000000000101101000011011011
6602,305,10,30,M100111000000100100000000000000101101000011011011
6603,305,11,18,M100111000000100100000000000000101101000011011011
6604,305,12,14,M100111000000100100000000000000101101000011011011
6605,305,13,11,M100111000000100100000000000000101101000011011011
6606,305,14,28,M100111000000100100000000000000101101000011011011
6607,305,15,20,M100111000000100100000000000000101101000011011011
6608,305,16,3,M100111000000100100000000000000101101000011011011
6609,305,17,7,M100111000000100100000000000000101101000011011011
6610,305,18,19,M100111000000100100000000000000101101000011011011
6611,305,19,6,M100111000000100100000000000000101101000011011011
6612,305,20,24,M100111000000100100000000000000101101000011011011
6613,305,21,12,M100111000000100100000000000000101101000011011011
6614,305,22,1,M100111000000100100000000000000101101000011011011
6615,305,23,15,M100111000000100100000000000000101101000011011011
6616,305,24,8,M100111000000100100000000000000101101000011011011
6617,305,25,31,M100111000000100100000000000000101101000011011011
6618,305,26,16,M100111000000100100000000000000101101000011011011
6619,305,27,23,M100111000000100100000000000000101101000011011011
6620,305,28,26,M100111000000100100000000000000101101000011011011
6621,305,29,2,M100111000000100100000000000000101101000011011011
6622,305,30,17,M100111000000100100000000000000101101000011011011
6623,305,31,13,M100111000000100100000000000000101101000011011011
6624,501,0,12,M011101100000101000010010001100010000000010011010
6625,501,1,15,M011101100000101000010010001100010000000010011010
6626,501,2,5,M011101100000101000010010001100010000000010011010
6627,501,3,6,M011101100000101000010010001100010000000010011010
6628,501,4,18,M011101100000101000010010001100010000000010011010
6629,501,5,21,M011101100000101000010010001100010000000010011010
6630,501,6,1,M011101100000101000010010001100010000000010011010
6631,501,7,11,M011101100000101000010010001100010000000010011010
6632,501,8,30,M011101100000101000010010001100010000000010011010
6633,501,9,20,M011101100000101000010010001100010000000010011010
6634,501,10,31,M011101100000101000010010001100010000000010011010
6635,501,11,22,M011101100000101000010010001100010000000010011010
6636,501,12,14,M011101100000101000010010001100010000000010011010
6637,501,13,25,M011101100000101000010010001100010000000010011010
6638,501,14,26,M011101100000101000010010001100010000000010011010
6639,501,15,24,M011101100000101000010010001100010000000010011010
6640,501,16,27,M011101100000101000010010001100010000000010011010
6641,501,17,23,M011101100000101000010010001100010000000010011010
6642,501,18,0,M011101100000101000010010001100010000000010011010
6643,501,19,4,M011101100000101000010010001100010000000010011010
6644,501,20,29,M011101100000101000010010001100010000000010011010
6645,501,21,17,M011101100000101000010010001100010000000010011010
6646,501,22,8,M011101100000101000010010001100010000000010011010
6647,501,23,7,M011101100000101000010010001100010000000010011010
6648,501,24,9,M011101100000101000010010001100010000000010011010
6649,501,25,10,M011101100000101000010010001100010000000010011010
6650,501,26,28,M011101100000101000010010001100010000000010011010
6651,501,27,16,M011101100000101000010010001100010000000010011010
6652,501,28,19,M011101100000101000010010001100010000000010011010
6653,501,29,3,M011101100000101000010010001100010000000010011010
6654,501,30,2,M011101100000101000010010001100010000000010011010
6655,501,31,13,M011101100000101000010010001100010000000010011010
6688,271,0,9,M111101000000010001000100101100000010000000001111
6689,271,1,28,M111101000000010001000100101100000010000000001111
6690,271,2,21,M111101000000010001000100101100000010000000001111
6691,271,3,26,M111101000000010001000100101100000010000000001111
6692,271,4,3,M111101000000010001000100101100000010000000001111
6693,271,5,23,M111101000000010001000100101100000010000000001111
6694,271,6,15,M111101000000010001000100101100000010000000001111
6695,271,7,16,M111101000000010001000100101100000010000000001111
6696,271,8,22,M111101000000010001000100101100000010000000001111
6697,271,9,27,M111101000000010001000100101100000010000000001111
6698,271,10,31,M111101000000010001000100101100000010000000001111
6699,271,11,4,M111101000000010001000100101100000010000000001111
6700,271,12,0,M111101000000010001000100101100000010000000001111
6701,271,13,18,M111101000000010001000100101100000010000000001111
6702,271,14,5,M111101000000010001000100101100000010000000001111
6703,271,15,25,M111101000000010001000100101100000010000000001111
6704,271,16,7,M111101000000010001000100101100000010000000001111
6705,271,17,29,M111101000000010001000100101100000010000000001111
6706,271,18,1,M111101000000010001000100101100000010000000001111
6707,271,19,19,M111101000000010001000100101100000010000000001111
6708,271,20,6,M111101000000010001000100101100000010000000001111
6709,271,21,24,M111101000000010001000100101100000010000000001111
6710,271,22,14,M111101000000010001000100101100000010000000001111
6711,271,23,13,M111101000000010001000100101100000010000000001111
6712,271,24,17,M111101000000010001000100101100000010000000001111
6713,271,25,2,M111101000000010001000100101100000010000000001111
6714,271,26,30,M111101000000010001000100101100000010000000001111
6715,271,27,10,M111101000000010001000100101100000010000000001111
6716,271,28,8,M111101000000010001000100101100000010000000001111
6717,271,29,20,M111101000000010001000100101100000010000000001111
6718,271,30,11,M111101000000010001000100101100000010000000001111
6719,271,31,12,M111101000000010001000100101100000010000000001111
6720,73,0,4,M000111000000100001100001000011000110010001001011
6721,73,1,11,M000111000000100001100001000011000110010001001011
6722,73,2,20,M000111000000100001100001000011000110010001001011
6723,73,3,19,M000111000000100001100001000011000110010001001011
6724,73,4,2,M000111000000100001100001000011000110010001001011
6725,73,5,17,M000111000000100001100001000011000110010001001011
6726,73,6,23,M000111000000100001100001000011000110010001001011
6727,73,7,25,M000111000000100001100001000011000110010001001011
6728,73,8,14,M000111000000100001100001000011000110010001001011
6729,73,9,22,M000111000000100001100001000011000110010001001011
6730,73,10,9,M000111000000100001100001000011000110010001001011
6731,73,11,6,M000111000000100001100001000011000110010001001011
6732,73,12,21,M000111000000100001100001000011000110010001001011
6733,73,13,13,M000111000000100001100001000011000110010001001011
6734,73,14,29,M000111000000100001100001000011000110010001001011
6735,73,15,0,M000111000000100001100001000011000110010001001011
6736,73,16,12,M000111000000100001100001000011000110010001001011
6737,73,17,28,M000111000000100001100001000011000110010001001011
6738,73,18,7,M000111000000100001100001000011000110010001001011
6739,73,19,5,M000111000000100001100001000011000110010001001011
6740,73,20,15,M000111000000100001100001000011000110010001001011
6741,73,21,27,M000111000000100001100001000011000110010001001011
6742,73,22,24,M000111000000100001100001000011000110010001001011
6743,73,23,18,M000111000000100001100001000011000110010001001011
6744,73,24,16,M000111000000100001100001000011000110010001001011
6745,73,25,1,M000111000000100001100001000011000110010001001011
6746,73,26,8,M000111000000100001100001000011000110010001001011
6747,73,27,10,M000111000000100001100001000011000110010001001011
6748,73,28,31,M000111000000100001100001000011000110010001001011
6749,73,29,30,M000111000000100001100001000011000110010001001011
6750,73,30,26,M000111000000100001100001000011000110010001001011
6751,73,31,3,M000111000000100001100001000011000110010001001011
6752,149,0,4,M010111010000000010011001000000101011000000010111
6753,149,1,3,M010111010000000010011001000000101011000000010111
6754,149,2,13,M010111010000000010011001000000101011000000010111
6755,149,3,28,M010111010000000010011001000000101011000000010111
6756,149,4,14,M010111010000000010011001000000101011000000010111
6757,149,5,6,M010111010000000010011001000000101011000000010111
6758,149,6,16,M010111010000000010011001000000101011000000010111
6759,149,7,5,M010111010000000010011001000000101011000000010111
6760,149,8,10,M010111010000000010011001000000101011000000010111
6761,149,9,8,M010111010000000010011001000000101011000000010111
6762,149,10,23,M010111010000000010011001000000101011000000010111
6763,149,11,12,M010111010000000010011001000000101011000000010111
6764,149,12,1,M010111010000000010011001000000101011000000010111
6765,149,13,27,M010111010000000010011001000000101011000000010111
6766,149,14,24,M010111010000000010011001000000101011000000010111
6767,149,15,2,M010111010000000010011001000000101011000000010111
6768,149,16,18,M010111010000000010011001000000101011000000010111
6769,149,17,17,M010111010000000010011001000000101011000000010111
6770,149,18,29,M010111010000000010011001000000101011000000010111
6771,149,19,7,M010111010000000010011001000000101011000000010111
6772,149,20,0,M010111010000000010011001000000101011000000010111
6773,149,21,9,M010111010000000010011001000000101011000000010111
6774,149,22,25,M010111010000000010011001000000101011000000010111
6775,149,23,26,M010111010000000010011001000000101011000000010111
6776,149,24,20,M010111010000000010011001000000101011000000010111
6777,149,25,11,M010111010000000010011001000000101011000000010111
6778,149,26,19,M010111010000000010011001000000101011000000010111
6779,149,27,15,M010111010000000010011001000000101011000000010111
6780,149,28,22,M010111010000000010011001000000101011000000010111
6781,149,29,31,M010111010000000010011001000000101011000000010111
6782,149,30,30,M010111010000000010011001000000101011000000010111
6783,149,31,21,M010111010000000010011001000000101011000000010111
6816,51,0,9,M001111110000000000000100100000011001110010010001
6817,51,1,5,M001111110000000000000100100000011001110010010001
6818,51,2,28,M001111110000000000000100100000011001110010010001
6819,51,3,12,M001111110000000000000100100000011001110010010001
6820,51,4,18,M001111110000000000000100100000011001110010010001
6821,51,5,22,M001111110000000000000100100000011001110010010001
6822,51,6,10,M001111110000000000000100100000011001110010010001
6823,51,7,21,M001111110000000000000100100000011001110010010001
6824,51,8,6,M001111110000000000000100100000011001110010010001
6825,51,9,4,M001111110000000000000100100000011001110010010001
6826,51,10,0,M001111110000000000000100100000011001110010010001
6827,51,11,24,M001111110000000000000100100000011001110010010001
6828,51,12,7,M001111110000000000000100100000011001110010010001
6829,51,13,15,M001111110000000000000100100000011001110010010001
6830,51,14,23,M001111110000000000000100100000011001110010010001
6831,51,15,31,M001111110000000000000100100000011001110010010001
6832,51,16,13,M001111110000000000000100100000011001110010010001
6833,51,17,8,M001111110000000000000100100000011001110010010001
6834,51,18,26,M001111110000000000000100100000011001110010010001
6835,51,19,30,M001111110000000000000100100000011001110010010001
6836,51,20,19,M001111110000000000000100100000011001110010010001
6837,51,21,27,M001111110000000000000100100000011001110010010001
6838,51,22,1,M001111110000000000000100100000011001110010010001
6839,51,23,14,M001111110000000000000100100000011001110010010001
6840,51,24,11,M001111110000000000000100100000011001110010010001
6841,51,25,2,M001111110000000000000100100000011001110010010001
6842,51,26,29,M001111110000000000000100100000011001110010010001
6843,51,27,17,M001111110000000000000100100000011001110010010001
6844,51,28,25,M001111110000000000000100100000011001110010010001
6845,51,29,20,M001111110000000000000100100000011001110010010001
6846,51,30,16,M001111110000000000000100100000011001110010010001
6847,51,31,3,M001111110000000000000100100000011001110010010001
6848,117,0,26,M010011001001100000011000100100010001000000110110
6849,117,1,15,M010011001001100000011000100100010001000000110110
6850,117,2,19,M010011001001100000011000100100010001000000110110
6851,117,3,0,M010011001001100000011000100100010001000000110110
6852,117,4,25,M010011001001100000011000100100010001000000110110
6853,117,5,12,M010011001001100000011000100100010001000000110110
6854,117,6,27,M010011001001100000011000100100010001000000110110
6855,117,7,18,M010011001001100000011000100100010001000000110110
6856,117,8,1,M010011001001100000011000100100010001000000110110
6857,117,9,22,M010011001001100000011000100100010001000000110110
6858,117,10,31,M010011001001100000011000100100010001000000110110
6859,117,11,7,M010011001001100000011000100100010001000000110110
6860,117,12,2,M010011001001100000011000100100010001000000110110
6861,117,13,5,M010011001001100000011000100100010001000000110110
6862,117,14,11,M010011001001100000011000100100010001000000110110
6863,117,15,23,M010011001001100000011000100100010001000000110110
6864,117,16,8,M010011001001100000011000100100010001000000110110
6865,117,17,24,M010011001001100000011000100100010001000000110110
6866,117,18,9,M010011001001100000011000100100010001000000110110
6867,117,19,10,M010011001001100000011000100100010001000000110110
6868,117,20,14,M010011001001100000011000100100010001000000110110
6869,117,21,6,M010011001001100000011000100100010001000000110110
6870,117,22,20,M010011001001100000011000100100010001000000110110
6871,117,23,30,M010011001001100000011000100100010001000000110110
6872,117,24,28,M010011001001100000011000100100010001000000110110
6873,117,25,3,M010011001001100000011000100100010001000000110110
6874,117,26,17,M010011001001100000011000100100010001000000110110
6875,117,27,21,M010011001001100000011000100100010001000000110110
6876,117,28,4,M010011001001100000011000100100010001000000110110
6877,117,29,16,M010011001001100000011000100100010001000000110110
6878,117,30,13,M010011001001100000011000100100010001000000110110
6879,117,31,29,M010011001001100000011000100100010001000000110110
6912,321,0,18,M101001011101100000000100000000010010000010110011
6913,321,1,31,M101001011101100000000100000000010010000010110011
6914,321,2,8,M101001011101100000000100000000010010000010110011
6915,321,3,27,M101001011101100000000100000000010010000010110011
6916,321,4,4,M101001011101100000000100000000010010000010110011
6917,321,5,20,M101001011101100000000100000000010010000010110011
6918,321,6,19,M101001011101100000000100000000010010000010110011
6919,321,7,2,M101001011101100000000100000000010010000010110011
6920,321,8,24,M101001011101100000000100000000010010000010110011
6921,321,9,1,M101001011101100000000100000000010010000010110011
6922,321,10,15,M101001011101100000000100000000010010000010110011
6923,321,11,7,M101001011101100000000100000000010010000010110011
6924,321,12,22,M101001011101100000000100000000010010000010110011
6925,321,13,25,M101001011101100000000100000000010010000010110011
6926,321,14,13,M101001011101100000000100000000010010000010110011
6927,321,15,0,M101001011101100000000100000000010010000010110011
6928,321,16,11,M101001011101100000000100000000010010000010110011
6929,321,17,3,M101001011101100000000100000000010010000010110011
6930,321,18,21,M101001011101100000000100000000010010000010110011
6931,321,19,28,M101001011101100000000100000000010010000010110011
6932,321,20,30,M101001011101100000000100000000010010000010110011
6933,321,21,26,M101001011101100000000100000000010010000010110011
6934,321,22,17,M101001011101100000000100000000010010000010110011
6935,321,23,29,M101001011101100000000100000000010010000010110011
6936,321,24,10,M101001011101100000000100000000010010000010110011
6937,321,25,12,M101001011101100000000100000000010010000010110011
6938,321,26,23,M101001011101100000000100000000010010000010110011
6939,321,27,6,M101001011101100000000100000000010010000010110011
6940,321,28,9,M101001011101100000000100000000010010000010110011
6941,321,29,14,M101001011101100000000100000000010010000010110011
6942,321,30,5,M101001011101100000000100000000010010000010110011
6943,321,31,16,M101001011101100000000100000000010010000010110011
6944,47,0,4,M000011001110000001100000101000000001101000011101
6945,47,1,24,M000011001110000001100000101000000001101000011101
6946,47,2,31,M000011001110000001100000101000000001101000011101
6947,47,3,28,M000011001110000001100000101000000001101000011101
6948,47,4,12,M000011001110000001100000101000000001101000011101
6949,47,5,10,M000011001110000001100000101000000001101000011101
6950,47,6,11,M000011001110000001100000101000000001101000011101
6951,47,7,29,M000011001110000001100000101000000001101000011101
6952,47,8,9,M000011001110000001100000101000000001101000011101
6953,47,9,27,M000011001110000001100000101000000001101000011101
6954,47,10,0,M000011001110000001100000101000000001101000011101
6955,47,11,30,M000011001110000001100000101000000001101000011101
6956,47,12,17,M000011001110000001100000101000000001101000011101
6957,47,13,23,M000011001110000001100000101000000001101000011101
6958,47,14,26,M000011001110000001100000101000000001101000011101
6959,47,15,20,M000011001110000001100000101000000001101000011101
6960,47,16,5,M000011001110000001100000101000000001101000011101
6961,47,17,19,M000011001110000001100000101000000001101000011101
6962,47,18,15,M000011001110000001100000101000000001101000011101
6963,47,19,6,M000011001110000001100000101000000001101000011101
6964,47,20,1,M000011001110000001100000101000000001101000011101
6965,47,21,21,M000011001110000001100000101000000001101000011101
6966,47,22,8,M000011001110000001100000101000000001101000011101
6967,47,23,2,M000011001110000001100000101000000001101000011101
6968,47,24,13,M000011001110000001100000101000000001101000011101
6969,47,25,7,M000011001110000001100000101000000001101000011101
6970,47,26,3,M000011001110000001100000101000000001101000011101
6971,47,27,22,M000011001110000001100000101000000001101000011101
6972,47,28,25,M000011001110000001100000101000000001101000011101
6973,47,29,18,M000011001110000001100000101000000001101000011101
6974,47,30,14,M000011001110000001100000101000000001101000011101
6975,47,31,16,M000011001110000001100000101000000001101000011101
7008,121,0,29,M101101010010010000100000000100000100000101011011
7009,121,1,11,M101101010010010000100000000100000100000101011011
7010,121,2,24,M101101010010010000100000000100000100000101011011
7011,121,3,22,M101101010010010000100000000100000100000101011011
7012,121,4,6,M101101010010010000100000000100000100000101011011
7013,121,5,25,M101101010010010000100000000100000100000101011011
7014,121,6,20,M101101010010010000100000000100000100000101011011
7015,121,7,30,M101101010010010000100000000100000100000101011011
7016,121,8,31,M101101010010010000100000000100000100000101011011
7017,121,9,15,M101101010010010000100000000100000100000101011011
7018,121,10,2,M101101010010010000100000000100000100000101011011
7019,121,11,10,M101101010010010000100000000100000100000101011011
7020,121,12,19,M101101010010010000100000000100000100000101011011
7021,121,13,23,M101101010010010000100000000100000100000101011011
7022,121,14,9,M101101010010010000100000000100000100000101011011
7023,121,15,0,M101101010010010000100000000100000100000101011011
7024,121,16,18,M101101010010010000100000000100000100000101011011
7025,121,17,3,M101101010010010000100000000100000100000101011011
7026,121,18,27,M101101010010010000100000000100000100000101011011
7027,121,19,4,M101101010010010000100000000100000100000101011011
7028,121,20,5,M101101010010010000100000000100000100000101011011
7029,121,21,21,M101101010010010000100000000100000100000101011011
7030,121,22,8,M101101010010010000100000000100000100000101011011
7031,121,23,17,M101101010010010000100000000100000100000101011011
7032,121,24,14,M101101010010010000100000000100000100000101011011
7033,121,25,1,M101101010010010000100000000100000100000101011011
7034,121,26,7,M101101010010010000100000000100000100000101011011
7035,121,27,12,M101101010010010000100000000100000100000101011011
7036,121,28,16,M101101010010010000100000000100000100000101011011
7037,121,29,13,M101101010010010000100000000100000100000101011011
7038,121,30,28,M101101010010010000100000000100000100000101011011
7039,121,31,26,M101101010010010000100000000100000100000101011011
7040,309,0,5,M011110100000000100100000001010101100000001111000
7041,309,1,20,M011110100000000100100000001010101100000001111000
7042,309,2,21,M011110100000000100100000001010101100000001111000
7043,309,3,8,M011110100000000100100000001010101100000001111000
7044,309,4,29,M011110100000000100100000001010101100000001111000
7045,309,5,7,M011110100000000100100000001010101100000001111000
7046,309,6,19,M011110100000000100100000001010101100000001111000
7047,309,7,11,M011110100000000100100000001010101100000001111000
7048,309,8,28,M011110100000000100100000001010101100000001111000
7049,309,9,6,M011110100000000100100000001010101100000001111000
7050,309,10,22,M011110100000000100100000001010101100000001111000
7051,309,11,14,M011110100000000100100000001010101100000001111000
7052,309,12,31,M011110100000000100100000001010101100000001111000
7053,309,13,16,M011110100000000100100000001010101100000001111000
7054,309,14,25,M011110100000000100100000001010101100000001111000
7055,309,15,24,M011110100000000100100000001010101100000001111000
7056,309,16,12,M011110100000000100100000001010101100000001111000
7057,309,17,10,M011110100000000100100000001010101100000001111000
7058,309,18,30,M011110100000000100100000001010101100000001111000
7059,309,19,15,M011110100000000100100000001010101100000001111000
7060,309,20,17,M011110100000000100100000001010101100000001111000
7061,309,21,27,M011110100000000100100000001010101100000001111000
7062,309,22,23,M011110100000000100100000001010101100000001111000
7063,309,23,13,M011110100000000100100000001010101100000001111000
7064,309,24,9,M011110100000000100100000001010101100000001111000
7065,309,25,18,M011110100000000100100000001010101100000001111000
7066,309,26,2,M011110100000000100100000001010101100000001111000
7067,309,27,1,M011110100000000100100000001010101100000001111000
7068,309,28,3,M011110100000000100100000001010101100000001111000
7069,309,29,0,M011110100000000100100000001010101100000001111000
7070,309,30,26,M011110100000000100100000001010101100000001111000
7071,309,31,4,M011110100000000100100000001010101100000001111000
7072,154,0,0,M000111000010100000010001000100111001001001001010
7073,154,1,3,M000111000010100000010001000100111001001001001010
7074,154,2,19,M000111000010100000010001000100111001001001001010
7075,154,3,15,M000111000010100000010001000100111001001001001010
7076,154,4,10,M000111000010100000010001000100111001001001001010
7077,154,5,2,M000111000010100000010001000100111001001001001010
7078,154,6,24,M000111000010100000010001000100111001001001001010
7079,154,7,11,M000111000010100000010001000100111001001001001010
7080,154,8,20,M000111000010100000010001000100111001001001001010
7081,154,9,17,M000111000010100000010001000100111001001001001010
7082,154,10,23,M000111000010100000010001000100111001001001001010
7083,154,11,21,M000111000010100000010001000100111001001001001010
7084,154,12,30,M000111000010100000010001000100111001001001001010
7085,154,13,25,M000111000010100000010001000100111001001001001010
7086,154,14,27,M000111000010100000010001000100111001001001001010
7087,154,15,16,M000111000010100000010001000100111001001001001010
7088,154,16,5,M000111000010100000010001000100111001001001001010
7089,154,17,12,M000111000010100000010001000100111001001001001010
7090,154,18,6,M000111000010100000010001000100111001001001001010
7091,154,19,7,M000111000010100000010001000100111001001001001010
7092,154,20,4,M000111000010100000010001000100111001001001001010
7093,154,21,22,M000111000010100000010001000100111001001001001010
7094,154,22,29,M000111000010100000010001000100111001001001001010
7095,154,23,31,M000111000010100000010001000100111001001001001010
7096,154,24,13,M000111000010100000010001000100111001001001001010
7097,154,25,9,M000111000010100000010001000100111001001001001010
7098,154,26,18,M000111000010100000010001000100111001001001001010
7099,154,27,14,M000111000010100000010001000100111001001001001010
7100,154,28,28,M000111000010100000010001000100111001001001001010
7101,154,29,26,M000111000010100000010001000100111001001001001010
7102,154,30,1,M000111000010100000010001000100111001001001001010
7103,154,31,8,M000111000010100000010001000100111001001001001010
7104,101,0,22,M101001000000011000100000110111000001000000010111
7105,101,1,2,M101001000000011000100000110111000001000000010111
7106,101,2,15,M101001000000011000100000110111000001000000010111
7107,101,3,17,M101001000000011000100000110111000001000000010111
7108,101,4,8,M101001000000011000100000110111000001000000010111
7109,101,5,31,M101001000000011000100000110111000001000000010111
7110,101,6,4,M101001000000011000100000110111000001000000010111
7111,101,7,30,M101001000000011000100000110111000001000000010111
7112,101,8,7,M101001000000011000100000110111000001000000010111
7113,101,9,13,M101001000000011000100000110111000001000000010111
7114,101,10,1,M101001000000011000100000110111000001000000010111
7115,101,11,14,M101001000000011000100000110111000001000000010111
7116,101,12,21,M101001000000011000100000110111000001000000010111
7117,101,13,16,M101001000000011000100000110111000001000000010111
7118,101,14,27,M101001000000011000100000110111000001000000010111
7119,101,15,19,M101001000000011000100000110111000001000000010111
7120,101,16,9,M101001000000011000100000110111000001000000010111
7121,101,17,18,M101001000000011000100000110111000001000000010111
7122,101,18,0,M101001000000011000100000110111000001000000010111
7123,101,19,10,M101001000000011000100000110111000001000000010111
7124,101,20,3,M101001000000011000100000110111000001000000010111
7125,101,21,20,M101001000000011000100000110111000001000000010111
7126,101,22,12,M101001000000011000100000110111000001000000010111
7127,101,23,11,M101001000000011000100000110111000001000000010111
7128,101,24,23,M101001000000011000100000110111000001000000010111
7129,101,25,5,M101001000000011000100000110111000001000000010111
7130,101,26,25,M101001000000011000100000110111000001000000010111
7131,101,27,29,M101001000000011000100000110111000001000000010111
7132,101,28,6,M101001000000011000100000110111000001000000010111
7133,101,29,24,M101001000000011000100000110111000001000000010111
7134,101,30,28,M101001000000011000100000110111000001000000010111
7135,101,31,26,M101001000000011000100000110111000001000000010111
7136,177,0,11,M101001000000000000001010000100011110001000111101
7137,177,1,6,M101001000000000000001010000100011110001000111101
7138,177,2,20,M101001000000000000001010000100011110001000111101
7139,177,3,14,M101001000000000000001010000100011110001000111101
7140,177,4,9,M101001000000000000001010000100011110001000111101
7141,177,5,23,M101001000000000000001010000100011110001000111101
7142,177,6,21,M101001000000000000001010000100011110001000111101
7143,177,7,16,M101001000000000000001010000100011110001000111101
7144,177,8,0,M101001000000000000001010000100011110001000111101
7145,177,9,24,M101001000000000000001010000100011110001000111101
7146,177,10,7,M101001000000000000001010000100011110001000111101
7147,177,11,8,M101001000000000000001010000100011110001000111101
7148,177,12,12,M101001000000000000001010000100011110001000111101
7149,177,13,3,M101001000000000000001010000100011110001000111101
7150,177,14,27,M101001000000000000001010000100011110001000111101
7151,177,15,1,M101001000000000000001010000100011110001000111101
7152,177,16,13,M101001000000000000001010000100011110001000111101
7153,177,17,18,M101001000000000000001010000100011110001000111101
7154,177,18,31,M101001000000000000001010000100011110001000111101
7155,177,19,28,M101001000000000000001010000100011110001000111101
7156,177,20,17,M101001000000000000001010000100011110001000111101
7157,177,21,26,M101001000000000000001010000100011110001000111101
7158,177,22,10,M101001000000000000001010000100011110001000111101
7159,177,23,29,M101001000000000000001010000100011110001000111101
7160,177,24,22,M101001000000000000001010000100011110001000111101
7161,177,25,15,M101001000000000000001010000100011110001000111101
7162,177,26,4,M101001000000000000001010000100011110001000111101
7163,177,27,30,M101001000000000000001010000100011110001000111101
7164,177,28,25,M101001000000000000001010000100011110001000111101
7165,177,29,2,M101001000000000000001010000100011110001000111101
7166,177,30,5,M101001000000000000001010000100011110001000111101
7167,177,31,19,M101001000000000000001010000100011110001000111101
7168,447,0,30,M101011000100001010000000101010001001000000110110
7169,447,1,16,M101011000100001010000000101010001001000000110110
7170,447,2,7,M101011000100001010000000101010001001000000110110
7171,447,3,18,M101011000100001010000000101010001001000000110110
7172,447,4,22,M101011000100001010000000101010001001000000110110
7173,447,5,21,M101011000100001010000000101010001001000000110110
7174,447,6,15,M101011000100001010000000101010001001000000110110
7175,447,7,8,M101011000100001010000000101010001001000000110110
7176,447,8,20,M101011000100001010000000101010001001000000110110
7177,447,9,19,M101011000100001010000000101010001001000000110110
7178,447,10,2,M101011000100001010000000101010001001000000110110
7179,447,11,31,M101011000100001010000000101010001001000000110110
7180,447,12,27,M101011000100001010000000101010001001000000110110
7181,447,13,14,M101011000100001010000000101010001001000000110110
7182,447,14,12,M101011000100001010000000101010001001000000110110
7183,447,15,28,M101011000100001010000000101010001001000000110110
7184,447,16,23,M101011000100001010000000101010001001000000110110
7185,447,17,4,M101011000100001010000000101010001001000000110110
7186,447,18,6,M101011000100001010000000101010001001000000110110
7187,447,19,26,M101011000100001010000000101010001001000000110110
7188,447,20,1,M101011000100001010000000101010001001000000110110
7189,447,21,25,M101011000100001010000000101010001001000000110110
7190,447,22,24,M101011000100001010000000101010001001000000110110
7191,447,23,0,M101011000100001010000000101010001001000000110110
7192,447,24,9,M101011000100001010000000101010001001000000110110
7193,447,25,29,M101011000100001010000000101010001001000000110110
7194,447,26,13,M101011000100001010000000101010001001000000110110
7195,447,27,3,M101011000100001010000000101010001001000000110110
7196,447,28,5,M101011000100001010000000101010001001000000110110
7197,447,29,17,M101011000100001010000000101010001001000000110110
7198,447,30,10,M101011000100001010000000101010001001000000110110
7199,447,31,11,M101011000100001010000000101010001001000000110110
7200,71,0,23,M100000100101000000000001000101110000010011101101
7201,71,1,3,M100000100101000000000001000101110000010011101101
7202,71,2,20,M100000100101000000000001000101110000010011101101
7203,71,3,24,M100000100101000000000001000101110000010011101101
7204,71,4,27,M100000100101000000000001000101110000010011101101
7205,71,5,26,M100000100101000000000001000101110000010011101101
7206,71,6,31,M100000100101000000000001000101110000010011101101
7207,71,7,18,M100000100101000000000001000101110000010011101101
7208,71,8,30,M100000100101000000000001000101110000010011101101
7209,71,9,21,M100000100101000000000001000101110000010011101101
7210,71,10,7,M100000100101000000000001000101110000010011101101
7211,71,11,28,M100000100101000000000001000101110000010011101101
7212,71,12,19,M100000100101000000000001000101110000010011101101
7213,71,13,22,M100000100101000000000001000101110000010011101101
7214,71,14,12,M100000100101000000000001000101110000010011101101
7215,71,15,13,M100000100101000000000001000101110000010011101101
7216,71,16,5,M100000100101000000000001000101110000010011101101
7217,71,17,16,M100000100101000000000001000101110000010011101101
7218,71,18,17,M100000100101000000000001000101110000010011101101
7219,71,19,10,M100000100101000000000001000101110000010011101101
7220,71,20,9,M100000100101000000000001000101110000010011101101
7221,71,21,15,M100000100101000000000001000101110000010011101101
7222,71,22,25,M100000100101000000000001000101110000010011101101
7223,71,23,1,M100000100101000000000001000101110000010011101101
7224,71,24,6,M100000100101000000000001000101110000010011101101
7225,71,25,2,M100000100101000000000001000101110000010011101101
7226,71,26,14,M100000100101000000000001000101110000010011101101
7227,71,27,11,M100000100101000000000001000101110000010011101101
7228,71,28,4,M100000100101000000000001000101110000010011101101
7229,71,29,8,M100000100101000000000001000101110000010011101101
7230,71,30,0,M100000100101000000000001000101110000010011101101
7231,71,31,29,M100000100101000000000001000101110000010011101101
7296,268,0,10,M110000000000100011100001100010001001010000101101
7297,268,1,9,M110000000000100011100001100010001001010000101101
7298,268,2,4,M110000000000100011100001100010001001010000101101
7299,268,3,12,M110000000000100011100001100010001001010000101101
7300,268,4,29,M110000000000100011100001100010001001010000101101
7301,268,5,20,M110000000000100011100001100010001001010000101101
7302,268,6,14,M110000000000100011100001100010001001010000101101
7303,268,7,24,M110000000000100011100001100010001001010000101101
7304,268,8,3,M110000000000100011100001100010001001010000101101
7305,268,9,23,M110000000000100011100001100010001001010000101101
7306,268,10,25,M110000000000100011100001100010001001010000101101
7307,268,11,22,M110000000000100011100001100010001001010000101101
7308,268,12,8,M110000000000100011100001100010001001010000101101
7309,268,13,13,M110000000000100011100001100010001001010000101101
7310,268,14,21,M110000000000100011100001100010001001010000101101
7311,268,15,27,M110000000000100011100001100010001001010000101101
7312,268,16,18,M110000000000100011100001100010001001010000101101
7313,268,17,31,M110000000000100011100001100010001001010000101101
7314,268,18,28,M110000000000100011100001100010001001010000101101
7315,268,19,7,M110000000000100011100001100010001001010000101101
7316,268,20,19,M110000000000100011100001100010001001010000101101
7317,268,21,1,M110000000000100011100001100010001001010000101101
7318,268,22,16,M110000000000100011100001100010001001010000101101
7319,268,23,30,M110000000000100011100001100010001001010000101101
7320,268,24,5,M110000000000100011100001100010001001010000101101
7321,268,25,6,M110000000000100011100001100010001001010000101101
7322,268,26,2,M110000000000100011100001100010001001010000101101
7323,268,27,17,M110000000000100011100001100010001001010000101101
7324,268,28,15,M110000000000100011100001100010001001010000101101
7325,268,29,26,M110000000000100011100001100010001001010000101101
7326,268,30,11,M110000000000100011100001100010001001010000101101
7327,268,31,0,M110000000000100011100001100010001001010000101101
7328,285,0,25,M111101000001100000000001100010000000100101110100
7329,285,1,27,M111101000001100000000001100010000000100101110100
7330,285,2,14,M111101000001100000000001100010000000100101110100
7331,285,3,31,M111101000001100000000001100010000000100101110100
7332,285,4,17,M111101000001100000000001100010000000100101110100
7333,285,5,30,M111101000001100000000001100010000000100101110100
7334,285,6,7,M111101000001100000000001100010000000100101110100
7335,285,7,28,M111101000001100000000001100010000000100101110100
7336,285,8,5,M111101000001100000000001100010000000100101110100
7337,285,9,13,M111101000001100000000001100010000000100101110100
7338,285,10,23,M111101000001100000000001100010000000100101110100
7339,285,11,20,M111101000001100000000001100010000000100101110100
7340,285,12,18,M111101000001100000000001100010000000100101110100
7341,285,13,9,M111101000001100000000001100010000000100101110100
7342,285,14,19,M111101000001100000000001100010000000100101110100
7343,285,15,21,M111101000001100000000001100010000000100101110100
7344,285,16,29,M111101000001100000000001100010000000100101110100
7345,285,17,22,M111101000001100000000001100010000000100101110100
7346,285,18,16,M111101000001100000000001100010000000100101110100
7347,285,19,15,M111101000001100000000001100010000000100101110100
7348,285,20,2,M111101000001100000000001100010000000100101110100
7349,285,21,12,M111101000001100000000001100010000000100101110100
7350,285,22,3,M111101000001100000000001100010000000100101110100
7351,285,23,4,M111101000001100000000001100010000000100101110100
7352,285,24,26,M111101000001100000000001100010000000100101110100
7353,285,25,24,M111101000001100000000001100010000000100101110100
7354,285,26,11,M111101000001100000000001100010000000100101110100
7355,285,27,0,M111101000001100000000001100010000000100101110100
7356,285,28,6,M111101000001100000000001100010000000100101110100
7357,285,29,10,M111101000001100000000001100010000000100101110100
7358,285,30,1,M111101000001100000000001100010000000100101110100
7359,285,31,8,M111101000001100000000001100010000000100101110100
7360,10,0,16,M110110010010010100010010000000000000010100111010
7361,10,1,18,M110110010010010100010010000000000000010100111010
7362,10,2,12,M110110010010010100010010000000000000010100111010
7363,10,3,25,M110110010010010100010010000000000000010100111010
7364,10,4,22,M110110010010010100010010000000000000010100111010
7365,10,5,31,M110110010010010100010010000000000000010100111010
7366,10,6,23,M110110010010010100010010000000000000010100111010
7367,10,7,1,M110110010010010100010010000000000000010100111010
7368,10,8,30,M110110010010010100010010000000000000010100111010
7369,10,9,5,M110110010010010100010010000000000000010100111010
7370,10,10,14,M110110010010010100010010000000000000010100111010
7371,10,11,27,M110110010010010100010010000000000000010100111010
7372,10,12,15,M110110010010010100010010000000000000010100111010
7373,10,13,11,M110110010010010100010010000000000000010100111010
7374,10,14,21,M110110010010010100010010000000000000010100111010
7375,10,15,17,M110110010010010100010010000000000000010100111010
7376,10,16,6,M110110010010010100010010000000000000010100111010
7377,10,17,24,M110110010010010100010010000000000000010100111010
7378,10,18,20,M110110010010010100010010000000000000010100111010
7379,10,19,19,M110110010010010100010010000000000000010100111010
7380,10,20,28,M110110010010010100010010000000000000010100111010
7381,10,21,26,M110110010010010100010010000000000000010100111010
7382,10,22,10,M110110010010010100010010000000000000010100111010
7383,10,23,7,M110110010010010100010010000000000000010100111010
7384,10,24,8,M110110010010010100010010000000000000010100111010
7385,10,25,0,M110110010010010100010010000000000000010100111010
7386,10,26,3,M110110010010010100010010000000000000010100111010
7387,10,27,29,M110110010010010100010010000000000000010100111010
7388,10,28,13,M110110010010010100010010000000000000010100111010
7389,10,29,9,M110110010010010100010010000000000000010100111010
7390,10,30,2,M110110010010010100010010000000000000010100111010
7391,10,31,4,M110110010010010100010010000000000000010100111010
7424,559,0,11,M011100011100001000000000010001010110100000100101
7425,559,1,19,M011100011100001000000000010001010110100000100101
7426,559,2,29,M011100011100001000000000010001010110100000100101
7427,559,3,26,M011100011100001000000000010001010110100000100101
7428,559,4,3,M011100011100001000000000010001010110100000100101
7429,559,5,13,M011100011100001000000000010001010110100000100101
7430,559,6,12,M011100011100001000000000010001010110100000100101
7431,559,7,14,M011100011100001000000000010001010110100000100101
7432,559,8,6,M011100011100001000000000010001010110100000100101
7433,559,9,27,M011100011100001000000000010001010110100000100101
7434,559,10,2,M011100011100001000000000010001010110100000100101
7435,559,11,30,M011100011100001000000000010001010110100000100101
7436,559,12,16,M011100011100001000000000010001010110100000100101
7437,559,13,23,M011100011100001000000000010001010110100000100101
7438,559,14,22,M011100011100001000000000010001010110100000100101
7439,559,15,8,M011100011100001000000000010001010110100000100101
7440,559,16,24,M011100011100001000000000010001010110100000100101
7441,559,17,20,M011100011100001000000000010001010110100000100101
7442,559,18,7,M011100011100001000000000010001010110100000100101
7443,559,19,0,M011100011100001000000000010001010110100000100101
7444,559,20,10,M011100011100001000000000010001010110100000100101
7445,559,21,25,M011100011100001000000000010001010110100000100101
7446,559,22,17,M011100011100001000000000010001010110100000100101
7447,559,23,4,M011100011100001000000000010001010110100000100101
7448,559,24,1,M011100011100001000000000010001010110100000100101
7449,559,25,9,M011100011100001000000000010001010110100000100101
7450,559,26,21,M011100011100001000000000010001010110100000100101
7451,559,27,15,M011100011100001000000000010001010110100000100101
7452,559,28,18,M011100011100001000000000010001010110100000100101
7453,559,29,31,M011100011100001000000000010001010110100000100101
7454,559,30,28,M011100011100001000000000010001010110100000100101
7455,559,31,5,M011100011100001000000000010001010110100000100101
7456,434,0,30,M111001000001010010110011000100000000001000000111
7457,434,1,6,M111001000001010010110011000100000000001000000111
7458,434,2,18,M111001000001010010110011000100000000001000000111
7459,434,3,7,M111001000001010010110011000100000000001000000111
7460,434,4,31,M111001000001010010110011000100000000001000000111
7461,434,5,15,M111001000001010010110011000100000000001000000111
7462,434,6,11,M111001000001010010110011000100000000001000000111
7463,434,7,1,M111001000001010010110011000100000000001000000111
7464,434,8,14,M111001000001010010110011000100000000001000000111
7465,434,9,21,M111001000001010010110011000100000000001000000111
7466,434,10,16,M111001000001010010110011000100000000001000000111
7467,434,11,19,M111001000001010010110011000100000000001000000111
7468,434,12,24,M111001000001010010110011000100000000001000000111
7469,434,13,26,M111001000001010010110011000100000000001000000111
7470,434,14,12,M111001000001010010110011000100000000001000000111
7471,434,15,13,M111001000001010010110011000100000000001000000111
7472,434,16,27,M111001000001010010110011000100000000001000000111
7473,434,17,8,M111001000001010010110011000100000000001000000111
7474,434,18,4,M111001000001010010110011000100000000001000000111
7475,434,19,25,M111001000001010010110011000100000000001000000111
7476,434,20,28,M111001000001010010110011000100000000001000000111
7477,434,21,3,M111001000001010010110011000100000000001000000111
7478,434,22,5,M111001000001010010110011000100000000001000000111
7479,434,23,10,M111001000001010010110011000100000000001000000111
7480,434,24,20,M111001000001010010110011000100000000001000000111
7481,434,25,17,M111001000001010010110011000100000000001000000111
7482,434,26,29,M111001000001010010110011000100000000001000000111
7483,434,27,0,M111001000001010010110011000100000000001000000111
7484,434,28,23,M111001000001010010110011000100000000001000000111
7485,434,29,9,M111001000001010010110011000100000000001000000111
7486,434,30,22,M111001000001010010110011000100000000001000000111
7487,434,31,2,M111001000001010010110011000100000000001000000111
7488,270,0,18,M110010000011000101100010000001000011100010110010
7489,270,1,17,M110010000011000101100010000001000011100010110010
7490,270,2,7,M110010000011000101100010000001000011100010110010
7491,270,3,27,M110010000011000101100010000001000011100010110010
7492,270,4,4,M110010000011000101100010000001000011100010110010
7493,270,5,22,M110010000011000101100010000001000011100010110010
7494,270,6,8,M110010000011000101100010000001000011100010110010
7495,270,7,25,M110010000011000101100010000001000011100010110010
7496,270,8,10,M110010000011000101100010000001000011100010110010
7497,270,9,24,M110010000011000101100010000001000011100010110010
7498,270,10,1,M110010000011000101100010000001000011100010110010
7499,270,11,13,M110010000011000101100010000001000011100010110010
7500,270,12,14,M110010000011000101100010000001000011100010110010
7501,270,13,9,M110010000011000101100010000001000011100010110010
7502,270,14,20,M110010000011000101100010000001000011100010110010
7503,270,15,19,M110010000011000101100010000001000011100010110010
7504,270,16,11,M110010000011000101100010000001000011100010110010
7505,270,17,29,M110010000011000101100010000001000011100010110010
7506,270,18,3,M110010000011000101100010000001000011100010110010
7507,270,19,15,M110010000011000101100010000001000011100010110010
7508,270,20,16,M110010000011000101100010000001000011100010110010
7509,270,21,31,M110010000011000101100010000001000011100010110010
7510,270,22,23,M110010000011000101100010000001000011100010110010
7511,270,23,6,M110010000011000101100010000001000011100010110010
7512,270,24,2,M110010000011000101100010000001000011100010110010
7513,270,25,26,M110010000011000101100010000001000011100010110010
7514,270,26,0,M110010000011000101100010000001000011100010110010
7515,270,27,5,M110010000011000101100010000001000011100010110010
7516,270,28,12,M110010000011000101100010000001000011100010110010
7517,270,29,30,M110010000011000101100010000001000011100010110010
7518,270,30,21,M110010000011000101100010000001000011100010110010
7519,270,31,28,M110010000011000101100010000001000011100010110010
7520,448,0,10,M101111110000100000000100000000011001010101010000
7521,448,1,29,M101111110000100000000100000000011001010101010000
7522,448,2,19,M101111110000100000000100000000011001010101010000
7523,448,3,31,M101111110000100000000100000000011001010101010000
7524,448,4,25,M101111110000100000000100000000011001010101010000
7525,448,5,12,M101111110000100000000100000000011001010101010000
7526,448,6,27,M101111110000100000000100000000011001010101010000
7527,448,7,14,M101111110000100000000100000000011001010101010000
7528,448,8,2,M101111110000100000000100000000011001010101010000
7529,448,9,24,M101111110000100000000100000000011001010101010000
7530,448,10,20,M101111110000100000000100000000011001010101010000
7531,448,11,30,M101111110000100000000100000000011001010101010000
7532,448,12,26,M101111110000100000000100000000011001010101010000
7533,448,13,18,M101111110000100000000100000000011001010101010000
7534,448,14,23,M101111110000100000000100000000011001010101010000
7535,448,15,3,M101111110000100000000100000000011001010101010000
7536,448,16,15,M101111110000100000000100000000011001010101010000
7537,448,17,5,M101111110000100000000100000000011001010101010000
7538,448,18,28,M101111110000100000000100000000011001010101010000
7539,448,19,13,M101111110000100000000100000000011001010101010000
7540,448,20,17,M101111110000100000000100000000011001010101010000
7541,448,21,7,M101111110000100000000100000000011001010101010000
7542,448,22,8,M101111110000100000000100000000011001010101010000
7543,448,23,1,M101111110000100000000100000000011001010101010000
7544,448,24,6,M101111110000100000000100000000011001010101010000
7545,448,25,21,M101111110000100000000100000000011001010101010000
7546,448,26,16,M101111110000100000000100000000011001010101010000
7547,448,27,4,M101111110000100000000100000000011001010101010000
7548,448,28,11,M101111110000100000000100000000011001010101010000
7549,448,29,0,M101111110000100000000100000000011001010101010000
7550,448,30,9,M101111110000100000000100000000011001010101010000
7551,448,31,22,M101111110000100000000100000000011001010101010000
7552,317,0,23,M110100100101100010010000010011000000000010111000
7553,317,1,31,M110100100101100010010000010011000000000010111000
7554,317,2,12,M110100100101100010010000010011000000000010111000
7555,317,3,18,M110100100101100010010000010011000000000010111000
7556,317,4,16,M110100100101100010010000010011000000000010111000
7557,317,5,30,M110100100101100010010000010011000000000010111000
7558,317,6,13,M110100100101100010010000010011000000000010111000
7559,317,7,14,M110100100101100010010000010011000000000010111000
7560,317,8,28,M110100100101100010010000010011000000000010111000
7561,317,9,19,M110100100101100010010000010011000000000010111000
7562,317,10,6,M110100100101100010010000010011000000000010111000
7563,317,11,20,M110100100101100010010000010011000000000010111000
7564,317,12,4,M110100100101100010010000010011000000000010111000
7565,317,13,2,M110100100101100010010000010011000000000010111000
7566,317,14,27,M110100100101100010010000010011000000000010111000
7567,317,15,7,M110100100101100010010000010011000000000010111000
7568,317,16,15,M110100100101100010010000010011000000000010111000
7569,317,17,17,M110100100101100010010000010011000000000010111000
7570,317,18,11,M110100100101100010010000010011000000000010111000
7571,317,19,21,M110100100101100010010000010011000000000010111000
7572,317,20,3,M110100100101100010010000010011000000000010111000
7573,317,21,26,M110100100101100010010000010011000000000010111000
7574,317,22,0,M110100100101100010010000010011000000000010111000
7575,317,23,22,M110100100101100010010000010011000000000010111000
7576,317,24,10,M110100100101100010010000010011000000000010111000
7577,317,25,8,M110100100101100010010000010011000000000010111000
7578,317,26,25,M110100100101100010010000010011000000000010111000
7579,317,27,24,M110100100101100010010000010011000000000010111000
7580,317,28,9,M110100100101100010010000010011000000000010111000
7581,317,29,5,M110100100101100010010000010011000000000010111000
7582,317,30,29,M110100100101100010010000010011000000000010111000
7583,317,31,1,M110100100101100010010000010011000000000010111000
7584,102,0,17,M101111000011010000000000100010010100001001101000
7585,102,1,3,M101111000011010000000000100010010100001001101000
7586,102,2,8,M101111000011010000000000100010010100001001101000
7587,102,3,28,M101111000011010000000000100010010100001001101000
7588,102,4,20,M101111000011010000000000100010010100001001101000
7589,102,5,22,M101111000011010000000000100010010100001001101000
7590,102,6,15,M101111000011010000000000100010010100001001101000
7591,102,7,2,M101111000011010000000000100010010100001001101000
7592,102,8,5,M101111000011010000000000100010010100001001101000
7593,102,9,6,M101111000011010000000000100010010100001001101000
7594,102,10,18,M101111000011010000000000100010010100001001101000
7595,102,11,21,M101111000011010000000000100010010100001001101000
7596,102,12,16,M101111000011010000000000100010010100001001101000
7597,102,13,4,M101111000011010000000000100010010100001001101000
7598,102,14,14,M101111000011010000000000100010010100001001101000
7599,102,15,1,M101111000011010000000000100010010100001001101000
7600,102,16,9,M101111000011010000000000100010010100001001101000
7601,102,17,11,M101111000011010000000000100010010100001001101000
7602,102,18,29,M101111000011010000000000100010010100001001101000
7603,102,19,27,M101111000011010000000000100010010100001001101000
7604,102,20,25,M101111000011010000000000100010010100001001101000
7605,102,21,13,M101111000011010000000000100010010100001001101000
7606,102,22,19,M101111000011010000000000100010010100001001101000
7607,102,23,12,M101111000011010000000000100010010100001001101000
7608,102,24,30,M101111000011010000000000100010010100001001101000
7609,102,25,31,M101111000011010000000000100010010100001001101000
7610,102,26,0,M101111000011010000000000100010010100001001101000
7611,102,27,23,M101111000011010000000000100010010100001001101000
7612,102,28,7,M101111000011010000000000100010010100001001101000
7613,102,29,24,M101111000011010000000000100010010100001001101000
7614,102,30,26,M101111000011010000000000100010010100001001101000
7615,102,31,10,M101111000011010000000000100010010100001001101000
7616,334,0,24,M010111001010001110001010011000000011000000000100
7617,334,1,22,M010111001010001110001010011000000011000000000100
7618,334,2,17,M010111001010001110001010011000000011000000000100
7619,334,3,0,M010111001010001110001010011000000011000000000100
7620,334,4,3,M010111001010001110001010011000000011000000000100
7621,334,5,18,M010111001010001110001010011000000011000000000100
7622,334,6,21,M010111001010001110001010011000000011000000000100
7623,334,7,30,M010111001010001110001010011000000011000000000100
7624,334,8,6,M010111001010001110001010011000000011000000000100
7625,334,9,26,M010111001010001110001010011000000011000000000100
7626,334,10,2,M010111001010001110001010011000000011000000000100
7627,334,11,28,M010111001010001110001010011000000011000000000100
7628,334,12,27,M010111001010001110001010011000000011000000000100
7629,334,13,12,M010111001010001110001010011000000011000000000100
7630,334,14,13,M010111001010001110001010011000000011000000000100
7631,334,15,4,M010111001010001110001010011000000011000000000100
7632,334,16,15,M010111001010001110001010011000000011000000000100
7633,334,17,14,M010111001010001110001010011000000011000000000100
7634,334,18,1,M010111001010001110001010011000000011000000000100
7635,334,19,31,M010111001010001110001010011000000011000000000100
7636,334,20,8,M010111001010001110001010011000000011000000000100
7637,334,21,23,M010111001010001110001010011000000011000000000100
7638,334,22,25,M010111001010001110001010011000000011000000000100
7639,334,23,5,M010111001010001110001010011000000011000000000100
7640,334,24,29,M010111001010001110001010011000000011000000000100
7641,334,25,9,M010111001010001110001010011000000011000000000100
7642,334,26,20,M010111001010001110001010011000000011000000000100
7643,334,27,11,M010111001010001110001010011000000011000000000100
7644,334,28,19,M010111001010001110001010011000000011000000000100
7645,334,29,16,M010111001010001110001010011000000011000000000100
7646,334,30,10,M010111001010001110001010011000000011000000000100
7647,334,31,7,M010111001010001110001010011000000011000000000100
7648,351,0,1,M000111101110000011000000010000100110000000001101
7649,351,1,15,M000111101110000011000000010000100110000000001101
7650,351,2,6,M000111101110000011000000010000100110000000001101
7651,351,3,9,M000111101110000011000000010000100110000000001101
7652,351,4,8,M000111101110000011000000010000100110000000001101
7653,351,5,18,M000111101110000011000000010000100110000000001101
7654,351,6,13,M000111101110000011000000010000100110000000001101
7655,351,7,26,M000111101110000011000000010000100110000000001101
7656,351,8,14,M000111101110000011000000010000100110000000001101
7657,351,9,27,M000111101110000011000000010000100110000000001101
7658,351,10,5,M000111101110000011000000010000100110000000001101
7659,351,11,3,M000111101110000011000000010000100110000000001101
7660,351,12,25,M000111101110000011000000010000100110000000001101
7661,351,13,12,M000111101110000011000000010000100110000000001101
7662,351,14,22,M000111101110000011000000010000100110000000001101
7663,351,15,24,M000111101110000011000000010000100110000000001101
7664,351,16,0,M000111101110000011000000010000100110000000001101
7665,351,17,30,M000111101110000011000000010000100110000000001101
7666,351,18,4,M000111101110000011000000010000100110000000001101
7667,351,19,17,M000111101110000011000000010000100110000000001101
7668,351,20,29,M000111101110000011000000010000100110000000001101
7669,351,21,7,M000111101110000011000000010000100110000000001101
7670,351,22,2,M000111101110000011000000010000100110000000001101
7671,351,23,10,M000111101110000011000000010000100110000000001101
7672,351,24,23,M000111101110000011000000010000100110000000001101
7673,351,25,20,M000111101110000011000000010000100110000000001101
7674,351,26,28,M000111101110000011000000010000100110000000001101
7675,351,27,21,M000111101110000011000000010000100110000000001101
7676,351,28,19,M000111101110000011000000010000100110000000001101
7677,351,29,16,M000111101110000011000000010000100110000000001101
7678,351,30,31,M000111101110000011000000010000100110000000001101
7679,351,31,11,M000111101110000011000000010000100110000000001101
7680,398,0,3,M111010000100001110100100001001001000000000001011
7681,398,1,25,M111010000100001110100100001001001000000000001011
7682,398,2,31,M111010000100001110100100001001001000000000001011
7683,398,3,10,M111010000100001110100100001001001000000000001011
7684,398,4,30,M111010000100001110100100001001001000000000001011
7685,398,5,0,M111010000100001110100100001001001000000000001011
7686,398,6,4,M111010000100001110100100001001001000000000001011
7687,398,7,6,M111010000100001110100100001001001000000000001011
7688,398,8,18,M111010000100001110100100001001001000000000001011
7689,398,9,29,M111010000100001110100100001001001000000000001011
7690,398,10,19,M111010000100001110100100001001001000000000001011
7691,398,11,17,M111010000100001110100100001001001000000000001011
7692,398,12,2,M111010000100001110100100001001001000000000001011
7693,398,13,20,M111010000100001110100100001001001000000000001011
7694,398,14,7,M111010000100001110100100001001001000000000001011
7695,398,15,15,M111010000100001110100100001001001000000000001011
7696,398,16,26,M111010000100001110100100001001001000000000001011
7697,398,17,14,M111010000100001110100100001001001000000000001011
7698,398,18,8,M111010000100001110100100001001001000000000001011
7699,398,19,5,M111010000100001110100100001001001000000000001011
7700,398,20,1,M111010000100001110100100001001001000000000001011
7701,398,21,23,M111010000100001110100100001001001000000000001011
7702,398,22,11,M111010000100001110100100001001001000000000001011
7703,398,23,9,M111010000100001110100100001001001000000000001011
7704,398,24,13,M111010000100001110100100001001001000000000001011
7705,398,25,21,M111010000100001110100100001001001000000000001011
7706,398,26,27,M111010000100001110100100001001001000000000001011
7707,398,27,24,M111010000100001110100100001001001000000000001011
7708,398,28,22,M111010000100001110100100001001001000000000001011
7709,398,29,28,M111010000100001110100100001001001000000000001011
7710,398,30,12,M111010000100001110100100001001001000000000001011
7711,398,31,16,M111010000100001110100100001001001000000000001011
7808,57,0,11,M110001000000010000000001001111100011011000001001
7809,57,1,27,M110001000000010000000001001111100011011000001001
7810,57,2,6,M110001000000010000000001001111100011011000001001
7811,57,3,2,M110001000000010000000001001111100011011000001001
7812,57,4,4,M110001000000010000000001001111100011011000001001
7813,57,5,26,M110001000000010000000001001111100011011000001001
7814,57,6,22,M110001000000010000000001001111100011011000001001
7815,57,7,13,M110001000000010000000001001111100011011000001001
7816,57,8,10,M110001000000010000000001001111100011011000001001
7817,57,9,20,M110001000000010000000001001111100011011000001001
7818,57,10,29,M110001000000010000000001001111100011011000001001
7819,57,11,15,M110001000000010000000001001111100011011000001001
7820,57,12,17,M110001000000010000000001001111100011011000001001
7821,57,13,24,M110001000000010000000001001111100011011000001001
7822,57,14,25,M110001000000010000000001001111100011011000001001
7823,57,15,14,M110001000000010000000001001111100011011000001001
7824,57,16,5,M110001000000010000000001001111100011011000001001
7825,57,17,31,M110001000000010000000001001111100011011000001001
7826,57,18,16,M110001000000010000000001001111100011011000001001
7827,57,19,0,M110001000000010000000001001111100011011000001001
7828,57,20,9,M110001000000010000000001001111100011011000001001
7829,57,21,3,M110001000000010000000001001111100011011000001001
7830,57,22,23,M110001000000010000000001001111100011011000001001
7831,57,23,7,M110001000000010000000001001111100011011000001001
7832,57,24,21,M110001000000010000000001001111100011011000001001
7833,57,25,30,M110001000000010000000001001111100011011000001001
7834,57,26,19,M110001000000010000000001001111100011011000001001
7835,57,27,12,M110001000000010000000001001111100011011000001001
7836,57,28,18,M110001000000010000000001001111100011011000001001
7837,57,29,1,M110001000000010000000001001111100011011000001001
7838,57,30,8,M110001000000010000000001001111100011011000001001
7839,57,31,28,M110001000000010000000001001111100011011000001001
7840,377,0,16,M101100000000010100100100000011000110001000011100
7841,377,1,30,M101100000000010100100100000011000110001000011100
7842,377,2,29,M101100000000010100100100000011000110001000011100
7843,377,3,20,M101100000000010100100100000011000110001000011100
7844,377,4,14,M101100000000010100100100000011000110001000011100
7845,377,5,9,M101100000000010100100100000011000110001000011100
7846,377,6,28,M101100000000010100100100000011000110001000011100
7847,377,7,31,M101100000000010100100100000011000110001000011100
7848,377,8,27,M101100000000010100100100000011000110001000011100
7849,377,9,18,M101100000000010100100100000011000110001000011100
7850,377,10,21,M101100000000010100100100000011000110001000011100
7851,377,11,7,M101100000000010100100100000011000110001000011100
7852,377,12,4,M101100000000010100100100000011000110001000011100
7853,377,13,26,M101100000000010100100100000011000110001000011100
7854,377,14,19,M101100000000010100100100000011000110001000011100
7855,377,15,17,M101100000000010100100100000011000110001000011100
7856,377,16,0,M101100000000010100100100000011000110001000011100
7857,377,17,22,M101100000000010100100100000011000110001000011100
7858,377,18,25,M101100000000010100100100000011000110001000011100
7859,377,19,12,M101100000000010100100100000011000110001000011100
7860,377,20,13,M101100000000010100100100000011000110001000011100
7861,377,21,24,M101100000000010100100100000011000110001000011100
7862,377,22,6,M101100000000010100100100000011000110001000011100
7863,377,23,11,M101100000000010100100100000011000110001000011100
7864,377,24,2,M101100000000010100100100000011000110001000011100
7865,377,25,15,M101100000000010100100100000011000110001000011100
7866,377,26,8,M101100000000010100100100000011000110001000011100
7867,377,27,1,M101100000000010100100100000011000110001000011100
7868,377,28,23,M101100000000010100100100000011000110001000011100
7869,377,29,5,M101100000000010100100100000011000110001000011100
7870,377,30,10,M101100000000010100100100000011000110001000011100
7871,377,31,3,M101100000000010100100100000011000110001000011100
7872,196,0,6,M101001011100101000000000001001100000000011011110
7873,196,1,20,M101001011100101000000000001001100000000011011110
7874,196,2,2,M101001011100101000000000001001100000000011011110
7875,196,3,31,M101001011100101000000000001001100000000011011110
7876,196,4,17,M101001011100101000000000001001100000000011011110
7877,196,5,5,M101001011100101000000000001001100000000011011110
7878,196,6,15,M101001011100101000000000001001100000000011011110
7879,196,7,8,M101001011100101000000000001001100000000011011110
7880,196,8,23,M101001011100101000000000001001100000000011011110
7881,196,9,9,M101001011100101000000000001001100000000011011110
7882,196,10,26,M101001011100101000000000001001100000000011011110
7883,196,11,29,M101001011100101000000000001001100000000011011110
7884,196,12,7,M101001011100101000000000001001100000000011011110
7885,196,13,4,M101001011100101000000000001001100000000011011110
7886,196,14,14,M101001011100101000000000001001100000000011011110
7887,196,15,16,M101001011100101000000000001001100000000011011110
7888,196,16,3,M101001011100101000000000001001100000000011011110
7889,196,17,10,M101001011100101000000000001001100000000011011110
7890,196,18,0,M101001011100101000000000001001100000000011011110
7891,196,19,30,M101001011100101000000000001001100000000011011110
7892,196,20,28,M101001011100101000000000001001100000000011011110
7893,196,21,21,M101001011100101000000000001001100000000011011110
7894,196,22,27,M101001011100101000000000001001100000000011011110
7895,196,23,1,M101001011100101000000000001001100000000011011110
7896,196,24,24,M101001011100101000000000001001100000000011011110
7897,196,25,19,M101001011100101000000000001001100000000011011110
7898,196,26,18,M101001011100101000000000001001100000000011011110
7899,196,27,12,M101001011100101000000000001001100000000011011110
7900,196,28,11,M101001011100101000000000001001100000000011011110
7901,196,29,22,M101001011100101000000000001001100000000011011110
7902,196,30,25,M101001011100101000000000001001100000000011011110
7903,196,31,13,M101001011100101000000000001001100000000011011110
7904,15,0,14,M011101001000111001000000010000001000100000110110
7905,15,1,12,M011101001000111001000000010000001000100000110110
7906,15,2,21,M011101001000111001000000010000001000100000110110
7907,15,3,10,M011101001000111001000000010000001000100000110110
7908,15,4,8,M011101001000111001000000010000001000100000110110
7909,15,5,2,M011101001000111001000000010000001000100000110110
7910,15,6,7,M011101001000111001000000010000001000100000110110
7911,15,7,19,M011101001000111001000000010000001000100000110110
7912,15,8,28,M011101001000111001000000010000001000100000110110
7913,15,9,27,M011101001000111001000000010000001000100000110110
7914,15,10,30,M011101001000111001000000010000001000100000110110
7915,15,11,9,M011101001000111001000000010000001000100000110110
7916,15,12,22,M011101001000111001000000010000001000100000110110
7917,15,13,18,M011101001000111001000000010000001000100000110110
7918,15,14,16,M011101001000111001000000010000001000100000110110
7919,15,15,20,M011101001000111001000000010000001000100000110110
7920,15,16,25,M011101001000111001000000010000001000100000110110
7921,15,17,4,M011101001000111001000000010000001000100000110110
7922,15,18,29,M011101001000111001000000010000001000100000110110
7923,15,19,26,M011101001000111001000000010000001000100000110110
7924,15,20,0,M011101001000111001000000010000001000100000110110
7925,15,21,15,M011101001000111001000000010000001000100000110110
7926,15,22,31,M011101001000111001000000010000001000100000110110
7927,15,23,3,M011101001000111001000000010000001000100000110110
7928,15,24,17,M011101001000111001000000010000001000100000110110
7929,15,25,5,M011101001000111001000000010000001000100000110110
7930,15,26,23,M011101001000111001000000010000001000100000110110
7931,15,27,13,M011101001000111001000000010000001000100000110110
7932,15,28,24,M011101001000111001000000010000001000100000110110
7933,15,29,11,M011101001000111001000000010000001000100000110110
7934,15,30,1,M011101001000111001000000010000001000100000110110
7935,15,31,6,M011101001000111001000000010000001000100000110110
7936,162,0,7,M100111011000000100001000100000000000000110111011
7937,162,1,4,M100111011000000100001000100000000000000110111011
7938,162,2,25,M100111011000000100001000100000000000000110111011
7939,162,3,28,M100111011000000100001000100000000000000110111011
7940,162,4,20,M100111011000000100001000100000000000000110111011
7941,162,5,18,M100111011000000100001000100000000000000110111011
7942,162,6,1,M100111011000000100001000100000000000000110111011
7943,162,7,29,M100111011000000100001000100000000000000110111011
7944,162,8,19,M100111011000000100001000100000000000000110111011
7945,162,9,2,M100111011000000100001000100000000000000110111011
7946,162,10,0,M100111011000000100001000100000000000000110111011
7947,162,11,8,M100111011000000100001000100000000000000110111011
7948,162,12,15,M100111011000000100001000100000000000000110111011
7949,162,13,24,M100111011000000100001000100000000000000110111011
7950,162,14,9,M100111011000000100001000100000000000000110111011
7951,162,15,13,M100111011000000100001000100000000000000110111011
7952,162,16,14,M100111011000000100001000100000000000000110111011
7953,162,17,11,M100111011000000100001000100000000000000110111011
7954,162,18,21,M100111011000000100001000100000000000000110111011
7955,162,19,27,M100111011000000100001000100000000000000110111011
7956,162,20,17,M100111011000000100001000100000000000000110111011
7957,162,21,12,M100111011000000100001000100000000000000110111011
7958,162,22,6,M100111011000000100001000100000000000000110111011
7959,162,23,26,M100111011000000100001000100000000000000110111011
7960,162,24,22,M100111011000000100001000100000000000000110111011
7961,162,25,23,M100111011000000100001000100000000000000110111011
7962,162,26,16,M100111011000000100001000100000000000000110111011
7963,162,27,5,M100111011000000100001000100000000000000110111011
7964,162,28,3,M100111011000000100001000100000000000000110111011
7965,162,29,10,M100111011000000100001000100000000000000110111011
7966,162,30,31,M100111011000000100001000100000000000000110111011
7967,162,31,30,M100111011000000100001000100000000000000110111011
7968,388,0,3,M100010001001001000010110101000000000000011011101
7969,388,1,16,M100010001001001000010110101000000000000011011101
7970,388,2,25,M100010001001001000010110101000000000000011011101
7971,388,3,30,M100010001001001000010110101000000000000011011101
7972,388,4,21,M100010001001001000010110101000000000000011011101
7973,388,5,31,M100010001001001000010110101000000000000011011101
7974,388,6,15,M100010001001001000010110101000000000000011011101
7975,388,7,20,M100010001001001000010110101000000000000011011101
7976,388,8,17,M100010001001001000010110101000000000000011011101
7977,388,9,10,M100010001001001000010110101000000000000011011101
7978,388,10,9,M100010001001001000010110101000000000000011011101
7979,388,11,22,M100010001001001000010110101000000000000011011101
7980,388,12,6,M100010001001001000010110101000000000000011011101
7981,388,13,11,M100010001001001000010110101000000000000011011101
7982,388,14,19,M100010001001001000010110101000000000000011011101
7983,388,15,24,M100010001001001000010110101000000000000011011101
7984,388,16,26,M100010001001001000010110101000000000000011011101
7985,388,17,12,M100010001001001000010110101000000000000011011101
7986,388,18,13,M100010001001001000010110101000000000000011011101
7987,388,19,0,M100010001001001000010110101000000000000011011101
7988,388,20,14,M100010001001001000010110101000000000000011011101
7989,388,21,1,M100010001001001000010110101000000000000011011101
7990,388,22,29,M100010001001001000010110101000000000000011011101
7991,388,23,7,M100010001001001000010110101000000000000011011101
7992,388,24,28,M100010001001001000010110101000000000000011011101
7993,388,25,5,M100010001001001000010110101000000000000011011101
7994,388,26,8,M100010001001001000010110101000000000000011011101
7995,388,27,27,M100010001001001000010110101000000000000011011101
7996,388,28,2,M100010001001001000010110101000000000000011011101
7997,388,29,4,M100010001001001000010110101000000000000011011101
7998,388,30,18,M100010001001001000010110101000000000000011011101
7999,388,31,23,M100010001001001000010110101000000000000011011101
8000,244,0,21,M011010100000000110100101000100001010100000001101
8001,244,1,3,M011010100000000110100101000100001010100000001101
8002,244,2,14,M011010100000000110100101000100001010100000001101
8003,244,3,8,M011010100000000110100101000100001010100000001101
8004,244,4,26,M011010100000000110100101000100001010100000001101
8005,244,5,2,M011010100000000110100101000100001010100000001101
8006,244,6,30,M011010100000000110100101000100001010100000001101
8007,244,7,6,M011010100000000110100101000100001010100000001101
8008,244,8,10,M011010100000000110100101000100001010100000001101
8009,244,9,28,M011010100000000110100101000100001010100000001101
8010,244,10,17,M011010100000000110100101000100001010100000001101
8011,244,11,18,M011010100000000110100101000100001010100000001101
8012,244,12,24,M011010100000000110100101000100001010100000001101
8013,244,13,27,M011010100000000110100101000100001010100000001101
8014,244,14,19,M011010100000000110100101000100001010100000001101
8015,244,15,20,M011010100000000110100101000100001010100000001101
8016,244,16,5,M011010100000000110100101000100001010100000001101
8017,244,17,0,M011010100000000110100101000100001010100000001101
8018,244,18,25,M011010100000000110100101000100001010100000001101
8019,244,19,22,M011010100000000110100101000100001010100000001101
8020,244,20,13,M011010100000000110100101000100001010100000001101
8021,244,21,4,M011010100000000110100101000100001010100000001101
8022,244,22,7,M011010100000000110100101000100001010100000001101
8023,244,23,23,M011010100000000110100101000100001010100000001101
8024,244,24,9,M011010100000000110100101000100001010100000001101
8025,244,25,31,M011010100000000110100101000100001010100000001101
8026,244,26,16,M011010100000000110100101000100001010100000001101
8027,244,27,15,M011010100000000110100101000100001010100000001101
8028,244,28,12,M011010100000000110100101000100001010100000001101
8029,244,29,29,M011010100000000110100101000100001010100000001101
8030,244,30,1,M011010100000000110100101000100001010100000001101
8031,244,31,11,M011010100000000110100101000100001010100000001101
8032,303,0,31,M101000001000011111000000010001000001000011001011
8033,303,1,13,M101000001000011111000000010001000001000011001011
8034,303,2,15,M101000001000011111000000010001000001000011001011
8035,303,3,4,M101000001000011111000000010001000001000011001011
8036,303,4,28,M101000001000011111000000010001000001000011001011
8037,303,5,5,M101000001000011111000000010001000001000011001011
8038,303,6,24,M101000001000011111000000010001000001000011001011
8039,303,7,2,M101000001000011111000000010001000001000011001011
8040,303,8,3,M101000001000011111000000010001000001000011001011
8041,303,9,18,M101000001000011111000000010001000001000011001011
8042,303,10,19,M101000001000011111000000010001000001000011001011
8043,303,11,1,M101000001000011111000000010001000001000011001011
8044,303,12,29,M101000001000011111000000010001000001000011001011
8045,303,13,16,M101000001000011111000000010001000001000011001011
8046,303,14,7,M101000001000011111000000010001000001000011001011
8047,303,15,10,M101000001000011111000000010001000001000011001011
8048,303,16,14,M101000001000011111000000010001000001000011001011
8049,303,17,20,M101000001000011111000000010001000001000011001011
8050,303,18,6,M101000001000011111000000010001000001000011001011
8051,303,19,9,M101000001000011111000000010001000001000011001011
8052,303,20,23,M101000001000011111000000010001000001000011001011
8053,303,21,11,M101000001000011111000000010001000001000011001011
8054,303,22,25,M101000001000011111000000010001000001000011001011
8055,303,23,21,M101000001000011111000000010001000001000011001011
8056,303,24,8,M101000001000011111000000010001000001000011001011
8057,303,25,27,M101000001000011111000000010001000001000011001011
8058,303,26,0,M101000001000011111000000010001000001000011001011
8059,303,27,30,M101000001000011111000000010001000001000011001011
8060,303,28,22,M101000001000011111000000010001000001000011001011
8061,303,29,17,M101000001000011111000000010001000001000011001011
8062,303,30,26,M101000001000011111000000010001000001000011001011
8063,303,31,12,M101000001000011111000000010001000001000011001011
8064,566,0,19,M011101010000000010100110100001100000010100000110
8065,566,1,26,M011101010000000010100110100001100000010100000110
8066,566,2,12,M011101010000000010100110100001100000010100000110
8067,566,3,17,M011101010000000010100110100001100000010100000110
8068,566,4,7,M011101010000000010100110100001100000010100000110
8069,566,5,8,M011101010000000010100110100001100000010100000110
8070,566,6,1,M011101010000000010100110100001100000010100000110
8071,566,7,24,M011101010000000010100110100001100000010100000110
8072,566,8,13,M011101010000000010100110100001100000010100000110
8073,566,9,10,M011101010000000010100110100001100000010100000110
8074,566,10,2,M011101010000000010100110100001100000010100000110
8075,566,11,9,M011101010000000010100110100001100000010100000110
8076,566,12,22,M011101010000000010100110100001100000010100000110
8077,566,13,4,M011101010000000010100110100001100000010100000110
8078,566,14,5,M011101010000000010100110100001100000010100000110
8079,566,15,11,M011101010000000010100110100001100000010100000110
8080,566,16,0,M011101010000000010100110100001100000010100000110
8081,566,17,23,M011101010000000010100110100001100000010100000110
8082,566,18,6,M011101010000000010100110100001100000010100000110
8083,566,19,20,M011101010000000010100110100001100000010100000110
8084,566,20,3,M011101010000000010100110100001100000010100000110
8085,566,21,21,M011101010000000010100110100001100000010100000110
8086,566,22,18,M011101010000000010100110100001100000010100000110
8087,566,23,16,M011101010000000010100110100001100000010100000110
8088,566,24,28,M011101010000000010100110100001100000010100000110
8089,566,25,29,M011101010000000010100110100001100000010100000110
8090,566,26,25,M011101010000000010100110100001100000010100000110
8091,566,27,30,M011101010000000010100110100001100000010100000110
8092,566,28,14,M011101010000000010100110100001100000010100000110
8093,566,29,31,M011101010000000010100110100001100000010100000110
8094,566,30,15,M011101010000000010100110100001100000010100000110
8095,566,31,27,M011101010000000010100110100001100000010100000110
8096,16,0,10,M101111000110010000000000000100100000100101010110
8097,16,1,17,M101111000110010000000000000100100000100101010110
8098,16,2,30,M101111000110010000000000000100100000100101010110
8099,16,3,18,M101111000110010000000000000100100000100101010110
8100,16,4,16,M101111000110010000000000000100100000100101010110
8101,16,5,1,M101111000110010000000000000100100000100101010110
8102,16,6,11,M101111000110010000000000000100100000100101010110
8103,16,7,29,M101111000110010000000000000100100000100101010110
8104,16,8,12,M101111000110010000000000000100100000100101010110
8105,16,9,28,M101111000110010000000000000100100000100101010110
8106,16,10,0,M101111000110010000000000000100100000100101010110
8107,16,11,23,M101111000110010000000000000100100000100101010110
8108,16,12,22,M101111000110010000000000000100100000100101010110
8109,16,13,13,M101111000110010000000000000100100000100101010110
8110,16,14,24,M101111000110010000000000000100100000100101010110
8111,16,15,14,M101111000110010000000000000100100000100101010110
8112,16,16,7,M101111000110010000000000000100100000100101010110
8113,16,17,27,M101111000110010000000000000100100000100101010110
8114,16,18,26,M101111000110010000000000000100100000100101010110
8115,16,19,5,M101111000110010000000000000100100000100101010110
8116,16,20,8,M101111000110010000000000000100100000100101010110
8117,16,21,9,M101111000110010000000000000100100000100101010110
8118,16,22,3,M101111000110010000000000000100100000100101010110
8119,16,23,19,M101111000110010000000000000100100000100101010110
8120,16,24,15,M101111000110010000000000000100100000100101010110
8121,16,25,25,M101111000110010000000000000100100000100101010110
8122,16,26,4,M101111000110010000000000000100100000100101010110
8123,16,27,31,M101111000110010000000000000100100000100101010110
8124,16,28,6,M101111000110010000000000000100100000100101010110
8125,16,29,20,M101111000110010000000000000100100000100101010110
8126,16,30,21,M101111000110010000000000000100100000100101010110
8127,16,31,2,M101111000110010000000000000100100000100101010110
8128,402,0,14,M111101000000011011101000000100000000000000101101
8129,402,1,23,M111101000000011011101000000100000000000000101101
8130,402,2,24,M111101000000011011101000000100000000000000101101
8131,402,3,27,M111101000000011011101000000100000000000000101101
8132,402,4,25,M111101000000011011101000000100000000000000101101
8133,402,5,12,M111101000000011011101000000100000000000000101101
8134,402,6,10,M111101000000011011101000000100000000000000101101
8135,402,7,19,M111101000000011011101000000100000000000000101101
8136,402,8,1,M111101000000011011101000000100000000000000101101
8137,402,9,5,M111101000000011011101000000100000000000000101101
8138,402,10,13,M111101000000011011101000000100000000000000101101
8139,402,11,3,M111101000000011011101000000100000000000000101101
8140,402,12,16,M111101000000011011101000000100000000000000101101
8141,402,13,29,M111101000000011011101000000100000000000000101101
8142,402,14,9,M111101000000011011101000000100000000000000101101
8143,402,15,22,M111101000000011011101000000100000000000000101101
8144,402,16,26,M111101000000011011101000000100000000000000101101
8145,402,17,31,M111101000000011011101000000100000000000000101101
8146,402,18,2,M111101000000011011101000000100000000000000101101
8147,402,19,20,M111101000000011011101000000100000000000000101101
8148,402,20,18,M111101000000011011101000000100000000000000101101
8149,402,21,30,M111101000000011011101000000100000000000000101101
8150,402,22,15,M111101000000011011101000000100000000000000101101
8151,402,23,6,M111101000000011011101000000100000000000000101101
8152,402,24,28,M111101000000011011101000000100000000000000101101
8153,402,25,21,M111101000000011011101000000100000000000000101101
8154,402,26,8,M111101000000011011101000000100000000000000101101
8155,402,27,11,M111101000000011011101000000100000000000000101101
8156,402,28,0,M111101000000011011101000000100000000000000101101
8157,402,29,7,M111101000000011011101000000100000000000000101101
8158,402,30,17,M111101000000011011101000000100000000000000101101
8159,402,31,4,M111101000000011011101000000100000000000000101101
8160,312,0,6,M100101000000000010111000000000100011011100110001
8161,312,1,1,M100101000000000010111000000000100011011100110001
8162,312,2,11,M100101000000000010111000000000100011011100110001
8163,312,3,18,M100101000000000010111000000000100011011100110001
8164,312,4,26,M100101000000000010111000000000100011011100110001
8165,312,5,15,M100101000000000010111000000000100011011100110001
8166,312,6,10,M100101000000000010111000000000100011011100110001
8167,312,7,31,M100101000000000010111000000000100011011100110001
8168,312,8,21,M100101000000000010111000000000100011011100110001
8169,312,9,16,M100101000000000010111000000000100011011100110001
8170,312,10,24,M100101000000000010111000000000100011011100110001
8171,312,11,2,M100101000000000010111000000000100011011100110001
8172,312,12,3,M100101000000000010111000000000100011011100110001
8173,312,13,4,M100101000000000010111000000000100011011100110001
8174,312,14,7,M100101000000000010111000000000100011011100110001
8175,312,15,20,M100101000000000010111000000000100011011100110001
8176,312,16,13,M100101000000000010111000000000100011011100110001
8177,312,17,25,M100101000000000010111000000000100011011100110001
8178,312,18,19,M100101000000000010111000000000100011011100110001
8179,312,19,29,M100101000000000010111000000000100011011100110001
8180,312,20,28,M100101000000000010111000000000100011011100110001
8181,312,21,23,M100101000000000010111000000000100011011100110001
8182,312,22,8,M100101000000000010111000000000100011011100110001
8183,312,23,5,M100101000000000010111000000000100011011100110001
8184,312,24,30,M100101000000000010111000000000100011011100110001
8185,312,25,9,M100101000000000010111000000000100011011100110001
8186,312,26,0,M100101000000000010111000000000100011011100110001
8187,312,27,22,M100101000000000010111000000000100011011100110001
8188,312,28,27,M100101000000000010111000000000100011011100110001
8189,312,29,12,M100101000000000010111000000000100011011100110001
8190,312,30,17,M100101000000000010111000000000100011011100110001
8191,312,31,14,M100101000000000010111000000000100011011100110001
8192,27,0,11,M000010101100000111000100000000100000100001111011
8193,27,1,3,M000010101100000111000100000000100000100001111011
8194,27,2,23,M000010101100000111000100000000100000100001111011
8195,27,3,6,M000010101100000111000100000000100000100001111011
8196,27,4,4,M000010101100000111000100000000100000100001111011
8197,27,5,21,M000010101100000111000100000000100000100001111011
8198,27,6,19,M000010101100000111000100000000100000100001111011
8199,27,7,30,M000010101100000111000100000000100000100001111011
8200,27,8,12,M000010101100000111000100000000100000100001111011
8201,27,9,14,M000010101100000111000100000000100000100001111011
8202,27,10,24,M000010101100000111000100000000100000100001111011
8203,27,11,29,M000010101100000111000100000000100000100001111011
8204,27,12,8,M000010101100000111000100000000100000100001111011
8205,27,13,0,M000010101100000111000100000000100000100001111011
8206,27,14,1,M000010101100000111000100000000100000100001111011
8207,27,15,5,M000010101100000111000100000000100000100001111011
8208,27,16,16,M000010101100000111000100000000100000100001111011
8209,27,17,18,M000010101100000111000100000000100000100001111011
8210,27,18,22,M000010101100000111000100000000100000100001111011
8211,27,19,25,M000010101100000111000100000000100000100001111011
8212,27,20,26,M000010101100000111000100000000100000100001111011
8213,27,21,17,M000010101100000111000100000000100000100001111011
8214,27,22,2,M000010101100000111000100000000100000100001111011
8215,27,23,20,M000010101100000111000100000000100000100001111011
8216,27,24,27,M000010101100000111000100000000100000100001111011
8217,27,25,7,M000010101100000111000100000000100000100001111011
8218,27,26,10,M000010101100000111000100000000100000100001111011
8219,27,27,31,M000010101100000111000100000000100000100001111011
8220,27,28,9,M000010101100000111000100000000100000100001111011
8221,27,29,28,M000010101100000111000100000000100000100001111011
8222,27,30,13,M000010101100000111000100000000100000100001111011
8223,27,31,15,M000010101100000111000100000000100000100001111011
8224,513,0,28,M101111000100001100000000001000001010101001000110
8225,513,1,12,M101111000100001100000000001000001010101001000110
8226,513,2,3,M101111000100001100000000001000001010101001000110
8227,513,3,17,M101111000100001100000000001000001010101001000110
8228,513,4,31,M101111000100001100000000001000001010101001000110
8229,513,5,24,M101111000100001100000000001000001010101001000110
8230,513,6,16,M101111000100001100000000001000001010101001000110
8231,513,7,23,M101111000100001100000000001000001010101001000110
8232,513,8,11,M101111000100001100000000001000001010101001000110
8233,513,9,20,M101111000100001100000000001000001010101001000110
8234,513,10,2,M101111000100001100000000001000001010101001000110
8235,513,11,29,M101111000100001100000000001000001010101001000110
8236,513,12,7,M101111000100001100000000001000001010101001000110
8237,513,13,4,M101111000100001100000000001000001010101001000110
8238,513,14,26,M101111000100001100000000001000001010101001000110
8239,513,15,1,M101111000100001100000000001000001010101001000110
8240,513,16,19,M101111000100001100000000001000001010101001000110
8241,513,17,18,M101111000100001100000000001000001010101001000110
8242,513,18,25,M101111000100001100000000001000001010101001000110
8243,513,19,30,M101111000100001100000000001000001010101001000110
8244,513,20,9,M101111000100001100000000001000001010101001000110
8245,513,21,6,M101111000100001100000000001000001010101001000110
8246,513,22,21,M101111000100001100000000001000001010101001000110
8247,513,23,8,M101111000100001100000000001000001010101001000110
8248,513,24,15,M101111000100001100000000001000001010101001000110
8249,513,25,5,M101111000100001100000000001000001010101001000110
8250,513,26,13,M101111000100001100000000001000001010101001000110
8251,513,27,22,M101111000100001100000000001000001010101001000110
8252,513,28,10,M101111000100001100000000001000001010101001000110
8253,513,29,14,M101111000100001100000000001000001010101001000110
8254,513,30,27,M101111000100001100000000001000001010101001000110
8255,513,31,0,M101111000100001100000000001000001010101001000110
8256,161,0,14,M111100000000111010000000010000000110001000011101
8257,161,1,23,M111100000000111010000000010000000110001000011101
8258,161,2,3,M111100000000111010000000010000000110001000011101
8259,161,3,4,M111100000000111010000000010000000110001000011101
8260,161,4,31,M111100000000111010000000010000000110001000011101
8261,161,5,29,M111100000000111010000000010000000110001000011101
8262,161,6,26,M111100000000111010000000010000000110001000011101
8263,161,7,11,M111100000000111010000000010000000110001000011101
8264,161,8,20,M111100000000111010000000010000000110001000011101
8265,161,9,25,M111100000000111010000000010000000110001000011101
8266,161,10,12,M111100000000111010000000010000000110001000011101
8267,161,11,15,M111100000000111010000000010000000110001000011101
8268,161,12,17,M111100000000111010000000010000000110001000011101
8269,161,13,13,M111100000000111010000000010000000110001000011101
8270,161,14,18,M111100000000111010000000010000000110001000011101
8271,161,15,6,M111100000000111010000000010000000110001000011101
8272,161,16,24,M111100000000111010000000010000000110001000011101
8273,161,17,21,M111100000000111010000000010000000110001000011101
8274,161,18,9,M111100000000111010000000010000000110001000011101
8275,161,19,1,M111100000000111010000000010000000110001000011101
8276,161,20,0,M111100000000111010000000010000000110001000011101
8277,161,21,5,M111100000000111010000000010000000110001000011101
8278,161,22,16,M111100000000111010000000010000000110001000011101
8279,161,23,30,M111100000000111010000000010000000110001000011101
8280,161,24,19,M111100000000111010000000010000000110001000011101
8281,161,25,28,M111100000000111010000000010000000110001000011101
8282,161,26,22,M111100000000111010000000010000000110001000011101
8283,161,27,27,M111100000000111010000000010000000110001000011101
8284,161,28,7,M111100000000111010000000010000000110001000011101
8285,161,29,10,M111100000000111010000000010000000110001000011101
8286,161,30,8,M111100000000111010000000010000000110001000011101
8287,161,31,2,M111100000000111010000000010000000110001000011101
8288,33,0,11,M011110001100001000010100010000000000010000111110
8289,33,1,9,M011110001100001000010100010000000000010000111110
8290,33,2,21,M011110001100001000010100010000000000010000111110
8291,33,3,15,M011110001100001000010100010000000000010000111110
8292,33,4,23,M011110001100001000010100010000000000010000111110
8293,33,5,4,M011110001100001000010100010000000000010000111110
8294,33,6,2,M011110001100001000010100010000000000010000111110
8295,33,7,31,M011110001100001000010100010000000000010000111110
8296,33,8,20,M011110001100001000010100010000000000010000111110
8297,33,9,17,M011110001100001000010100010000000000010000111110
8298,33,10,3,M011110001100001000010100010000000000010000111110
8299,33,11,25,M011110001100001000010100010000000000010000111110
8300,33,12,24,M011110001100001000010100010000000000010000111110
8301,33,13,10,M011110001100001000010100010000000000010000111110
8302,33,14,27,M011110001100001000010100010000000000010000111110
8303,33,15,12,M011110001100001000010100010000000000010000111110
8304,33,16,7,M011110001100001000010100010000000000010000111110
8305,33,17,18,M011110001100001000010100010000000000010000111110
8306,33,18,22,M011110001100001000010100010000000000010000111110
8307,33,19,6,M011110001100001000010100010000000000010000111110
8308,33,20,1,M011110001100001000010100010000000000010000111110
8309,33,21,16,M011110001100001000010100010000000000010000111110
8310,33,22,19,M011110001100001000010100010000000000010000111110
8311,33,23,14,M011110001100001000010100010000000000010000111110
8312,33,24,29,M011110001100001000010100010000000000010000111110
8313,33,25,30,M011110001100001000010100010000000000010000111110
8314,33,26,8,M011110001100001000010100010000000000010000111110
8315,33,27,0,M011110001100001000010100010000000000010000111110
8316,33,28,13,M011110001100001000010100010000000000010000111110
8317,33,29,26,M011110001100001000010100010000000000010000111110
8318,33,30,28,M011110001100001000010100010000000000010000111110
8319,33,31,5,M011110001100001000010100010000000000010000111110
8320,326,0,22,M111101010010001000000100000000110000000100111010
8321,326,1,16,M111101010010001000000100000000110000000100111010
8322,326,2,29,M111101010010001000000100000000110000000100111010
8323,326,3,6,M111101010010001000000100000000110000000100111010
8324,326,4,11,M111101010010001000000100000000110000000100111010
8325,326,5,27,M111101010010001000000100000000110000000100111010
8326,326,6,1,M111101010010001000000100000000110000000100111010
8327,326,7,20,M111101010010001000000100000000110000000100111010
8328,326,8,2,M111101010010001000000100000000110000000100111010
8329,326,9,21,M111101010010001000000100000000110000000100111010
8330,326,10,25,M111101010010001000000100000000110000000100111010
8331,326,11,12,M111101010010001000000100000000110000000100111010
8332,326,12,8,M111101010010001000000100000000110000000100111010
8333,326,13,13,M111101010010001000000100000000110000000100111010
8334,326,14,23,M111101010010001000000100000000110000000100111010
8335,326,15,14,M111101010010001000000100000000110000000100111010
8336,326,16,30,M111101010010001000000100000000110000000100111010
8337,326,17,4,M111101010010001000000100000000110000000100111010
8338,326,18,0,M111101010010001000000100000000110000000100111010
8339,326,19,18,M111101010010001000000100000000110000000100111010
8340,326,20,15,M111101010010001000000100000000110000000100111010
8341,326,21,10,M111101010010001000000100000000110000000100111010
8342,326,22,3,M111101010010001000000100000000110000000100111010
8343,326,23,19,M111101010010001000000100000000110000000100111010
8344,326,24,9,M111101010010001000000100000000110000000100111010
8345,326,25,24,M111101010010001000000100000000110000000100111010
8346,326,26,7,M111101010010001000000100000000110000000100111010
8347,326,27,26,M111101010010001000000100000000110000000100111010
8348,326,28,5,M111101010010001000000100000000110000000100111010
8349,326,29,31,M111101010010001000000100000000110000000100111010
8350,326,30,28,M111101010010001000000100000000110000000100111010
8351,326,31,17,M111101010010001000000100000000110000000100111010
8352,361,0,15,M110011011000000100000001111000000000001010110001
8353,361,1,4,M110011011000000100000001111000000000001010110001
8354,361,2,28,M110011011000000100000001111000000000001010110001
8355,361,3,21,M110011011000000100000001111000000000001010110001
8356,361,4,16,M110011011000000100000001111000000000001010110001
8357,361,5,31,M110011011000000100000001111000000000001010110001
8358,361,6,13,M110011011000000100000001111000000000001010110001
8359,361,7,23,M110011011000000100000001111000000000001010110001
8360,361,8,20,M110011011000000100000001111000000000001010110001
8361,361,9,7,M110011011000000100000001111000000000001010110001
8362,361,10,0,M110011011000000100000001111000000000001010110001
8363,361,11,12,M110011011000000100000001111000000000001010110001
8364,361,12,2,M110011011000000100000001111000000000001010110001
8365,361,13,6,M110011011000000100000001111000000000001010110001
8366,361,14,18,M110011011000000100000001111000000000001010110001
8367,361,15,17,M110011011000000100000001111000000000001010110001
8368,361,16,25,M110011011000000100000001111000000000001010110001
8369,361,17,26,M110011011000000100000001111000000000001010110001
8370,361,18,1,M110011011000000100000001111000000000001010110001
8371,361,19,3,M110011011000000100000001111000000000001010110001
8372,361,20,11,M110011011000000100000001111000000000001010110001
8373,361,21,30,M110011011000000100000001111000000000001010110001
8374,361,22,5,M110011011000000100000001111000000000001010110001
8375,361,23,9,M110011011000000100000001111000000000001010110001
8376,361,24,10,M110011011000000100000001111000000000001010110001
8377,361,25,14,M110011011000000100000001111000000000001010110001
8378,361,26,29,M110011011000000100000001111000000000001010110001
8379,361,27,24,M110011011000000100000001111000000000001010110001
8380,361,28,27,M110011011000000100000001111000000000001010110001
8381,361,29,19,M110011011000000100000001111000000000001010110001
8382,361,30,8,M110011011000000100000001111000000000001010110001
8383,361,31,22,M110011011000000100000001111000000000001010110001
8384,391,0,15,M101110001000101010000100000001000000101010001101
8385,391,1,4,M101110001000101010000100000001000000101010001101
8386,391,2,29,M101110001000101010000100000001000000101010001101
8387,391,3,21,M101110001000101010000100000001000000101010001101
8388,391,4,28,M101110001000101010000100000001000000101010001101
8389,391,5,1,M101110001000101010000100000001000000101010001101
8390,391,6,20,M101110001000101010000100000001000000101010001101
8391,391,7,2,M101110001000101010000100000001000000101010001101
8392,391,8,18,M101110001000101010000100000001000000101010001101
8393,391,9,11,M101110001000101010000100000001000000101010001101
8394,391,10,8,M101110001000101010000100000001000000101010001101
8395,391,11,0,M101110001000101010000100000001000000101010001101
8396,391,12,6,M101110001000101010000100000001000000101010001101
8397,391,13,10,M101110001000101010000100000001000000101010001101
8398,391,14,13,M101110001000101010000100000001000000101010001101
8399,391,15,31,M101110001000101010000100000001000000101010001101
8400,391,16,25,M101110001000101010000100000001000000101010001101
8401,391,17,16,M101110001000101010000100000001000000101010001101
8402,391,18,17,M101110001000101010000100000001000000101010001101
8403,391,19,9,M101110001000101010000100000001000000101010001101
8404,391,20,30,M101110001000101010000100000001000000101010001101
8405,391,21,5,M101110001000101010000100000001000000101010001101
8406,391,22,23,M101110001000101010000100000001000000101010001101
8407,391,23,12,M101110001000101010000100000001000000101010001101
8408,391,24,27,M101110001000101010000100000001000000101010001101
8409,391,25,19,M101110001000101010000100000001000000101010001101
8410,391,26,22,M101110001000101010000100000001000000101010001101
8411,391,27,7,M101110001000101010000100000001000000101010001101
8412,391,28,14,M101110001000101010000100000001000000101010001101
8413,391,29,3,M101110001000101010000100000001000000101010001101
8414,391,30,26,M101110001000101010000100000001000000101010001101
8415,391,31,24,M101110001000101010000100000001000000101010001101
8416,343,0,14,M000110001001100111000100000001010100000000111100
8417,343,1,11,M000110001001100111000100000001010100000000111100
8418,343,2,27,M000110001001100111000100000001010100000000111100
8419,343,3,28,M000110001001100111000100000001010100000000111100
8420,343,4,13,M000110001001100111000100000001010100000000111100
8421,343,5,18,M000110001001100111000100000001010100000000111100
8422,343,6,8,M000110001001100111000100000001010100000000111100
8423,343,7,12,M000110001001100111000100000001010100000000111100
8424,343,8,26,M000110001001100111000100000001010100000000111100
8425,343,9,4,M000110001001100111000100000001010100000000111100
8426,343,10,10,M000110001001100111000100000001010100000000111100
8427,343,11,15,M000110001001100111000100000001010100000000111100
8428,343,12,7,M000110001001100111000100000001010100000000111100
8429,343,13,6,M000110001001100111000100000001010100000000111100
8430,343,14,24,M000110001001100111000100000001010100000000111100
8431,343,15,17,M000110001001100111000100000001010100000000111100
8432,343,16,31,M000110001001100111000100000001010100000000111100
8433,343,17,16,M000110001001100111000100000001010100000000111100
8434,343,18,20,M000110001001100111000100000001010100000000111100
8435,343,19,5,M000110001001100111000100000001010100000000111100
8436,343,20,23,M000110001001100111000100000001010100000000111100
8437,343,21,1,M000110001001100111000100000001010100000000111100
8438,343,22,22,M000110001001100111000100000001010100000000111100
8439,343,23,0,M000110001001100111000100000001010100000000111100
8440,343,24,3,M000110001001100111000100000001010100000000111100
8441,343,25,9,M000110001001100111000100000001010100000000111100
8442,343,26,2,M000110001001100111000100000001010100000000111100
8443,343,27,29,M000110001001100111000100000001010100000000111100
8444,343,28,25,M000110001001100111000100000001010100000000111100
8445,343,29,30,M000110001001100111000100000001010100000000111100
8446,343,30,19,M000110001001100111000100000001010100000000111100
8447,343,31,21,M000110001001100111000100000001010100000000111100
8448,135,0,24,M110000111100010100010010001110000000000001100001
8449,135,1,6,M110000111100010100010010001110000000000001100001
8450,135,2,13,M110000111100010100010010001110000000000001100001
8451,135,3,23,M110000111100010100010010001110000000000001100001
8452,135,4,15,M110000111100010100010010001110000000000001100001
8453,135,5,12,M110000111100010100010010001110000000000001100001
8454,135,6,27,M110000111100010100010010001110000000000001100001
8455,135,7,22,M110000111100010100010010001110000000000001100001
8456,135,8,25,M110000111100010100010010001110000000000001100001
8457,135,9,8,M110000111100010100010010001110000000000001100001
8458,135,10,14,M110000111100010100010010001110000000000001100001
8459,135,11,29,M110000111100010100010010001110000000000001100001
8460,135,12,28,M110000111100010100010010001110000000000001100001
8461,135,13,10,M110000111100010100010010001110000000000001100001
8462,135,14,17,M110000111100010100010010001110000000000001100001
8463,135,15,26,M110000111100010100010010001110000000000001100001
8464,135,16,4,M110000111100010100010010001110000000000001100001
8465,135,17,2,M110000111100010100010010001110000000000001100001
8466,135,18,19,M110000111100010100010010001110000000000001100001
8467,135,19,30,M110000111100010100010010001110000000000001100001
8468,135,20,0,M110000111100010100010010001110000000000001100001
8469,135,21,3,M110000111100010100010010001110000000000001100001
8470,135,22,9,M110000111100010100010010001110000000000001100001
8471,135,23,31,M110000111100010100010010001110000000000001100001
8472,135,24,11,M110000111100010100010010001110000000000001100001
8473,135,25,5,M110000111100010100010010001110000000000001100001
8474,135,26,1,M110000111100010100010010001110000000000001100001
8475,135,27,7,M110000111100010100010010001110000000000001100001
8476,135,28,16,M110000111100010100010010001110000000000001100001
8477,135,29,21,M110000111100010100010010001110000000000001100001
8478,135,30,20,M110000111100010100010010001110000000000001100001
8479,135,31,18,M110000111100010100010010001110000000000001100001
8480,41,0,18,M111111000001001000010000000001010000000100101101
8481,41,1,7,M111111000001001000010000000001010000000100101101
8482,41,2,16,M111111000001001000010000000001010000000100101101
8483,41,3,23,M111111000001001000010000000001010000000100101101
8484,41,4,14,M111111000001001000010000000001010000000100101101
8485,41,5,9,M111111000001001000010000000001010000000100101101
8486,41,6,2,M111111000001001000010000000001010000000100101101
8487,41,7,29,M111111000001001000010000000001010000000100101101
8488,41,8,10,M111111000001001000010000000001010000000100101101
8489,41,9,30,M111111000001001000010000000001010000000100101101
8490,41,10,4,M111111000001001000010000000001010000000100101101
8491,41,11,21,M111111000001001000010000000001010000000100101101
8492,41,12,31,M111111000001001000010000000001010000000100101101
8493,41,13,11,M111111000001001000010000000001010000000100101101
8494,41,14,13,M111111000001001000010000000001010000000100101101
8495,41,15,26,M111111000001001000010000000001010000000100101101
8496,41,16,19,M111111000001001000010000000001010000000100101101
8497,41,17,20,M111111000001001000010000000001010000000100101101
8498,41,18,5,M111111000001001000010000000001010000000100101101
8499,41,19,28,M111111000001001000010000000001010000000100101101
8500,41,20,15,M111111000001001000010000000001010000000100101101
8501,41,21,24,M111111000001001000010000000001010000000100101101
8502,41,22,27,M111111000001001000010000000001010000000100101101
8503,41,23,0,M111111000001001000010000000001010000000100101101
8504,41,24,25,M111111000001001000010000000001010000000100101101
8505,41,25,17,M111111000001001000010000000001010000000100101101
8506,41,26,3,M111111000001001000010000000001010000000100101101
8507,41,27,1,M111111000001001000010000000001010000000100101101
8508,41,28,22,M111111000001001000010000000001010000000100101101
8509,41,29,12,M111111000001001000010000000001010000000100101101
8510,41,30,6,M111111000001001000010000000001010000000100101101
8511,41,31,8,M111111000001001000010000000001010000000100101101
8512,115,0,14,M010100100000010000010110010111001001001010011000
8513,115,1,28,M010100100000010000010110010111001001001010011000
8514,115,2,31,M010100100000010000010110010111001001001010011000
8515,115,3,15,M010100100000010000010110010111001001001010011000
8516,115,4,25,M010100100000010000010110010111001001001010011000
8517,115,5,9,M010100100000010000010110010111001001001010011000
8518,115,6,27,M010100100000010000010110010111001001001010011000
8519,115,7,4,M010100100000010000010110010111001001001010011000
8520,115,8,26,M010100100000010000010110010111001001001010011000
8521,115,9,20,M010100100000010000010110010111001001001010011000
8522,115,10,17,M010100100000010000010110010111001001001010011000
8523,115,11,11,M010100100000010000010110010111001001001010011000
8524,115,12,5,M010100100000010000010110010111001001001010011000
8525,115,13,8,M010100100000010000010110010111001001001010011000
8526,115,14,18,M010100100000010000010110010111001001001010011000
8527,115,15,30,M010100100000010000010110010111001001001010011000
8528,115,16,16,M010100100000010000010110010111001001001010011000
8529,115,17,19,M010100100000010000010110010111001001001010011000
8530,115,18,12,M010100100000010000010110010111001001001010011000
8531,115,19,7,M010100100000010000010110010111001001001010011000
8532,115,20,10,M010100100000010000010110010111001001001010011000
8533,115,21,21,M010100100000010000010110010111001001001010011000
8534,115,22,3,M010100100000010000010110010111001001001010011000
8535,115,23,29,M010100100000010000010110010111001001001010011000
8536,115,24,6,M010100100000010000010110010111001001001010011000
8537,115,25,0,M010100100000010000010110010111001001001010011000
8538,115,26,22,M010100100000010000010110010111001001001010011000
8539,115,27,2,M010100100000010000010110010111001001001010011000
8540,115,28,23,M010100100000010000010110010111001001001010011000
8541,115,29,13,M010100100000010000010110010111001001001010011000
8542,115,30,1,M010100100000010000010110010111001001001010011000
8543,115,31,24,M010100100000010000010110010111001001001010011000
8544,439,0,0,M111111000100001000001000000000000000010100101111
8545,439,1,17,M111111000100001000001000000000000000010100101111
8546,439,2,1,M111111000100001000001000000000000000010100101111
8547,439,3,16,M111111000100001000001000000000000000010100101111
8548,439,4,4,M111111000100001000001000000000000000010100101111
8549,439,5,2,M111111000100001000001000000000000000010100101111
8550,439,6,14,M111111000100001000001000000000000000010100101111
8551,439,7,7,M111111000100001000001000000000000000010100101111
8552,439,8,29,M111111000100001000001000000000000000010100101111
8553,439,9,28,M111111000100001000001000000000000000010100101111
8554,439,10,6,M111111000100001000001000000000000000010100101111
8555,439,11,24,M111111000100001000001000000000000000010100101111
8556,439,12,11,M111111000100001000001000000000000000010100101111
8557,439,13,12,M111111000100001000001000000000000000010100101111
8558,439,14,25,M111111000100001000001000000000000000010100101111
8559,439,15,30,M111111000100001000001000000000000000010100101111
8560,439,16,27,M111111000100001000001000000000000000010100101111
8561,439,17,21,M111111000100001000001000000000000000010100101111
8562,439,18,22,M111111000100001000001000000000000000010100101111
8563,439,19,19,M111111000100001000001000000000000000010100101111
8564,439,20,20,M111111000100001000001000000000000000010100101111
8565,439,21,8,M111111000100001000001000000000000000010100101111
8566,439,22,31,M111111000100001000001000000000000000010100101111
8567,439,23,26,M111111000100001000001000000000000000010100101111
8568,439,24,3,M111111000100001000001000000000000000010100101111
8569,439,25,9,M111111000100001000001000000000000000010100101111
8570,439,26,15,M111111000100001000001000000000000000010100101111
8571,439,27,18,M111111000100001000001000000000000000010100101111
8572,439,28,13,M111111000100001000001000000000000000010100101111
8573,439,29,23,M111111000100001000001000000000000000010100101111
8574,439,30,5,M111111000100001000001000000000000000010100101111
8575,439,31,10,M111111000100001000001000000000000000010100101111
8576,214,0,21,M111000100111000000000100000000101010000000111110
8577,214,1,5,M111000100111000000000100000000101010000000111110
8578,214,2,1,M111000100111000000000100000000101010000000111110
8579,214,3,24,M111000100111000000000100000000101010000000111110
8580,214,4,6,M111000100111000000000100000000101010000000111110
8581,214,5,15,M111000100111000000000100000000101010000000111110
8582,214,6,14,M111000100111000000000100000000101010000000111110
8583,214,7,0,M111000100111000000000100000000101010000000111110
8584,214,8,10,M111000100111000000000100000000101010000000111110
8585,214,9,2,M111000100111000000000100000000101010000000111110
8586,214,10,11,M111000100111000000000100000000101010000000111110
8587,214,11,16,M111000100111000000000100000000101010000000111110
8588,214,12,29,M111000100111000000000100000000101010000000111110
8589,214,13,31,M111000100111000000000100000000101010000000111110
8590,214,14,23,M111000100111000000000100000000101010000000111110
8591,214,15,4,M111000100111000000000100000000101010000000111110
8592,214,16,26,M111000100111000000000100000000101010000000111110
8593,214,17,18,M111000100111000000000100000000101010000000111110
8594,214,18,13,M111000100111000000000100000000101010000000111110
8595,214,19,7,M111000100111000000000100000000101010000000111110
8596,214,20,9,M111000100111000000000100000000101010000000111110
8597,214,21,3,M111000100111000000000100000000101010000000111110
8598,214,22,19,M111000100111000000000100000000101010000000111110
8599,214,23,8,M111000100111000000000100000000101010000000111110
8600,214,24,12,M111000100111000000000100000000101010000000111110
8601,214,25,30,M111000100111000000000100000000101010000000111110
8602,214,26,25,M111000100111000000000100000000101010000000111110
8603,214,27,17,M111000100111000000000100000000101010000000111110
8604,214,28,20,M111000100111000000000100000000101010000000111110
8605,214,29,28,M111000100111000000000100000000101010000000111110
8606,214,30,27,M111000100111000000000100000000101010000000111110
8607,214,31,22,M111000100111000000000100000000101010000000111110
8608,32,0,22,M101111100000000000010100100010000000001100101110
8609,32,1,20,M101111100000000000010100100010000000001100101110
8610,32,2,7,M101111100000000000010100100010000000001100101110
8611,32,3,15,M101111100000000000010100100010000000001100101110
8612,32,4,26,M101111100000000000010100100010000000001100101110
8613,32,5,24,M101111100000000000010100100010000000001100101110
8614,32,6,18,M101111100000000000010100100010000000001100101110
8615,32,7,5,M101111100000000000010100100010000000001100101110
8616,32,8,10,M101111100000000000010100100010000000001100101110
8617,32,9,2,M101111100000000000010100100010000000001100101110
8618,32,10,31,M101111100000000000010100100010000000001100101110
8619,32,11,25,M101111100000000000010100100010000000001100101110
8620,32,12,23,M101111100000000000010100100010000000001100101110
8621,32,13,4,M101111100000000000010100100010000000001100101110
8622,32,14,28,M101111100000000000010100100010000000001100101110
8623,32,15,8,M101111100000000000010100100010000000001100101110
8624,32,16,12,M101111100000000000010100100010000000001100101110
8625,32,17,17,M101111100000000000010100100010000000001100101110
8626,32,18,9,M101111100000000000010100100010000000001100101110
8627,32,19,16,M101111100000000000010100100010000000001100101110
8628,32,20,29,M101111100000000000010100100010000000001100101110
8629,32,21,21,M101111100000000000010100100010000000001100101110
8630,32,22,11,M101111100000000000010100100010000000001100101110
8631,32,23,1,M101111100000000000010100100010000000001100101110
8632,32,24,19,M101111100000000000010100100010000000001100101110
8633,32,25,6,M101111100000000000010100100010000000001100101110
8634,32,26,30,M101111100000000000010100100010000000001100101110
8635,32,27,3,M101111100000000000010100100010000000001100101110
8636,32,28,13,M101111100000000000010100100010000000001100101110
8637,32,29,27,M101111100000000000010100100010000000001100101110
8638,32,30,0,M101111100000000000010100100010000000001100101110
8639,32,31,14,M101111100000000000010100100010000000001100101110
8640,199,0,18,M011110001000000100000100000001101000101000011110
8641,199,1,27,M011110001000000100000100000001101000101000011110
8642,199,2,5,M011110001000000100000100000001101000101000011110
8643,199,3,31,M011110001000000100000100000001101000101000011110
8644,199,4,20,M011110001000000100000100000001101000101000011110
8645,199,5,15,M011110001000000100000100000001101000101000011110
8646,199,6,17,M011110001000000100000100000001101000101000011110
8647,199,7,7,M011110001000000100000100000001101000101000011110
8648,199,8,30,M011110001000000100000100000001101000101000011110
8649,199,9,14,M011110001000000100000100000001101000101000011110
8650,199,10,0,M011110001000000100000100000001101000101000011110
8651,199,11,6,M011110001000000100000100000001101000101000011110
8652,199,12,21,M011110001000000100000100000001101000101000011110
8653,199,13,10,M011110001000000100000100000001101000101000011110
8654,199,14,24,M011110001000000100000100000001101000101000011110
8655,199,15,19,M011110001000000100000100000001101000101000011110
8656,199,16,29,M011110001000000100000100000001101000101000011110
8657,199,17,12,M011110001000000100000100000001101000101000011110
8658,199,18,16,M011110001000000100000100000001101000101000011110
8659,199,19,28,M011110001000000100000100000001101000101000011110
8660,199,20,9,M011110001000000100000100000001101000101000011110
8661,199,21,26,M011110001000000100000100000001101000101000011110
8662,199,22,3,M011110001000000100000100000001101000101000011110
8663,199,23,23,M011110001000000100000100000001101000101000011110
8664,199,24,22,M011110001000000100000100000001101000101000011110
8665,199,25,8,M011110001000000100000100000001101000101000011110
8666,199,26,4,M011110001000000100000100000001101000101000011110
8667,199,27,25,M011110001000000100000100000001101000101000011110
8668,199,28,13,M011110001000000100000100000001101000101000011110
8669,199,29,1,M011110001000000100000100000001101000101000011110
8670,199,30,2,M011110001000000100000100000001101000101000011110
8671,199,31,11,M011110001000000100000100000001101000101000011110
8672,350,0,11,M110001000000100001001000001110010100001000110110
8673,350,1,26,M110001000000100001001000001110010100001000110110
8674,350,2,2,M110001000000100001001000001110010100001000110110
8675,350,3,16,M110001000000100001001000001110010100001000110110
8676,350,4,0,M110001000000100001001000001110010100001000110110
8677,350,5,22,M110001000000100001001000001110010100001000110110
8678,350,6,3,M110001000000100001001000001110010100001000110110
8679,350,7,8,M110001000000100001001000001110010100001000110110
8680,350,8,7,M110001000000100001001000001110010100001000110110
8681,350,9,12,M110001000000100001001000001110010100001000110110
8682,350,10,5,M110001000000100001001000001110010100001000110110
8683,350,11,14,M110001000000100001001000001110010100001000110110
8684,350,12,1,M110001000000100001001000001110010100001000110110
8685,350,13,24,M110001000000100001001000001110010100001000110110
8686,350,14,13,M110001000000100001001000001110010100001000110110
8687,350,15,17,M110001000000100001001000001110010100001000110110
8688,350,16,23,M110001000000100001001000001110010100001000110110
8689,350,17,6,M110001000000100001001000001110010100001000110110
8690,350,18,29,M110001000000100001001000001110010100001000110110
8691,350,19,19,M110001000000100001001000001110010100001000110110
8692,350,20,18,M110001000000100001001000001110010100001000110110
8693,350,21,21,M110001000000100001001000001110010100001000110110
8694,350,22,20,M110001000000100001001000001110010100001000110110
8695,350,23,27,M110001000000100001001000001110010100001000110110
8696,350,24,15,M110001000000100001001000001110010100001000110110
8697,350,25,31,M110001000000100001001000001110010100001000110110
8698,350,26,25,M110001000000100001001000001110010100001000110110
8699,350,27,30,M110001000000100001001000001110010100001000110110
8700,350,28,28,M110001000000100001001000001110010100001000110110
8701,350,29,4,M110001000000100001001000001110010100001000110110
8702,350,30,10,M110001000000100001001000001110010100001000110110
8703,350,31,9,M110001000000100001001000001110010100001000110110
8704,123,0,31,M011111100000011000000000000000011000110010100110
8705,123,1,19,M011111100000011000000000000000011000110010100110
8706,123,2,4,M011111100000011000000000000000011000110010100110
8707,123,3,1,M011111100000011000000000000000011000110010100110
8708,123,4,18,M011111100000011000000000000000011000110010100110
8709,123,5,27,M011111100000011000000000000000011000110010100110
8710,123,6,28,M011111100000011000000000000000011000110010100110
8711,123,7,3,M011111100000011000000000000000011000110010100110
8712,123,8,12,M011111100000011000000000000000011000110010100110
8713,123,9,29,M011111100000011000000000000000011000110010100110
8714,123,10,21,M011111100000011000000000000000011000110010100110
8715,123,11,14,M011111100000011000000000000000011000110010100110
8716,123,12,5,M011111100000011000000000000000011000110010100110
8717,123,13,0,M011111100000011000000000000000011000110010100110
8718,123,14,8,M011111100000011000000000000000011000110010100110
8719,123,15,11,M011111100000011000000000000000011000110010100110
8720,123,16,10,M011111100000011000000000000000011000110010100110
8721,123,17,26,M011111100000011000000000000000011000110010100110
8722,123,18,25,M011111100000011000000000000000011000110010100110
8723,123,19,15,M011111100000011000000000000000011000110010100110
8724,123,20,2,M011111100000011000000000000000011000110010100110
8725,123,21,23,M011111100000011000000000000000011000110010100110
8726,123,22,22,M011111100000011000000000000000011000110010100110
8727,123,23,6,M011111100000011000000000000000011000110010100110
8728,123,24,24,M011111100000011000000000000000011000110010100110
8729,123,25,7,M011111100000011000000000000000011000110010100110
8730,123,26,17,M011111100000011000000000000000011000110010100110
8731,123,27,30,M011111100000011000000000000000011000110010100110
8732,123,28,20,M011111100000011000000000000000011000110010100110
8733,123,29,16,M011111100000011000000000000000011000110010100110
8734,123,30,13,M011111100000011000000000000000011000110010100110
8735,123,31,9,M011111100000011000000000000000011000110010100110
8736,392,0,18,M010011101000010011110000010000000010100000110100
8737,392,1,15,M010011101000010011110000010000000010100000110100
8738,392,2,25,M010011101000010011110000010000000010100000110100
8739,392,3,23,M010011101000010011110000010000000010100000110100
8740,392,4,10,M010011101000010011110000010000000010100000110100
8741,392,5,26,M010011101000010011110000010000000010100000110100
8742,392,6,6,M010011101000010011110000010000000010100000110100
8743,392,7,31,M010011101000010011110000010000000010100000110100
8744,392,8,8,M010011101000010011110000010000000010100000110100
8745,392,9,13,M010011101000010011110000010000000010100000110100
8746,392,10,1,M010011101000010011110000010000000010100000110100
8747,392,11,29,M010011101000010011110000010000000010100000110100
8748,392,12,19,M010011101000010011110000010000000010100000110100
8749,392,13,9,M010011101000010011110000010000000010100000110100
8750,392,14,7,M010011101000010011110000010000000010100000110100
8751,392,15,24,M010011101000010011110000010000000010100000110100
8752,392,16,5,M010011101000010011110000010000000010100000110100
8753,392,17,4,M010011101000010011110000010000000010100000110100
8754,392,18,27,M010011101000010011110000010000000010100000110100
8755,392,19,16,M010011101000010011110000010000000010100000110100
8756,392,20,14,M010011101000010011110000010000000010100000110100
8757,392,21,12,M010011101000010011110000010000000010100000110100
8758,392,22,11,M010011101000010011110000010000000010100000110100
8759,392,23,3,M010011101000010011110000010000000010100000110100
8760,392,24,17,M010011101000010011110000010000000010100000110100
8761,392,25,28,M010011101000010011110000010000000010100000110100
8762,392,26,22,M010011101000010011110000010000000010100000110100
8763,392,27,20,M010011101000010011110000010000000010100000110100
8764,392,28,0,M010011101000010011110000010000000010100000110100
8765,392,29,21,M010011101000010011110000010000000010100000110100
8766,392,30,30,M010011101000010011110000010000000010100000110100
8767,392,31,2,M010011101000010011110000010000000010100000110100
8768,183,0,14,M111001001001000100000001000000011001000000110111
8769,183,1,20,M111001001001000100000001000000011001000000110111
8770,183,2,13,M111001001001000100000001000000011001000000110111
8771,183,3,11,M111001001001000100000001000000011001000000110111
8772,183,4,0,M111001001001000100000001000000011001000000110111
8773,183,5,29,M111001001001000100000001000000011001000000110111
8774,183,6,26,M111001001001000100000001000000011001000000110111
8775,183,7,28,M111001001001000100000001000000011001000000110111
8776,183,8,31,M111001001001000100000001000000011001000000110111
8777,183,9,12,M111001001001000100000001000000011001000000110111
8778,183,10,25,M111001001001000100000001000000011001000000110111
8779,183,11,30,M111001001001000100000001000000011001000000110111
8780,183,12,3,M111001001001000100000001000000011001000000110111
8781,183,13,9,M111001001001000100000001000000011001000000110111
8782,183,14,27,M111001001001000100000001000000011001000000110111
8783,183,15,10,M111001001001000100000001000000011001000000110111
8784,183,16,8,M111001001001000100000001000000011001000000110111
8785,183,17,5,M111001001001000100000001000000011001000000110111
8786,183,18,15,M111001001001000100000001000000011001000000110111
8787,183,19,1,M111001001001000100000001000000011001000000110111
8788,183,20,24,M111001001001000100000001000000011001000000110111
8789,183,21,19,M111001001001000100000001000000011001000000110111
8790,183,22,18,M111001001001000100000001000000011001000000110111
8791,183,23,4,M111001001001000100000001000000011001000000110111
8792,183,24,7,M111001001001000100000001000000011001000000110111
8793,183,25,21,M111001001001000100000001000000011001000000110111
8794,183,26,16,M111001001001000100000001000000011001000000110111
8795,183,27,22,M111001001001000100000001000000011001000000110111
8796,183,28,23,M111001001001000100000001000000011001000000110111
8797,183,29,17,M111001001001000100000001000000011001000000110111
8798,183,30,2,M111001001001000100000001000000011001000000110111
8799,183,31,6,M111001001001000100000001000000011001000000110111
8800,397,0,31,M100010000001001000000010100010011000000011111011
8801,397,1,1,M100010000001001000000010100010011000000011111011
8802,397,2,26,M100010000001001000000010100010011000000011111011
8803,397,3,2,M100010000001001000000010100010011000000011111011
8804,397,4,15,M100010000001001000000010100010011000000011111011
8805,397,5,21,M100010000001001000000010100010011000000011111011
8806,397,6,18,M100010000001001000000010100010011000000011111011
8807,397,7,3,M100010000001001000000010100010011000000011111011
8808,397,8,6,M100010000001001000000010100010011000000011111011
8809,397,9,4,M100010000001001000000010100010011000000011111011
8810,397,10,5,M100010000001001000000010100010011000000011111011
8811,397,11,25,M100010000001001000000010100010011000000011111011
8812,397,12,22,M100010000001001000000010100010011000000011111011
8813,397,13,13,M100010000001001000000010100010011000000011111011
8814,397,14,12,M100010000001001000000010100010011000000011111011
8815,397,15,20,M100010000001001000000010100010011000000011111011
8816,397,16,23,M100010000001001000000010100010011000000011111011
8817,397,17,27,M100010000001001000000010100010011000000011111011
8818,397,18,24,M100010000001001000000010100010011000000011111011
8819,397,19,14,M100010000001001000000010100010011000000011111011
8820,397,20,30,M100010000001001000000010100010011000000011111011
8821,397,21,17,M100010000001001000000010100010011000000011111011
8822,397,22,0,M100010000001001000000010100010011000000011111011
8823,397,23,19,M100010000001001000000010100010011000000011111011
8824,397,24,8,M100010000001001000000010100010011000000011111011
8825,397,25,29,M100010000001001000000010100010011000000011111011
8826,397,26,16,M100010000001001000000010100010011000000011111011
8827,397,27,11,M100010000001001000000010100010011000000011111011
8828,397,28,9,M100010000001001000000010100010011000000011111011
8829,397,29,10,M100010000001001000000010100010011000000011111011
8830,397,30,7,M100010000001001000000010100010011000000011111011
8831,397,31,28,M100010000001001000000010100010011000000011111011
8832,520,0,16,M111101000010100010100101000000000001100000101001
8833,520,1,11,M111101000010100010100101000000000001100000101001
8834,520,2,3,M111101000010100010100101000000000001100000101001
8835,520,3,28,M111101000010100010100101000000000001100000101001
8836,520,4,21,M111101000010100010100101000000000001100000101001
8837,520,5,17,M111101000010100010100101000000000001100000101001
8838,520,6,20,M111101000010100010100101000000000001100000101001
8839,520,7,2,M111101000010100010100101000000000001100000101001
8840,520,8,23,M111101000010100010100101000000000001100000101001
8841,520,9,4,M111101000010100010100101000000000001100000101001
8842,520,10,25,M111101000010100010100101000000000001100000101001
8843,520,11,5,M111101000010100010100101000000000001100000101001
8844,520,12,15,M111101000010100010100101000000000001100000101001
8845,520,13,12,M111101000010100010100101000000000001100000101001
8846,520,14,26,M111101000010100010100101000000000001100000101001
8847,520,15,6,M111101000010100010100101000000000001100000101001
8848,520,16,24,M111101000010100010100101000000000001100000101001
8849,520,17,10,M111101000010100010100101000000000001100000101001
8850,520,18,19,M111101000010100010100101000000000001100000101001
8851,520,19,1,M111101000010100010100101000000000001100000101001
8852,520,20,7,M111101000010100010100101000000000001100000101001
8853,520,21,8,M111101000010100010100101000000000001100000101001
8854,520,22,30,M111101000010100010100101000000000001100000101001
8855,520,23,27,M111101000010100010100101000000000001100000101001
8856,520,24,22,M111101000010100010100101000000000001100000101001
8857,520,25,0,M111101000010100010100101000000000001100000101001
8858,520,26,31,M111101000010100010100101000000000001100000101001
8859,520,27,14,M111101000010100010100101000000000001100000101001
8860,520,28,18,M111101000010100010100101000000000001100000101001
8861,520,29,9,M111101000010100010100101000000000001100000101001
8862,520,30,13,M111101000010100010100101000000000001100000101001
8863,520,31,29,M111101000010100010100101000000000001100000101001
8864,178,0,11,M100001001111000011011000100001001000000010010010
8865,178,1,21,M100001001111000011011000100001001000000010010010
8866,178,2,17,M100001001111000011011000100001001000000010010010
8867,178,3,29,M100001001111000011011000100001001000000010010010
8868,178,4,9,M100001001111000011011000100001001000000010010010
8869,178,5,27,M100001001111000011011000100001001000000010010010
8870,178,6,1,M100001001111000011011000100001001000000010010010
8871,178,7,5,M100001001111000011011000100001001000000010010010
8872,178,8,24,M100001001111000011011000100001001000000010010010
8873,178,9,12,M100001001111000011011000100001001000000010010010
8874,178,10,7,M100001001111000011011000100001001000000010010010
8875,178,11,3,M100001001111000011011000100001001000000010010010
8876,178,12,30,M100001001111000011011000100001001000000010010010
8877,178,13,28,M100001001111000011011000100001001000000010010010
8878,178,14,26,M100001001111000011011000100001001000000010010010
8879,178,15,8,M100001001111000011011000100001001000000010010010
8880,178,16,15,M100001001111000011011000100001001000000010010010
8881,178,17,19,M100001001111000011011000100001001000000010010010
8882,178,18,25,M100001001111000011011000100001001000000010010010
8883,178,19,31,M100001001111000011011000100001001000000010010010
8884,178,20,6,M100001001111000011011000100001001000000010010010
8885,178,21,22,M100001001111000011011000100001001000000010010010
8886,178,22,10,M100001001111000011011000100001001000000010010010
8887,178,23,2,M100001001111000011011000100001001000000010010010
8888,178,24,20,M100001001111000011011000100001001000000010010010
8889,178,25,4,M100001001111000011011000100001001000000010010010
8890,178,26,0,M100001001111000011011000100001001000000010010010
8891,178,27,16,M100001001111000011011000100001001000000010010010
8892,178,28,23,M100001001111000011011000100001001000000010010010
8893,178,29,14,M100001001111000011011000100001001000000010010010
8894,178,30,18,M100001001111000011011000100001001000000010010010
8895,178,31,13,M100001001111000011011000100001001000000010010010
8896,574,0,5,M101111000010011000000000001101010100000000010110
8897,574,1,28,M101111000010011000000000001101010100000000010110
8898,574,2,21,M101111000010011000000000001101010100000000010110
8899,574,3,18,M101111000010011000000000001101010100000000010110
8900,574,4,30,M101111000010011000000000001101010100000000010110
8901,574,5,27,M101111000010011000000000001101010100000000010110
8902,574,6,22,M101111000010011000000000001101010100000000010110
8903,574,7,31,M101111000010011000000000001101010100000000010110
8904,574,8,19,M101111000010011000000000001101010100000000010110
8905,574,9,3,M101111000010011000000000001101010100000000010110
8906,574,10,6,M101111000010011000000000001101010100000000010110
8907,574,11,2,M101111000010011000000000001101010100000000010110
8908,574,12,1,M101111000010011000000000001101010100000000010110
8909,574,13,15,M101111000010011000000000001101010100000000010110
8910,574,14,8,M101111000010011000000000001101010100000000010110
8911,574,15,12,M101111000010011000000000001101010100000000010110
8912,574,16,25,M101111000010011000000000001101010100000000010110
8913,574,17,17,M101111000010011000000000001101010100000000010110
8914,574,18,26,M101111000010011000000000001101010100000000010110
8915,574,19,11,M101111000010011000000000001101010100000000010110
8916,574,20,4,M101111000010011000000000001101010100000000010110
8917,574,21,29,M101111000010011000000000001101010100000000010110
8918,574,22,20,M101111000010011000000000001101010100000000010110
8919,574,23,16,M101111000010011000000000001101010100000000010110
8920,574,24,14,M101111000010011000000000001101010100000000010110
8921,574,25,9,M101111000010011000000000001101010100000000010110
8922,574,26,23,M101111000010011000000000001101010100000000010110
8923,574,27,0,M101111000010011000000000001101010100000000010110
8924,574,28,24,M101111000010011000000000001101010100000000010110
8925,574,29,7,M101111000010011000000000001101010100000000010110
8926,574,30,10,M101111000010011000000000001101010100000000010110
8927,574,31,13,M101111000010011000000000001101010100000000010110
8928,217,0,13,M101011010001000001010000100000000010011001101010
8929,217,1,27,M101011010001000001010000100000000010011001101010
8930,217,2,24,M101011010001000001010000100000000010011001101010
8931,217,3,12,M101011010001000001010000100000000010011001101010
8932,217,4,1,M101011010001000001010000100000000010011001101010
8933,217,5,31,M101011010001000001010000100000000010011001101010
8934,217,6,3,M101011010001000001010000100000000010011001101010
8935,217,7,16,M101011010001000001010000100000000010011001101010
8936,217,8,19,M101011010001000001010000100000000010011001101010
8937,217,9,6,M101011010001000001010000100000000010011001101010
8938,217,10,20,M101011010001000001010000100000000010011001101010
8939,217,11,30,M101011010001000001010000100000000010011001101010
8940,217,12,25,M101011010001000001010000100000000010011001101010
8941,217,13,17,M101011010001000001010000100000000010011001101010
8942,217,14,0,M101011010001000001010000100000000010011001101010
8943,217,15,7,M101011010001000001010000100000000010011001101010
8944,217,16,11,M101011010001000001010000100000000010011001101010
8945,217,17,15,M101011010001000001010000100000000010011001101010
8946,217,18,26,M101011010001000001010000100000000010011001101010
8947,217,19,9,M101011010001000001010000100000000010011001101010
8948,217,20,18,M101011010001000001010000100000000010011001101010
8949,217,21,2,M101011010001000001010000100000000010011001101010
8950,217,22,23,M101011010001000001010000100000000010011001101010
8951,217,23,21,M101011010001000001010000100000000010011001101010
8952,217,24,5,M101011010001000001010000100000000010011001101010
8953,217,25,14,M101011010001000001010000100000000010011001101010
8954,217,26,28,M101011010001000001010000100000000010011001101010
8955,217,27,8,M101011010001000001010000100000000010011001101010
8956,217,28,29,M101011010001000001010000100000000010011001101010
8957,217,29,22,M101011010001000001010000100000000010011001101010
8958,217,30,10,M101011010001000001010000100000000010011001101010
8959,217,31,4,M101011010001000001010000100000000010011001101010
8960,403,0,0,M010110010011000010000001000110100000010000110110
8961,403,1,19,M010110010011000010000001000110100000010000110110
8962,403,2,27,M010110010011000010000001000110100000010000110110
8963,403,3,28,M010110010011000010000001000110100000010000110110
8964,403,4,21,M010110010011000010000001000110100000010000110110
8965,403,5,15,M010110010011000010000001000110100000010000110110
8966,403,6,13,M010110010011000010000001000110100000010000110110
8967,403,7,24,M010110010011000010000001000110100000010000110110
8968,403,8,25,M010110010011000010000001000110100000010000110110
8969,403,9,31,M010110010011000010000001000110100000010000110110
8970,403,10,20,M010110010011000010000001000110100000010000110110
8971,403,11,14,M010110010011000010000001000110100000010000110110
8972,403,12,18,M010110010011000010000001000110100000010000110110
8973,403,13,23,M010110010011000010000001000110100000010000110110
8974,403,14,17,M010110010011000010000001000110100000010000110110
8975,403,15,26,M010110010011000010000001000110100000010000110110
8976,403,16,6,M010110010011000010000001000110100000010000110110
8977,403,17,5,M010110010011000010000001000110100000010000110110
8978,403,18,9,M010110010011000010000001000110100000010000110110
8979,403,19,2,M010110010011000010000001000110100000010000110110
8980,403,20,12,M010110010011000010000001000110100000010000110110
8981,403,21,16,M010110010011000010000001000110100000010000110110
8982,403,22,7,M010110010011000010000001000110100000010000110110
8983,403,23,4,M010110010011000010000001000110100000010000110110
8984,403,24,8,M010110010011000010000001000110100000010000110110
8985,403,25,3,M010110010011000010000001000110100000010000110110
8986,403,26,11,M010110010011000010000001000110100000010000110110
8987,403,27,22,M010110010011000010000001000110100000010000110110
8988,403,28,1,M010110010011000010000001000110100000010000110110
8989,403,29,10,M010110010011000010000001000110100000010000110110
8990,403,30,29,M010110010011000010000001000110100000010000110110
8991,403,31,30,M010110010011000010000001000110100000010000110110
8992,90,0,23,M111001100000001100000100001100001000100100000111
8993,90,1,6,M111001100000001100000100001100001000100100000111
8994,90,2,24,M111001100000001100000100001100001000100100000111
8995,90,3,11,M111001100000001100000100001100001000100100000111
8996,90,4,31,M111001100000001100000100001100001000100100000111
8997,90,5,1,M111001100000001100000100001100001000100100000111
8998,90,6,20,M111001100000001100000100001100001000100100000111
8999,90,7,2,M111001100000001100000100001100001000100100000111
9000,90,8,19,M111001100000001100000100001100001000100100000111
9001,90,9,13,M111001100000001100000100001100001000100100000111
9002,90,10,8,M111001100000001100000100001100001000100100000111
9003,90,11,27,M111001100000001100000100001100001000100100000111
9004,90,12,17,M111001100000001100000100001100001000100100000111
9005,90,13,30,M111001100000001100000100001100001000100100000111
9006,90,14,28,M111001100000001100000100001100001000100100000111
9007,90,15,0,M111001100000001100000100001100001000100100000111
9008,90,16,26,M111001100000001100000100001100001000100100000111
9009,90,17,5,M111001100000001100000100001100001000100100000111
9010,90,18,14,M111001100000001100000100001100001000100100000111
9011,90,19,21,M111001100000001100000100001100001000100100000111
9012,90,20,18,M111001100000001100000100001100001000100100000111
9013,90,21,25,M111001100000001100000100001100001000100100000111
9014,90,22,4,M111001100000001100000100001100001000100100000111
9015,90,23,16,M111001100000001100000100001100001000100100000111
9016,90,24,15,M111001100000001100000100001100001000100100000111
9017,90,25,7,M111001100000001100000100001100001000100100000111
9018,90,26,29,M111001100000001100000100001100001000100100000111
9019,90,27,12,M111001100000001100000100001100001000100100000111
9020,90,28,9,M111001100000001100000100001100001000100100000111
9021,90,29,10,M111001100000001100000100001100001000100100000111
9022,90,30,3,M111001100000001100000100001100001000100100000111
9023,90,31,22,M111001100000001100000100001100001000100100000111
9024,31,0,8,M011011010011010001100000000100000000000011110011
9025,31,1,16,M011011010011010001100000000100000000000011110011
9026,31,2,5,M011011010011010001100000000100000000000011110011
9027,31,3,3,M011011010011010001100000000100000000000011110011
9028,31,4,23,M011011010011010001100000000100000000000011110011
9029,31,5,11,M011011010011010001100000000100000000000011110011
9030,31,6,31,M011011010011010001100000000100000000000011110011
9031,31,7,10,M011011010011010001100000000100000000000011110011
9032,31,8,6,M011011010011010001100000000100000000000011110011
9033,31,9,17,M011011010011010001100000000100000000000011110011
9034,31,10,18,M011011010011010001100000000100000000000011110011
9035,31,11,14,M011011010011010001100000000100000000000011110011
9036,31,12,29,M011011010011010001100000000100000000000011110011
9037,31,13,12,M011011010011010001100000000100000000000011110011
9038,31,14,22,M011011010011010001100000000100000000000011110011
9039,31,15,24,M011011010011010001100000000100000000000011110011
9040,31,16,25,M011011010011010001100000000100000000000011110011
9041,31,17,26,M011011010011010001100000000100000000000011110011
9042,31,18,9,M011011010011010001100000000100000000000011110011
9043,31,19,2,M011011010011010001100000000100000000000011110011
9044,31,20,21,M011011010011010001100000000100000000000011110011
9045,31,21,19,M011011010011010001100000000100000000000011110011
9046,31,22,27,M011011010011010001100000000100000000000011110011
9047,31,23,7,M011011010011010001100000000100000000000011110011
9048,31,24,30,M011011010011010001100000000100000000000011110011
9049,31,25,13,M011011010011010001100000000100000000000011110011
9050,31,26,4,M011011010011010001100000000100000000000011110011
9051,31,27,28,M011011010011010001100000000100000000000011110011
9052,31,28,0,M011011010011010001100000000100000000000011110011
9053,31,29,1,M011011010011010001100000000100000000000011110011
9054,31,30,20,M011011010011010001100000000100000000000011110011
9055,31,31,15,M011011010011010001100000000100000000000011110011
9056,1,0,24,M011011010101100000000000110100000001010000001101
9057,1,1,26,M011011010101100000000000110100000001010000001101
9058,1,2,4,M011011010101100000000000110100000001010000001101
9059,1,3,30,M011011010101100000000000110100000001010000001101
9060,1,4,27,M011011010101100000000000110100000001010000001101
9061,1,5,29,M011011010101100000000000110100000001010000001101
9062,1,6,8,M011011010101100000000000110100000001010000001101
9063,1,7,16,M011011010101100000000000110100000001010000001101
9064,1,8,9,M011011010101100000000000110100000001010000001101
9065,1,9,15,M011011010101100000000000110100000001010000001101
9066,1,10,31,M011011010101100000000000110100000001010000001101
9067,1,11,17,M011011010101100000000000110100000001010000001101
9068,1,12,0,M011011010101100000000000110100000001010000001101
9069,1,13,6,M011011010101100000000000110100000001010000001101
9070,1,14,19,M011011010101100000000000110100000001010000001101
9071,1,15,21,M011011010101100000000000110100000001010000001101
9072,1,16,3,M011011010101100000000000110100000001010000001101
9073,1,17,2,M011011010101100000000000110100000001010000001101
9074,1,18,11,M011011010101100000000000110100000001010000001101
9075,1,19,13,M011011010101100000000000110100000001010000001101
9076,1,20,12,M011011010101100000000000110100000001010000001101
9077,1,21,10,M011011010101100000000000110100000001010000001101
9078,1,22,22,M011011010101100000000000110100000001010000001101
9079,1,23,23,M011011010101100000000000110100000001010000001101
9080,1,24,18,M011011010101100000000000110100000001010000001101
9081,1,25,28,M011011010101100000000000110100000001010000001101
9082,1,26,20,M011011010101100000000000110100000001010000001101
9083,1,27,1,M011011010101100000000000110100000001010000001101
9084,1,28,14,M011011010101100000000000110100000001010000001101
9085,1,29,5,M011011010101100000000000110100000001010000001101
9086,1,30,7,M011011010101100000000000110100000001010000001101
9087,1,31,25,M011011010101100000000000110100000001010000001101
9088,190,0,31,M111111000100000110010100000000000000011000110010
9089,190,1,1,M111111000100000110010100000000000000011000110010
9090,190,2,6,M111111000100000110010100000000000000011000110010
9091,190,3,10,M111111000100000110010100000000000000011000110010
9092,190,4,16,M111111000100000110010100000000000000011000110010
9093,190,5,28,M111111000100000110010100000000000000011000110010
9094,190,6,30,M111111000100000110010100000000000000011000110010
9095,190,7,19,M111111000100000110010100000000000000011000110010
9096,190,8,24,M111111000100000110010100000000000000011000110010
9097,190,9,7,M111111000100000110010100000000000000011000110010
9098,190,10,20,M111111000100000110010100000000000000011000110010
9099,190,11,8,M111111000100000110010100000000000000011000110010
9100,190,12,5,M111111000100000110010100000000000000011000110010
9101,190,13,17,M111111000100000110010100000000000000011000110010
9102,190,14,29,M111111000100000110010100000000000000011000110010
9103,190,15,22,M111111000100000110010100000000000000011000110010
9104,190,16,15,M111111000100000110010100000000000000011000110010
9105,190,17,13,M111111000100000110010100000000000000011000110010
9106,190,18,0,M111111000100000110010100000000000000011000110010
9107,190,19,4,M111111000100000110010100000000000000011000110010
9108,190,20,9,M111111000100000110010100000000000000011000110010
9109,190,21,14,M111111000100000110010100000000000000011000110010
9110,190,22,2,M111111000100000110010100000000000000011000110010
9111,190,23,27,M111111000100000110010100000000000000011000110010
9112,190,24,26,M111111000100000110010100000000000000011000110010
9113,190,25,23,M111111000100000110010100000000000000011000110010
9114,190,26,21,M111111000100000110010100000000000000011000110010
9115,190,27,3,M111111000100000110010100000000000000011000110010
9116,190,28,12,M111111000100000110010100000000000000011000110010
9117,190,29,18,M111111000100000110010100000000000000011000110010
9118,190,30,25,M111111000100000110010100000000000000011000110010
9119,190,31,11,M111111000100000110010100000000000000011000110010
9120,164,0,25,M000101101011010010000000000000110100000110111001
9121,164,1,26,M000101101011010010000000000000110100000110111001
9122,164,2,15,M000101101011010010000000000000110100000110111001
9123,164,3,12,M000101101011010010000000000000110100000110111001
9124,164,4,1,M000101101011010010000000000000110100000110111001
9125,164,5,2,M000101101011010010000000000000110100000110111001
9126,164,6,4,M000101101011010010000000000000110100000110111001
9127,164,7,5,M000101101011010010000000000000110100000110111001
9128,164,8,11,M000101101011010010000000000000110100000110111001
9129,164,9,13,M000101101011010010000000000000110100000110111001
9130,164,10,22,M000101101011010010000000000000110100000110111001
9131,164,11,20,M000101101011010010000000000000110100000110111001
9132,164,12,0,M000101101011010010000000000000110100000110111001
9133,164,13,28,M000101101011010010000000000000110100000110111001
9134,164,14,3,M000101101011010010000000000000110100000110111001
9135,164,15,30,M000101101011010010000000000000110100000110111001
9136,164,16,24,M000101101011010010000000000000110100000110111001
9137,164,17,6,M000101101011010010000000000000110100000110111001
9138,164,18,7,M000101101011010010000000000000110100000110111001
9139,164,19,17,M000101101011010010000000000000110100000110111001
9140,164,20,27,M000101101011010010000000000000110100000110111001
9141,164,21,8,M000101101011010010000000000000110100000110111001
9142,164,22,18,M000101101011010010000000000000110100000110111001
9143,164,23,21,M000101101011010010000000000000110100000110111001
9144,164,24,9,M000101101011010010000000000000110100000110111001
9145,164,25,19,M000101101011010010000000000000110100000110111001
9146,164,26,31,M000101101011010010000000000000110100000110111001
9147,164,27,29,M000101101011010010000000000000110100000110111001
9148,164,28,16,M000101101011010010000000000000110100000110111001
9149,164,29,14,M000101101011010010000000000000110100000110111001
9150,164,30,23,M000101101011010010000000000000110100000110111001
9151,164,31,10,M000101101011010010000000000000110100000110111001
9152,13,0,0,M011011000000010010000010101011000010000010001101
9153,13,1,16,M011011000000010010000010101011000010000010001101
9154,13,2,31,M011011000000010010000010101011000010000010001101
9155,13,3,12,M011011000000010010000010101011000010000010001101
9156,13,4,24,M011011000000010010000010101011000010000010001101
9157,13,5,23,M011011000000010010000010101011000010000010001101
9158,13,6,21,M011011000000010010000010101011000010000010001101
9159,13,7,19,M011011000000010010000010101011000010000010001101
9160,13,8,27,M011011000000010010000010101011000010000010001101
9161,13,9,7,M011011000000010010000010101011000010000010001101
9162,13,10,28,M011011000000010010000010101011000010000010001101
9163,13,11,5,M011011000000010010000010101011000010000010001101
9164,13,12,22,M011011000000010010000010101011000010000010001101
9165,13,13,6,M011011000000010010000010101011000010000010001101
9166,13,14,9,M011011000000010010000010101011000010000010001101
9167,13,15,10,M011011000000010010000010101011000010000010001101
9168,13,16,30,M011011000000010010000010101011000010000010001101
9169,13,17,15,M011011000000010010000010101011000010000010001101
9170,13,18,13,M011011000000010010000010101011000010000010001101
9171,13,19,26,M011011000000010010000010101011000010000010001101
9172,13,20,29,M011011000000010010000010101011000010000010001101
9173,13,21,11,M011011000000010010000010101011000010000010001101
9174,13,22,18,M011011000000010010000010101011000010000010001101
9175,13,23,14,M011011000000010010000010101011000010000010001101
9176,13,24,2,M011011000000010010000010101011000010000010001101
9177,13,25,8,M011011000000010010000010101011000010000010001101
9178,13,26,1,M011011000000010010000010101011000010000010001101
9179,13,27,4,M011011000000010010000010101011000010000010001101
9180,13,28,3,M011011000000010010000010101011000010000010001101
9181,13,29,17,M011011000000010010000010101011000010000010001101
9182,13,30,25,M011011000000010010000010101011000010000010001101
9183,13,31,20,M011011000000010010000010101011000010000010001101
9184,59,0,6,M010111000001000010000101010010000000000101101110
9185,59,1,15,M010111000001000010000101010010000000000101101110
9186,59,2,8,M010111000001000010000101010010000000000101101110
9187,59,3,16,M010111000001000010000101010010000000000101101110
9188,59,4,30,M010111000001000010000101010010000000000101101110
9189,59,5,20,M010111000001000010000101010010000000000101101110
9190,59,6,7,M010111000001000010000101010010000000000101101110
9191,59,7,17,M010111000001000010000101010010000000000101101110
9192,59,8,4,M010111000001000010000101010010000000000101101110
9193,59,9,21,M010111000001000010000101010010000000000101101110
9194,59,10,13,M010111000001000010000101010010000000000101101110
9195,59,11,2,M010111000001000010000101010010000000000101101110
9196,59,12,31,M010111000001000010000101010010000000000101101110
9197,59,13,0,M010111000001000010000101010010000000000101101110
9198,59,14,3,M010111000001000010000101010010000000000101101110
9199,59,15,5,M010111000001000010000101010010000000000101101110
9200,59,16,27,M010111000001000010000101010010000000000101101110
9201,59,17,14,M010111000001000010000101010010000000000101101110
9202,59,18,29,M010111000001000010000101010010000000000101101110
9203,59,19,26,M010111000001000010000101010010000000000101101110
9204,59,20,25,M010111000001000010000101010010000000000101101110
9205,59,21,9,M010111000001000010000101010010000000000101101110
9206,59,22,23,M010111000001000010000101010010000000000101101110
9207,59,23,12,M010111000001000010000101010010000000000101101110
9208,59,24,19,M010111000001000010000101010010000000000101101110
9209,59,25,1,M010111000001000010000101010010000000000101101110
9210,59,26,22,M010111000001000010000101010010000000000101101110
9211,59,27,10,M010111000001000010000101010010000000000101101110
9212,59,28,11,M010111000001000010000101010010000000000101101110
9213,59,29,18,M010111000001000010000101010010000000000101101110
9214,59,30,24,M010111000001000010000101010010000000000101101110
9215,59,31,28,M010111000001000010000101010010000000000101101110
9216,166,0,18,M011110100011000101000000000010010000100000100111
9217,166,1,27,M011110100011000101000000000010010000100000100111
9218,166,2,1,M011110100011000101000000000010010000100000100111
9219,166,3,9,M011110100011000101000000000010010000100000100111
9220,166,4,24,M011110100011000101000000000010010000100000100111
9221,166,5,17,M011110100011000101000000000010010000100000100111
9222,166,6,22,M011110100011000101000000000010010000100000100111
9223,166,7,5,M011110100011000101000000000010010000100000100111
9224,166,8,4,M011110100011000101000000000010010000100000100111
9225,166,9,11,M011110100011000101000000000010010000100000100111
9226,166,10,20,M011110100011000101000000000010010000100000100111
9227,166,11,7,M011110100011000101000000000010010000100000100111
9228,166,12,2,M011110100011000101000000000010010000100000100111
9229,166,13,13,M011110100011000101000000000010010000100000100111
9230,166,14,0,M011110100011000101000000000010010000100000100111
9231,166,15,8,M011110100011000101000000000010010000100000100111
9232,166,16,21,M011110100011000101000000000010010000100000100111
9233,166,17,29,M011110100011000101000000000010010000100000100111
9234,166,18,31,M011110100011000101000000000010010000100000100111
9235,166,19,3,M011110100011000101000000000010010000100000100111
9236,166,20,6,M011110100011000101000000000010010000100000100111
9237,166,21,19,M011110100011000101000000000010010000100000100111
9238,166,22,30,M011110100011000101000000000010010000100000100111
9239,166,23,10,M011110100011000101000000000010010000100000100111
9240,166,24,25,M011110100011000101000000000010010000100000100111
9241,166,25,23,M011110100011000101000000000010010000100000100111
9242,166,26,16,M011110100011000101000000000010010000100000100111
9243,166,27,28,M011110100011000101000000000010010000100000100111
9244,166,28,12,M011110100011000101000000000010010000100000100111
9245,166,29,15,M011110100011000101000000000010010000100000100111
9246,166,30,14,M011110100011000101000000000010010000100000100111
9247,166,31,26,M011110100011000101000000000010010000100000100111
9248,254,0,0,M010111010000000000100000100000000011001100110111
9249,254,1,23,M010111010000000000100000100000000011001100110111
9250,254,2,4,M010111010000000000100000100000000011001100110111
9251,254,3,11,M010111010000000000100000100000000011001100110111
9252,254,4,3,M010111010000000000100000100000000011001100110111
9253,254,5,7,M010111010000000000100000100000000011001100110111
9254,254,6,30,M010111010000000000100000100000000011001100110111
9255,254,7,13,M010111010000000000100000100000000011001100110111
9256,254,8,2,M010111010000000000100000100000000011001100110111
9257,254,9,24,M010111010000000000100000100000000011001100110111
9258,254,10,9,M010111010000000000100000100000000011001100110111
9259,254,11,5,M010111010000000000100000100000000011001100110111
9260,254,12,16,M010111010000000000100000100000000011001100110111
9261,254,13,6,M010111010000000000100000100000000011001100110111
9262,254,14,10,M010111010000000000100000100000000011001100110111
9263,254,15,8,M010111010000000000100000100000000011001100110111
9264,254,16,14,M010111010000000000100000100000000011001100110111
9265,254,17,1,M010111010000000000100000100000000011001100110111
9266,254,18,15,M010111010000000000100000100000000011001100110111
9267,254,19,21,M010111010000000000100000100000000011001100110111
9268,254,20,27,M010111010000000000100000100000000011001100110111
9269,254,21,12,M010111010000000000100000100000000011001100110111
9270,254,22,22,M010111010000000000100000100000000011001100110111
9271,254,23,17,M010111010000000000100000100000000011001100110111
9272,254,24,19,M010111010000000000100000100000000011001100110111
9273,254,25,20,M010111010000000000100000100000000011001100110111
9274,254,26,18,M010111010000000000100000100000000011001100110111
9275,254,27,28,M010111010000000000100000100000000011001100110111
9276,254,28,25,M010111010000000000100000100000000011001100110111
9277,254,29,26,M010111010000000000100000100000000011001100110111
9278,254,30,31,M010111010000000000100000100000000011001100110111
9279,254,31,29,M010111010000000000100000100000000011001100110111
9280,525,0,20,M101000111000100000010000010000011100000001110011
9281,525,1,21,M101000111000100000010000010000011100000001110011
9282,525,2,14,M101000111000100000010000010000011100000001110011
9283,525,3,28,M101000111000100000010000010000011100000001110011
9284,525,4,25,M101000111000100000010000010000011100000001110011
9285,525,5,8,M101000111000100000010000010000011100000001110011
9286,525,6,29,M101000111000100000010000010000011100000001110011
9287,525,7,26,M101000111000100000010000010000011100000001110011
9288,525,8,23,M101000111000100000010000010000011100000001110011
9289,525,9,9,M101000111000100000010000010000011100000001110011
9290,525,10,31,M101000111000100000010000010000011100000001110011
9291,525,11,18,M101000111000100000010000010000011100000001110011
9292,525,12,1,M101000111000100000010000010000011100000001110011
9293,525,13,10,M101000111000100000010000010000011100000001110011
9294,525,14,19,M101000111000100000010000010000011100000001110011
9295,525,15,24,M101000111000100000010000010000011100000001110011
9296,525,16,30,M101000111000100000010000010000011100000001110011
9297,525,17,2,M101000111000100000010000010000011100000001110011
9298,525,18,6,M101000111000100000010000010000011100000001110011
9299,525,19,17,M101000111000100000010000010000011100000001110011
9300,525,20,27,M101000111000100000010000010000011100000001110011
9301,525,21,16,M101000111000100000010000010000011100000001110011
9302,525,22,4,M101000111000100000010000010000011100000001110011
9303,525,23,22,M101000111000100000010000010000011100000001110011
9304,525,24,15,M101000111000100000010000010000011100000001110011
9305,525,25,7,M101000111000100000010000010000011100000001110011
9306,525,26,5,M101000111000100000010000010000011100000001110011
9307,525,27,12,M101000111000100000010000010000011100000001110011
9308,525,28,3,M101000111000100000010000010000011100000001110011
9309,525,29,11,M101000111000100000010000010000011100000001110011
9310,525,30,13,M101000111000100000010000010000011100000001110011
9311,525,31,0,M101000111000100000010000010000011100000001110011
9312,94,0,17,M000000000000100001011011110000100010010100101101
9313,94,1,13,M000000000000100001011011110000100010010100101101
9314,94,2,18,M000000000000100001011011110000100010010100101101
9315,94,3,27,M000000000000100001011011110000100010010100101101
9316,94,4,29,M000000000000100001011011110000100010010100101101
9317,94,5,3,M000000000000100001011011110000100010010100101101
9318,94,6,5,M000000000000100001011011110000100010010100101101
9319,94,7,24,M000000000000100001011011110000100010010100101101
9320,94,8,12,M000000000000100001011011110000100010010100101101
9321,94,9,20,M000000000000100001011011110000100010010100101101
9322,94,10,19,M000000000000100001011011110000100010010100101101
9323,94,11,30,M000000000000100001011011110000100010010100101101
9324,94,12,6,M000000000000100001011011110000100010010100101101
9325,94,13,28,M000000000000100001011011110000100010010100101101
9326,94,14,10,M000000000000100001011011110000100010010100101101
9327,94,15,15,M000000000000100001011011110000100010010100101101
9328,94,16,0,M000000000000100001011011110000100010010100101101
9329,94,17,4,M000000000000100001011011110000100010010100101101
9330,94,18,25,M000000000000100001011011110000100010010100101101
9331,94,19,26,M000000000000100001011011110000100010010100101101
9332,94,20,1,M000000000000100001011011110000100010010100101101
9333,94,21,14,M000000000000100001011011110000100010010100101101
9334,94,22,9,M000000000000100001011011110000100010010100101101
9335,94,23,22,M000000000000100001011011110000100010010100101101
9336,94,24,8,M000000000000100001011011110000100010010100101101
9337,94,25,21,M000000000000100001011011110000100010010100101101
9338,94,26,16,M000000000000100001011011110000100010010100101101
9339,94,27,31,M000000000000100001011011110000100010010100101101
9340,94,28,7,M000000000000100001011011110000100010010100101101
9341,94,29,23,M000000000000100001011011110000100010010100101101
9342,94,30,11,M000000000000100001011011110000100010010100101101
9343,94,31,2,M000000000000100001011011110000100010010100101101
9344,132,0,16,M101010000001000000000000110100011011010000100111
9345,132,1,13,M101010000001000000000000110100011011010000100111
9346,132,2,18,M101010000001000000000000110100011011010000100111
9347,132,3,20,M101010000001000000000000110100011011010000100111
9348,132,4,31,M101010000001000000000000110100011011010000100111
9349,132,5,9,M101010000001000000000000110100011011010000100111
9350,132,6,30,M101010000001000000000000110100011011010000100111
9351,132,7,15,M101010000001000000000000110100011011010000100111
9352,132,8,25,M101010000001000000000000110100011011010000100111
9353,132,9,7,M101010000001000000000000110100011011010000100111
9354,132,10,19,M101010000001000000000000110100011011010000100111
9355,132,11,12,M101010000001000000000000110100011011010000100111
9356,132,12,1,M101010000001000000000000110100011011010000100111
9357,132,13,23,M101010000001000000000000110100011011010000100111
9358,132,14,2,M101010000001000000000000110100011011010000100111
9359,132,15,4,M101010000001000000000000110100011011010000100111
9360,132,16,17,M101010000001000000000000110100011011010000100111
9361,132,17,21,M101010000001000000000000110100011011010000100111
9362,132,18,28,M101010000001000000000000110100011011010000100111
9363,132,19,14,M101010000001000000000000110100011011010000100111
9364,132,20,5,M101010000001000000000000110100011011010000100111
9365,132,21,8,M101010000001000000000000110100011011010000100111
9366,132,22,24,M101010000001000000000000110100011011010000100111
9367,132,23,0,M101010000001000000000000110100011011010000100111
9368,132,24,22,M101010000001000000000000110100011011010000100111
9369,132,25,10,M101010000001000000000000110100011011010000100111
9370,132,26,26,M101010000001000000000000110100011011010000100111
9371,132,27,29,M101010000001000000000000110100011011010000100111
9372,132,28,6,M101010000001000000000000110100011011010000100111
9373,132,29,27,M101010000001000000000000110100011011010000100111
9374,132,30,3,M101010000001000000000000110100011011010000100111
9375,132,31,11,M101010000001000000000000110100011011010000100111
9408,34,0,16,M000110010110010100000100000000001110101000001011
9409,34,1,6,M000110010110010100000100000000001110101000001011
9410,34,2,28,M000110010110010100000100000000001110101000001011
9411,34,3,20,M000110010110010100000100000000001110101000001011
9412,34,4,9,M000110010110010100000100000000001110101000001011
9413,34,5,0,M000110010110010100000100000000001110101000001011
9414,34,6,27,M000110010110010100000100000000001110101000001011
9415,34,7,10,M000110010110010100000100000000001110101000001011
9416,34,8,12,M000110010110010100000100000000001110101000001011
9417,34,9,21,M000110010110010100000100000000001110101000001011
9418,34,10,8,M000110010110010100000100000000001110101000001011
9419,34,11,19,M000110010110010100000100000000001110101000001011
9420,34,12,31,M000110010110010100000100000000001110101000001011
9421,34,13,1,M000110010110010100000100000000001110101000001011
9422,34,14,2,M000110010110010100000100000000001110101000001011
9423,34,15,26,M000110010110010100000100000000001110101000001011
9424,34,16,5,M000110010110010100000100000000001110101000001011
9425,34,17,13,M000110010110010100000100000000001110101000001011
9426,34,18,18,M000110010110010100000100000000001110101000001011
9427,34,19,25,M000110010110010100000100000000001110101000001011
9428,34,20,3,M000110010110010100000100000000001110101000001011
9429,34,21,24,M000110010110010100000100000000001110101000001011
9430,34,22,30,M000110010110010100000100000000001110101000001011
9431,34,23,4,M000110010110010100000100000000001110101000001011
9432,34,24,17,M000110010110010100000100000000001110101000001011
9433,34,25,14,M000110010110010100000100000000001110101000001011
9434,34,26,15,M000110010110010100000100000000001110101000001011
9435,34,27,23,M000110010110010100000100000000001110101000001011
9436,34,28,29,M000110010110010100000100000000001110101000001011
9437,34,29,11,M000110010110010100000100000000001110101000001011
9438,34,30,22,M000110010110010100000100000000001110101000001011
9439,34,31,7,M000110010110010100000100000000001110101000001011
9472,42,0,16,M111101010101010000000001100000100000000101010001
9473,42,1,3,M111101010101010000000001100000100000000101010001
9474,42,2,12,M111101010101010000000001100000100000000101010001
9475,42,3,18,M111101010101010000000001100000100000000101010001
9476,42,4,21,M111101010101010000000001100000100000000101010001
9477,42,5,4,M111101010101010000000001100000100000000101010001
9478,42,6,29,M111101010101010000000001100000100000000101010001
9479,42,7,27,M111101010101010000000001100000100000000101010001
9480,42,8,26,M111101010101010000000001100000100000000101010001
9481,42,9,0,M111101010101010000000001100000100000000101010001
9482,42,10,23,M111101010101010000000001100000100000000101010001
9483,42,11,7,M111101010101010000000001100000100000000101010001
9484,42,12,15,M111101010101010000000001100000100000000101010001
9485,42,13,30,M111101010101010000000001100000100000000101010001
9486,42,14,22,M111101010101010000000001100000100000000101010001
9487,42,15,28,M111101010101010000000001100000100000000101010001
9488,42,16,14,M111101010101010000000001100000100000000101010001
9489,42,17,25,M111101010101010000000001100000100000000101010001
9490,42,18,6,M111101010101010000000001100000100000000101010001
9491,42,19,2,M111101010101010000000001100000100000000101010001
9492,42,20,20,M111101010101010000000001100000100000000101010001
9493,42,21,24,M111101010101010000000001100000100000000101010001
9494,42,22,8,M111101010101010000000001100000100000000101010001
9495,42,23,31,M111101010101010000000001100000100000000101010001
9496,42,24,11,M111101010101010000000001100000100000000101010001
9497,42,25,13,M111101010101010000000001100000100000000101010001
9498,42,26,9,M111101010101010000000001100000100000000101010001
9499,42,27,10,M111101010101010000000001100000100000000101010001
9500,42,28,5,M111101010101010000000001100000100000000101010001
9501,42,29,19,M111101010101010000000001100000100000000101010001
9502,42,30,17,M111101010101010000000001100000100000000101010001
9503,42,31,1,M111101010101010000000001100000100000000101010001
9504,200,0,20,M010111000000111000110100010000000000001010111000
9505,200,1,8,M010111000000111000110100010000000000001010111000
9506,200,2,10,M010111000000111000110100010000000000001010111000
9507,200,3,9,M010111000000111000110100010000000000001010111000
9508,200,4,22,M010111000000111000110100010000000000001010111000
9509,200,5,6,M010111000000111000110100010000000000001010111000
9510,200,6,21,M010111000000111000110100010000000000001010111000
9511,200,7,17,M010111000000111000110100010000000000001010111000
9512,200,8,2,M010111000000111000110100010000000000001010111000
9513,200,9,4,M010111000000111000110100010000000000001010111000
9514,200,10,31,M010111000000111000110100010000000000001010111000
9515,200,11,30,M010111000000111000110100010000000000001010111000
9516,200,12,24,M010111000000111000110100010000000000001010111000
9517,200,13,7,M010111000000111000110100010000000000001010111000
9518,200,14,28,M010111000000111000110100010000000000001010111000
9519,200,15,16,M010111000000111000110100010000000000001010111000
9520,200,16,25,M010111000000111000110100010000000000001010111000
9521,200,17,26,M010111000000111000110100010000000000001010111000
9522,200,18,15,M010111000000111000110100010000000000001010111000
9523,200,19,27,M010111000000111000110100010000000000001010111000
9524,200,20,13,M010111000000111000110100010000000000001010111000
9525,200,21,12,M010111000000111000110100010000000000001010111000
9526,200,22,0,M010111000000111000110100010000000000001010111000
9527,200,23,19,M010111000000111000110100010000000000001010111000
9528,200,24,1,M010111000000111000110100010000000000001010111000
9529,200,25,5,M010111000000111000110100010000000000001010111000
9530,200,26,3,M010111000000111000110100010000000000001010111000
9531,200,27,29,M010111000000111000110100010000000000001010111000
9532,200,28,11,M010111000000111000110100010000000000001010111000
9533,200,29,18,M010111000000111000110100010000000000001010111000
9534,200,30,14,M010111000000111000110100010000000000001010111000
9535,200,31,23,M010111000000111000110100010000000000001010111000
9536,548,0,22,M110101100000100000001001001011100000101000101000
9537,548,1,1,M110101100000100000001001001011100000101000101000
9538,548,2,21,M110101100000100000001001001011100000101000101000
9539,548,3,25,M110101100000100000001001001011100000101000101000
9540,548,4,11,M110101100000100000001001001011100000101000101000
9541,548,5,6,M110101100000100000001001001011100000101000101000
9542,548,6,0,M110101100000100000001001001011100000101000101000
9543,548,7,31,M110101100000100000001001001011100000101000101000
9544,548,8,18,M110101100000100000001001001011100000101000101000
9545,548,9,15,M110101100000100000001001001011100000101000101000
9546,548,10,24,M110101100000100000001001001011100000101000101000
9547,548,11,23,M110101100000100000001001001011100000101000101000
9548,548,12,20,M110101100000100000001001001011100000101000101000
9549,548,13,17,M110101100000100000001001001011100000101000101000
9550,548,14,8,M110101100000100000001001001011100000101000101000
9551,548,15,14,M110101100000100000001001001011100000101000101000
9552,548,16,29,M110101100000100000001001001011100000101000101000
9553,548,17,12,M110101100000100000001001001011100000101000101000
9554,548,18,13,M110101100000100000001001001011100000101000101000
9555,548,19,7,M110101100000100000001001001011100000101000101000
9556,548,20,19,M110101100000100000001001001011100000101000101000
9557,548,21,3,M110101100000100000001001001011100000101000101000
9558,548,22,16,M110101100000100000001001001011100000101000101000
9559,548,23,30,M110101100000100000001001001011100000101000101000
9560,548,24,9,M110101100000100000001001001011100000101000101000
9561,548,25,2,M110101100000100000001001001011100000101000101000
9562,548,26,27,M110101100000100000001001001011100000101000101000
9563,548,27,10,M110101100000100000001001001011100000101000101000
9564,548,28,28,M110101100000100000001001001011100000101000101000
9565,548,29,26,M110101100000100000001001001011100000101000101000
9566,548,30,5,M110101100000100000001001001011100000101000101000
9567,548,31,4,M110101100000100000001001001011100000101000101000
9568,406,0,9,M101111001000000100101010000010001000000101000110
9569,406,1,14,M101111001000000100101010000010001000000101000110
9570,406,2,18,M101111001000000100101010000010001000000101000110
9571,406,3,13,M101111001000000100101010000010001000000101000110
9572,406,4,15,M101111001000000100101010000010001000000101000110
9573,406,5,3,M101111001000000100101010000010001000000101000110
9574,406,6,5,M101111001000000100101010000010001000000101000110
9575,406,7,4,M101111001000000100101010000010001000000101000110
9576,406,8,28,M101111001000000100101010000010001000000101000110
9577,406,9,16,M101111001000000100101010000010001000000101000110
9578,406,10,26,M101111001000000100101010000010001000000101000110
9579,406,11,30,M101111001000000100101010000010001000000101000110
9580,406,12,20,M101111001000000100101010000010001000000101000110
9581,406,13,22,M101111001000000100101010000010001000000101000110
9582,406,14,25,M101111001000000100101010000010001000000101000110
9583,406,15,17,M101111001000000100101010000010001000000101000110
9584,406,16,2,M101111001000000100101010000010001000000101000110
9585,406,17,23,M101111001000000100101010000010001000000101000110
9586,406,18,21,M101111001000000100101010000010001000000101000110
9587,406,19,12,M101111001000000100101010000010001000000101000110
9588,406,20,6,M101111001000000100101010000010001000000101000110
9589,406,21,29,M101111001000000100101010000010001000000101000110
9590,406,22,11,M101111001000000100101010000010001000000101000110
9591,406,23,19,M101111001000000100101010000010001000000101000110
9592,406,24,8,M101111001000000100101010000010001000000101000110
9593,406,25,7,M101111001000000100101010000010001000000101000110
9594,406,26,0,M101111001000000100101010000010001000000101000110
9595,406,27,1,M101111001000000100101010000010001000000101000110
9596,406,28,24,M101111001000000100101010000010001000000101000110
9597,406,29,10,M101111001000000100101010000010001000000101000110
9598,406,30,31,M101111001000000100101010000010001000000101000110
9599,406,31,27,M101111001000000100101010000010001000000101000110
9632,77,0,11,M010111001101010000001010001010000000000100001110
9633,77,1,7,M010111001101010000001010001010000000000100001110
9634,77,2,8,M010111001101010000001010001010000000000100001110
9635,77,3,25,M010111001101010000001010001010000000000100001110
9636,77,4,12,M010111001101010000001010001010000000000100001110
9637,77,5,5,M010111001101010000001010001010000000000100001110
9638,77,6,27,M010111001101010000001010001010000000000100001110
9639,77,7,14,M010111001101010000001010001010000000000100001110
9640,77,8,26,M010111001101010000001010001010000000000100001110
9641,77,9,20,M010111001101010000001010001010000000000100001110
9642,77,10,31,M010111001101010000001010001010000000000100001110
9643,77,11,22,M010111001101010000001010001010000000000100001110
9644,77,12,28,M010111001101010000001010001010000000000100001110
9645,77,13,0,M010111001101010000001010001010000000000100001110
9646,77,14,15,M010111001101010000001010001010000000000100001110
9647,77,15,23,M010111001101010000001010001010000000000100001110
9648,77,16,3,M010111001101010000001010001010000000000100001110
9649,77,17,30,M010111001101010000001010001010000000000100001110
9650,77,18,29,M010111001101010000001010001010000000000100001110
9651,77,19,13,M010111001101010000001010001010000000000100001110
9652,77,20,6,M010111001101010000001010001010000000000100001110
9653,77,21,10,M010111001101010000001010001010000000000100001110
9654,77,22,19,M010111001101010000001010001010000000000100001110
9655,77,23,17,M010111001101010000001010001010000000000100001110
9656,77,24,18,M010111001101010000001010001010000000000100001110
9657,77,25,24,M010111001101010000001010001010000000000100001110
9658,77,26,4,M010111001101010000001010001010000000000100001110
9659,77,27,21,M010111001101010000001010001010000000000100001110
9660,77,28,9,M010111001101010000001010001010000000000100001110
9661,77,29,2,M010111001101010000001010001010000000000100001110
9662,77,30,1,M010111001101010000001010001010000000000100001110
9663,77,31,16,M010111001101010000001010001010000000000100001110
9664,336,0,27,M010011000010000000000001000000110101001100110111
9665,336,1,10,M010011000010000000000001000000110101001100110111
9666,336,2,20,M010011000010000000000001000000110101001100110111
9667,336,3,28,M010011000010000000000001000000110101001100110111
9668,336,4,25,M010011000010000000000001000000110101001100110111
9669,336,5,7,M010011000010000000000001000000110101001100110111
9670,336,6,31,M010011000010000000000001000000110101001100110111
9671,336,7,26,M010011000010000000000001000000110101001100110111
9672,336,8,16,M010011000010000000000001000000110101001100110111
9673,336,9,22,M010011000010000000000001000000110101001100110111
9674,336,10,3,M010011000010000000000001000000110101001100110111
9675,336,11,13,M010011000010000000000001000000110101001100110111
9676,336,12,5,M010011000010000000000001000000110101001100110111
9677,336,13,29,M010011000010000000000001000000110101001100110111
9678,336,14,6,M010011000010000000000001000000110101001100110111
9679,336,15,2,M010011000010000000000001000000110101001100110111
9680,336,16,23,M010011000010000000000001000000110101001100110111
9681,336,17,0,M010011000010000000000001000000110101001100110111
9682,336,18,9,M010011000010000000000001000000110101001100110111
9683,336,19,17,M010011000010000000000001000000110101001100110111
9684,336,20,8,M010011000010000000000001000000110101001100110111
9685,336,21,14,M010011000010000000000001000000110101001100110111
9686,336,22,19,M010011000010000000000001000000110101001100110111
9687,336,23,21,M010011000010000000000001000000110101001100110111
9688,336,24,30,M010011000010000000000001000000110101001100110111
9689,336,25,11,M010011000010000000000001000000110101001100110111
9690,336,26,24,M010011000010000000000001000000110101001100110111
9691,336,27,18,M010011000010000000000001000000110101001100110111
9692,336,28,1,M010011000010000000000001000000110101001100110111
9693,336,29,4,M010011000010000000000001000000110101001100110111
9694,336,30,15,M010011000010000000000001000000110101001100110111
9695,336,31,12,M010011000010000000000001000000110101001100110111
9696,209,0,11,M011110100000000010001001010100001000001010100110
9697,209,1,9,M011110100000000010001001010100001000001010100110
9698,209,2,25,M011110100000000010001001010100001000001010100110
9699,209,3,22,M011110100000000010001001010100001000001010100110
9700,209,4,5,M011110100000000010001001010100001000001010100110
9701,209,5,16,M011110100000000010001001010100001000001010100110
9702,209,6,18,M011110100000000010001001010100001000001010100110
9703,209,7,0,M011110100000000010001001010100001000001010100110
9704,209,8,1,M011110100000000010001001010100001000001010100110
9705,209,9,19,M011110100000000010001001010100001000001010100110
9706,209,10,7,M011110100000000010001001010100001000001010100110
9707,209,11,14,M011110100000000010001001010100001000001010100110
9708,209,12,13,M011110100000000010001001010100001000001010100110
9709,209,13,27,M011110100000000010001001010100001000001010100110
9710,209,14,10,M011110100000000010001001010100001000001010100110
9711,209,15,29,M011110100000000010001001010100001000001010100110
9712,209,16,26,M011110100000000010001001010100001000001010100110
9713,209,17,4,M011110100000000010001001010100001000001010100110
9714,209,18,31,M011110100000000010001001010100001000001010100110
9715,209,19,20,M011110100000000010001001010100001000001010100110
9716,209,20,2,M011110100000000010001001010100001000001010100110
9717,209,21,15,M011110100000000010001001010100001000001010100110
9718,209,22,3,M011110100000000010001001010100001000001010100110
9719,209,23,28,M011110100000000010001001010100001000001010100110
9720,209,24,21,M011110100000000010001001010100001000001010100110
9721,209,25,30,M011110100000000010001001010100001000001010100110
9722,209,26,6,M011110100000000010001001010100001000001010100110
9723,209,27,12,M011110100000000010001001010100001000001010100110
9724,209,28,17,M011110100000000010001001010100001000001010100110
9725,209,29,8,M011110100000000010001001010100001000001010100110
9726,209,30,23,M011110100000000010001001010100001000001010100110
9727,209,31,24,M011110100000000010001001010100001000001010100110
9760,348,0,24,M101011000010100000010001100100000000001000111101
9761,348,1,0,M101011000010100000010001100100000000001000111101
9762,348,2,26,M101011000010100000010001100100000000001000111101
9763,348,3,23,M101011000010100000010001100100000000001000111101
9764,348,4,20,M101011000010100000010001100100000000001000111101
9765,348,5,14,M101011000010100000010001100100000000001000111101
9766,348,6,8,M101011000010100000010001100100000000001000111101
9767,348,7,3,M101011000010100000010001100100000000001000111101
9768,348,8,17,M101011000010100000010001100100000000001000111101
9769,348,9,4,M101011000010100000010001100100000000001000111101
9770,348,10,19,M101011000010100000010001100100000000001000111101
9771,348,11,9,M101011000010100000010001100100000000001000111101
9772,348,12,12,M101011000010100000010001100100000000001000111101
9773,348,13,15,M101011000010100000010001100100000000001000111101
9774,348,14,27,M101011000010100000010001100100000000001000111101
9775,348,15,18,M101011000010100000010001100100000000001000111101
9776,348,16,22,M101011000010100000010001100100000000001000111101
9777,348,17,5,M101011000010100000010001100100000000001000111101
9778,348,18,11,M101011000010100000010001100100000000001000111101
9779,348,19,31,M101011000010100000010001100100000000001000111101
9780,348,20,16,M101011000010100000010001100100000000001000111101
9781,348,21,29,M101011000010100000010001100100000000001000111101
9782,348,22,2,M101011000010100000010001100100000000001000111101
9783,348,23,10,M101011000010100000010001100100000000001000111101
9784,348,24,1,M101011000010100000010001100100000000001000111101
9785,348,25,28,M101011000010100000010001100100000000001000111101
9786,348,26,30,M101011000010100000010001100100000000001000111101
9787,348,27,13,M101011000010100000010001100100000000001000111101
9788,348,28,7,M101011000010100000010001100100000000001000111101
9789,348,29,6,M101011000010100000010001100100000000001000111101
9790,348,30,25,M101011000010100000010001100100000000001000111101
9791,348,31,21,M101011000010100000010001100100000000001000111101
9792,497,0,17,M111101000000000010000001001000110001000100101011
9793,497,1,7,M111101000000000010000001001000110001000100101011
9794,497,2,24,M111101000000000010000001001000110001000100101011
9795,497,3,29,M111101000000000010000001001000110001000100101011
9796,497,4,31,M111101000000000010000001001000110001000100101011
9797,497,5,14,M111101000000000010000001001000110001000100101011
9798,497,6,19,M111101000000000010000001001000110001000100101011
9799,497,7,3,M111101000000000010000001001000110001000100101011
9800,497,8,20,M111101000000000010000001001000110001000100101011
9801,497,9,15,M111101000000000010000001001000110001000100101011
9802,497,10,18,M111101000000000010000001001000110001000100101011
9803,497,11,8,M111101000000000010000001001000110001000100101011
9804,497,12,27,M111101000000000010000001001000110001000100101011
9805,497,13,2,M111101000000000010000001001000110001000100101011
9806,497,14,5,M111101000000000010000001001000110001000100101011
9807,497,15,23,M111101000000000010000001001000110001000100101011
9808,497,16,12,M111101000000000010000001001000110001000100101011
9809,497,17,25,M111101000000000010000001001000110001000100101011
9810,497,18,28,M111101000000000010000001001000110001000100101011
9811,497,19,9,M111101000000000010000001001000110001000100101011
9812,497,20,21,M111101000000000010000001001000110001000100101011
9813,497,21,1,M111101000000000010000001001000110001000100101011
9814,497,22,22,M111101000000000010000001001000110001000100101011
9815,497,23,16,M111101000000000010000001001000110001000100101011
9816,497,24,30,M111101000000000010000001001000110001000100101011
9817,497,25,26,M111101000000000010000001001000110001000100101011
9818,497,26,11,M111101000000000010000001001000110001000100101011
9819,497,27,6,M111101000000000010000001001000110001000100101011
9820,497,28,13,M111101000000000010000001001000110001000100101011
9821,497,29,0,M111101000000000010000001001000110001000100101011
9822,497,30,10,M111101000000000010000001001000110001000100101011
9823,497,31,4,M111101000000000010000001001000110001000100101011
9824,330,0,15,M111001000000100100010100101000000000000101101101
9825,330,1,4,M111001000000100100010100101000000000000101101101
9826,330,2,24,M111001000000100100010100101000000000000101101101
9827,330,3,21,M111001000000100100010100101000000000000101101101
9828,330,4,19,M111001000000100100010100101000000000000101101101
9829,330,5,31,M111001000000100100010100101000000000000101101101
9830,330,6,22,M111001000000100100010100101000000000000101101101
9831,330,7,2,M111001000000100100010100101000000000000101101101
9832,330,8,20,M111001000000100100010100101000000000000101101101
9833,330,9,29,M111001000000100100010100101000000000000101101101
9834,330,10,1,M111001000000100100010100101000000000000101101101
9835,330,11,6,M111001000000100100010100101000000000000101101101
9836,330,12,13,M111001000000100100010100101000000000000101101101
9837,330,13,5,M111001000000100100010100101000000000000101101101
9838,330,14,12,M111001000000100100010100101000000000000101101101
9839,330,15,17,M111001000000100100010100101000000000000101101101
9840,330,16,9,M111001000000100100010100101000000000000101101101
9841,330,17,23,M111001000000100100010100101000000000000101101101
9842,330,18,8,M111001000000100100010100101000000000000101101101
9843,330,19,11,M111001000000100100010100101000000000000101101101
9844,330,20,27,M111001000000100100010100101000000000000101101101
9845,330,21,16,M111001000000100100010100101000000000000101101101
9846,330,22,3,M111001000000100100010100101000000000000101101101
9847,330,23,28,M111001000000100100010100101000000000000101101101
9848,330,24,10,M111001000000100100010100101000000000000101101101
9849,330,25,25,M111001000000100100010100101000000000000101101101
9850,330,26,7,M111001000000100100010100101000000000000101101101
9851,330,27,18,M111001000000100100010100101000000000000101101101
9852,330,28,0,M111001000000100100010100101000000000000101101101
9853,330,29,26,M111001000000100100010100101000000000000101101101
9854,330,30,30,M111001000000100100010100101000000000000101101101
9855,330,31,14,M111001000000100100010100101000000000000101101101
9856,369,0,31,M100110100001000000010001100010000000100001010111
9857,369,1,14,M100110100001000000010001100010000000100001010111
9858,369,2,25,M100110100001000000010001100010000000100001010111
9859,369,3,12,M100110100001000000010001100010000000100001010111
9860,369,4,22,M100110100001000000010001100010000000100001010111
9861,369,5,30,M100110100001000000010001100010000000100001010111
9862,369,6,20,M100110100001000000010001100010000000100001010111
9863,369,7,19,M100110100001000000010001100010000000100001010111
9864,369,8,1,M100110100001000000010001100010000000100001010111
9865,369,9,11,M100110100001000000010001100010000000100001010111
9866,369,10,15,M100110100001000000010001100010000000100001010111
9867,369,11,24,M100110100001000000010001100010000000100001010111
9868,369,12,9,M100110100001000000010001100010000000100001010111
9869,369,13,18,M100110100001000000010001100010000000100001010111
9870,369,14,0,M100110100001000000010001100010000000100001010111
9871,369,15,26,M100110100001000000010001100010000000100001010111
9872,369,16,13,M100110100001000000010001100010000000100001010111
9873,369,17,17,M100110100001000000010001100010000000100001010111
9874,369,18,10,M100110100001000000010001100010000000100001010111
9875,369,19,7,M100110100001000000010001100010000000100001010111
9876,369,20,27,M100110100001000000010001100010000000100001010111
9877,369,21,4,M100110100001000000010001100010000000100001010111
9878,369,22,3,M100110100001000000010001100010000000100001010111
9879,369,23,23,M100110100001000000010001100010000000100001010111
9880,369,24,28,M100110100001000000010001100010000000100001010111
9881,369,25,2,M100110100001000000010001100010000000100001010111
9882,369,26,5,M100110100001000000010001100010000000100001010111
9883,369,27,16,M100110100001000000010001100010000000100001010111
9884,369,28,6,M100110100001000000010001100010000000100001010111
9885,369,29,8,M100110100001000000010001100010000000100001010111
9886,369,30,21,M100110100001000000010001100010000000100001010111
9887,369,31,29,M100110100001000000010001100010000000100001010111
9888,335,0,7,M001110110100001000100001011000001000100001000110
9889,335,1,1,M001110110100001000100001011000001000100001000110
9890,335,2,19,M001110110100001000100001011000001000100001000110
9891,335,3,16,M001110110100001000100001011000001000100001000110
9892,335,4,6,M001110110100001000100001011000001000100001000110
9893,335,5,20,M001110110100001000100001011000001000100001000110
9894,335,6,0,M001110110100001000100001011000001000100001000110
9895,335,7,10,M001110110100001000100001011000001000100001000110
9896,335,8,3,M001110110100001000100001011000001000100001000110
9897,335,9,22,M001110110100001000100001011000001000100001000110
9898,335,10,23,M001110110100001000100001011000001000100001000110
9899,335,11,30,M001110110100001000100001011000001000100001000110
9900,335,12,8,M001110110100001000100001011000001000100001000110
9901,335,13,17,M001110110100001000100001011000001000100001000110
9902,335,14,12,M001110110100001000100001011000001000100001000110
9903,335,15,5,M001110110100001000100001011000001000100001000110
9904,335,16,15,M001110110100001000100001011000001000100001000110
9905,335,17,13,M001110110100001000100001011000001000100001000110
9906,335,18,2,M001110110100001000100001011000001000100001000110
9907,335,19,31,M001110110100001000100001011000001000100001000110
9908,335,20,21,M001110110100001000100001011000001000100001000110
9909,335,21,11,M001110110100001000100001011000001000100001000110
9910,335,22,25,M001110110100001000100001011000001000100001000110
9911,335,23,27,M001110110100001000100001011000001000100001000110
9912,335,24,18,M001110110100001000100001011000001000100001000110
9913,335,25,29,M001110110100001000100001011000001000100001000110
9914,335,26,28,M001110110100001000100001011000001000100001000110
9915,335,27,4,M001110110100001000100001011000001000100001000110
9916,335,28,26,M001110110100001000100001011000001000100001000110
9917,335,29,9,M001110110100001000100001011000001000100001000110
9918,335,30,14,M001110110100001000100001011000001000100001000110
9919,335,31,24,M001110110100001000100001011000001000100001000110
9920,413,0,20,M011100100100010000011010001101000000011000101000
9921,413,1,12,M011100100100010000011010001101000000011000101000
9922,413,2,26,M011100100100010000011010001101000000011000101000
9923,413,3,30,M011100100100010000011010001101000000011000101000
9924,413,4,11,M011100100100010000011010001101000000011000101000
9925,413,5,16,M011100100100010000011010001101000000011000101000
9926,413,6,0,M011100100100010000011010001101000000011000101000
9927,413,7,21,M011100100100010000011010001101000000011000101000
9928,413,8,10,M011100100100010000011010001101000000011000101000
9929,413,9,14,M011100100100010000011010001101000000011000101000
9930,413,10,8,M011100100100010000011010001101000000011000101000
9931,413,11,1,M011100100100010000011010001101000000011000101000
9932,413,12,31,M011100100100010000011010001101000000011000101000
9933,413,13,4,M011100100100010000011010001101000000011000101000
9934,413,14,3,M011100100100010000011010001101000000011000101000
9935,413,15,22,M011100100100010000011010001101000000011000101000
9936,413,16,23,M011100100100010000011010001101000000011000101000
9937,413,17,24,M011100100100010000011010001101000000011000101000
9938,413,18,19,M011100100100010000011010001101000000011000101000
9939,413,19,2,M011100100100010000011010001101000000011000101000
9940,413,20,9,M011100100100010000011010001101000000011000101000
9941,413,21,7,M011100100100010000011010001101000000011000101000
9942,413,22,5,M011100100100010000011010001101000000011000101000
9943,413,23,28,M011100100100010000011010001101000000011000101000
9944,413,24,25,M011100100100010000011010001101000000011000101000
9945,413,25,6,M011100100100010000011010001101000000011000101000
9946,413,26,13,M011100100100010000011010001101000000011000101000
9947,413,27,18,M011100100100010000011010001101000000011000101000
9948,413,28,17,M011100100100010000011010001101000000011000101000
9949,413,29,29,M011100100100010000011010001101000000011000101000
9950,413,30,27,M011100100100010000011010001101000000011000101000
9951,413,31,15,M011100100100010000011010001101000000011000101000
10016,48,0,5,M101010010010010000100101000100000100100001100101
10017,48,1,17,M101010010010010000100101000100000100100001100101
10018,48,2,22,M101010010010010000100101000100000100100001100101
10019,48,3,21,M101010010010010000100101000100000100100001100101
10020,48,4,30,M101010010010010000100101000100000100100001100101
10021,48,5,25,M101010010010010000100101000100000100100001100101
10022,48,6,11,M101010010010010000100101000100000100100001100101
10023,48,7,28,M101010010010010000100101000100000100100001100101
10024,48,8,10,M101010010010010000100101000100000100100001100101
10025,48,9,0,M101010010010010000100101000100000100100001100101
10026,48,10,12,M101010010010010000100101000100000100100001100101
10027,48,11,14,M101010010010010000100101000100000100100001100101
10028,48,12,4,M101010010010010000100101000100000100100001100101
10029,48,13,18,M101010010010010000100101000100000100100001100101
10030,48,14,1,M101010010010010000100101000100000100100001100101
10031,48,15,23,M101010010010010000100101000100000100100001100101
10032,48,16,8,M101010010010010000100101000100000100100001100101
10033,48,17,15,M101010010010010000100101000100000100100001100101
10034,48,18,3,M101010010010010000100101000100000100100001100101
10035,48,19,16,M101010010010010000100101000100000100100001100101
10036,48,20,31,M101010010010010000100101000100000100100001100101
10037,48,21,7,M101010010010010000100101000100000100100001100101
10038,48,22,26,M101010010010010000100101000100000100100001100101
10039,48,23,6,M101010010010010000100101000100000100100001100101
10040,48,24,20,M101010010010010000100101000100000100100001100101
10041,48,25,9,M101010010010010000100101000100000100100001100101
10042,48,26,13,M101010010010010000100101000100000100100001100101
10043,48,27,19,M101010010010010000100101000100000100100001100101
10044,48,28,24,M101010010010010000100101000100000100100001100101
10045,48,29,29,M101010010010010000100101000100000100100001100101
10046,48,30,27,M101010010010010000100101000100000100100001100101
10047,48,31,2,M101010010010010000100101000100000100100001100101
10048,108,0,9,M101111010010000000000100010000011000000000011111
10049,108,1,6,M101111010010000000000100010000011000000000011111
10050,108,2,19,M101111010010000000000100010000011000000000011111
10051,108,3,29,M101111010010000000000100010000011000000000011111
10052,108,4,21,M101111010010000000000100010000011000000000011111
10053,108,5,15,M101111010010000000000100010000011000000000011111
10054,108,6,17,M101111010010000000000100010000011000000000011111
10055,108,7,5,M101111010010000000000100010000011000000000011111
10056,108,8,20,M101111010010000000000100010000011000000000011111
10057,108,9,16,M101111010010000000000100010000011000000000011111
10058,108,10,25,M101111010010000000000100010000011000000000011111
10059,108,11,22,M101111010010000000000100010000011000000000011111
10060,108,12,1,M101111010010000000000100010000011000000000011111
10061,108,13,10,M101111010010000000000100010000011000000000011111
10062,108,14,0,M101111010010000000000100010000011000000000011111
10063,108,15,2,M101111010010000000000100010000011000000000011111
10064,108,16,4,M101111010010000000000100010000011000000000011111
10065,108,17,18,M101111010010000000000100010000011000000000011111
10066,108,18,12,M101111010010000000000100010000011000000000011111
10067,108,19,31,M101111010010000000000100010000011000000000011111
10068,108,20,3,M101111010010000000000100010000011000000000011111
10069,108,21,23,M101111010010000000000100010000011000000000011111
10070,108,22,7,M101111010010000000000100010000011000000000011111
10071,108,23,14,M101111010010000000000100010000011000000000011111
10072,108,24,24,M101111010010000000000100010000011000000000011111
10073,108,25,30,M101111010010000000000100010000011000000000011111
10074,108,26,11,M101111010010000000000100010000011000000000011111
10075,108,27,27,M101111010010000000000100010000011000000000011111
10076,108,28,13,M101111010010000000000100010000011000000000011111
10077,108,29,26,M101111010010000000000100010000011000000000011111
10078,108,30,8,M101111010010000000000100010000011000000000011111
10079,108,31,28,M101111010010000000000100010000011000000000011111
10112,89,0,11,M111000001011101000000000001010110100000000100110
10113,89,1,27,M111000001011101000000000001010110100000000100110
10114,89,2,21,M111000001011101000000000001010110100000000100110
10115,89,3,19,M111000001011101000000000001010110100000000100110
10116,89,4,5,M111000001011101000000000001010110100000000100110
10117,89,5,25,M111000001011101000000000001010110100000000100110
10118,89,6,4,M111000001011101000000000001010110100000000100110
10119,89,7,3,M111000001011101000000000001010110100000000100110
10120,89,8,17,M111000001011101000000000001010110100000000100110
10121,89,9,14,M111000001011101000000000001010110100000000100110
10122,89,10,7,M111000001011101000000000001010110100000000100110
10123,89,11,29,M111000001011101000000000001010110100000000100110
10124,89,12,13,M111000001011101000000000001010110100000000100110
10125,89,13,20,M111000001011101000000000001010110100000000100110
10126,89,14,28,M111000001011101000000000001010110100000000100110
10127,89,15,16,M111000001011101000000000001010110100000000100110
10128,89,16,6,M111000001011101000000000001010110100000000100110
10129,89,17,0,M111000001011101000000000001010110100000000100110
10130,89,18,12,M111000001011101000000000001010110100000000100110
10131,89,19,1,M111000001011101000000000001010110100000000100110
10132,89,20,18,M111000001011101000000000001010110100000000100110
10133,89,21,2,M111000001011101000000000001010110100000000100110
10134,89,22,24,M111000001011101000000000001010110100000000100110
10135,89,23,31,M111000001011101000000000001010110100000000100110
10136,89,24,26,M111000001011101000000000001010110100000000100110
10137,89,25,22,M111000001011101000000000001010110100000000100110
10138,89,26,9,M111000001011101000000000001010110100000000100110
10139,89,27,30,M111000001011101000000000001010110100000000100110
10140,89,28,23,M111000001011101000000000001010110100000000100110
10141,89,29,15,M111000001011101000000000001010110100000000100110
10142,89,30,10,M111000001011101000000000001010110100000000100110
10143,89,31,8,M111000001011101000000000001010110100000000100110
10144,428,0,22,M011101001010000010100111000000000001000001000111
10145,428,1,12,M011101001010000010100111000000000001000001000111
10146,428,2,25,M011101001010000010100111000000000001000001000111
10147,428,3,18,M011101001010000010100111000000000001000001000111
10148,428,4,9,M011101001010000010100111000000000001000001000111
10149,428,5,11,M011101001010000010100111000000000001000001000111
10150,428,6,0,M011101001010000010100111000000000001000001000111
10151,428,7,7,M011101001010000010100111000000000001000001000111
10152,428,8,16,M011101001010000010100111000000000001000001000111
10153,428,9,26,M011101001010000010100111000000000001000001000111
10154,428,10,27,M011101001010000010100111000000000001000001000111
10155,428,11,8,M011101001010000010100111000000000001000001000111
10156,428,12,10,M011101001010000010100111000000000001000001000111
10157,428,13,20,M011101001010000010100111000000000001000001000111
10158,428,14,19,M011101001010000010100111000000000001000001000111
10159,428,15,24,M011101001010000010100111000000000001000001000111
10160,428,16,2,M011101001010000010100111000000000001000001000111
10161,428,17,1,M011101001010000010100111000000000001000001000111
10162,428,18,30,M011101001010000010100111000000000001000001000111
10163,428,19,23,M011101001010000010100111000000000001000001000111
10164,428,20,31,M011101001010000010100111000000000001000001000111
10165,428,21,13,M011101001010000010100111000000000001000001000111
10166,428,22,6,M011101001010000010100111000000000001000001000111
10167,428,23,4,M011101001010000010100111000000000001000001000111
10168,428,24,3,M011101001010000010100111000000000001000001000111
10169,428,25,5,M011101001010000010100111000000000001000001000111
10170,428,26,17,M011101001010000010100111000000000001000001000111
10171,428,27,14,M011101001010000010100111000000000001000001000111
10172,428,28,21,M011101001010000010100111000000000001000001000111
10173,428,29,15,M011101001010000010100111000000000001000001000111
10174,428,30,28,M011101001010000010100111000000000001000001000111
10175,428,31,29,M011101001010000010100111000000000001000001000111
10176,152,0,27,M001011010000101101000000000010001000001001110011
10177,152,1,6,M001011010000101101000000000010001000001001110011
10178,152,2,3,M001011010000101101000000000010001000001001110011
10179,152,3,2,M001011010000101101000000000010001000001001110011
10180,152,4,8,M001011010000101101000000000010001000001001110011
10181,152,5,11,M001011010000101101000000000010001000001001110011
10182,152,6,5,M001011010000101101000000000010001000001001110011
10183,152,7,16,M001011010000101101000000000010001000001001110011
10184,152,8,23,M001011010000101101000000000010001000001001110011
10185,152,9,29,M001011010000101101000000000010001000001001110011
10186,152,10,12,M001011010000101101000000000010001000001001110011
10187,152,11,28,M001011010000101101000000000010001000001001110011
10188,152,12,13,M001011010000101101000000000010001000001001110011
10189,152,13,14,M001011010000101101000000000010001000001001110011
10190,152,14,21,M001011010000101101000000000010001000001001110011
10191,152,15,22,M001011010000101101000000000010001000001001110011
10192,152,16,10,M001011010000101101000000000010001000001001110011
10193,152,17,1,M001011010000101101000000000010001000001001110011
10194,152,18,7,M001011010000101101000000000010001000001001110011
10195,152,19,25,M001011010000101101000000000010001000001001110011
10196,152,20,0,M001011010000101101000000000010001000001001110011
10197,152,21,26,M001011010000101101000000000010001000001001110011
10198,152,22,17,M001011010000101101000000000010001000001001110011
10199,152,23,19,M001011010000101101000000000010001000001001110011
10200,152,24,18,M001011010000101101000000000010001000001001110011
10201,152,25,4,M001011010000101101000000000010001000001001110011
10202,152,26,31,M001011010000101101000000000010001000001001110011
10203,152,27,30,M001011010000101101000000000010001000001001110011
10204,152,28,9,M001011010000101101000000000010001000001001110011
10205,152,29,15,M001011010000101101000000000010001000001001110011
10206,152,30,24,M001011010000101101000000000010001000001001110011
10207,152,31,20,M001011010000101101000000000010001000001001110011
10208,425,0,4,M101110100000000010001001000000110111000010100010
10209,425,1,27,M101110100000000010001001000000110111000010100010
10210,425,2,31,M101110100000000010001001000000110111000010100010
10211,425,3,24,M101110100000000010001001000000110111000010100010
10212,425,4,18,M101110100000000010001001000000110111000010100010
10213,425,5,8,M101110100000000010001001000000110111000010100010
10214,425,6,17,M101110100000000010001001000000110111000010100010
10215,425,7,16,M101110100000000010001001000000110111000010100010
10216,425,8,6,M101110100000000010001001000000110111000010100010
10217,425,9,15,M101110100000000010001001000000110111000010100010
10218,425,10,26,M101110100000000010001001000000110111000010100010
10219,425,11,30,M101110100000000010001001000000110111000010100010
10220,425,12,28,M101110100000000010001001000000110111000010100010
10221,425,13,13,M101110100000000010001001000000110111000010100010
10222,425,14,19,M101110100000000010001001000000110111000010100010
10223,425,15,9,M101110100000000010001001000000110111000010100010
10224,425,16,29,M101110100000000010001001000000110111000010100010
10225,425,17,11,M101110100000000010001001000000110111000010100010
10226,425,18,2,M101110100000000010001001000000110111000010100010
10227,425,19,23,M101110100000000010001001000000110111000010100010
10228,425,20,10,M101110100000000010001001000000110111000010100010
10229,425,21,22,M101110100000000010001001000000110111000010100010
10230,425,22,25,M101110100000000010001001000000110111000010100010
10231,425,23,1,M101110100000000010001001000000110111000010100010
10232,425,24,14,M101110100000000010001001000000110111000010100010
10233,425,25,3,M101110100000000010001001000000110111000010100010
10234,425,26,7,M101110100000000010001001000000110111000010100010
10235,425,27,21,M101110100000000010001001000000110111000010100010
10236,425,28,0,M101110100000000010001001000000110111000010100010
10237,425,29,5,M101110100000000010001001000000110111000010100010
10238,425,30,20,M101110100000000010001001000000110111000010100010
10239,425,31,12,M101110100000000010001001000000110111000010100010
10272,277,0,12,M011111000000000000010000000101111000100000101111
10273,277,1,11,M011111000000000000010000000101111000100000101111
10274,277,2,8,M011111000000000000010000000101111000100000101111
10275,277,3,21,M011111000000000000010000000101111000100000101111
10276,277,4,5,M011111000000000000010000000101111000100000101111
10277,277,5,30,M011111000000000000010000000101111000100000101111
10278,277,6,20,M011111000000000000010000000101111000100000101111
10279,277,7,28,M011111000000000000010000000101111000100000101111
10280,277,8,14,M011111000000000000010000000101111000100000101111
10281,277,9,10,M011111000000000000010000000101111000100000101111
10282,277,10,29,M011111000000000000010000000101111000100000101111
10283,277,11,27,M011111000000000000010000000101111000100000101111
10284,277,12,16,M011111000000000000010000000101111000100000101111
10285,277,13,18,M011111000000000000010000000101111000100000101111
10286,277,14,17,M011111000000000000010000000101111000100000101111
10287,277,15,0,M011111000000000000010000000101111000100000101111
10288,277,16,13,M011111000000000000010000000101111000100000101111
10289,277,17,19,M011111000000000000010000000101111000100000101111
10290,277,18,25,M011111000000000000010000000101111000100000101111
10291,277,19,15,M011111000000000000010000000101111000100000101111
10292,277,20,26,M011111000000000000010000000101111000100000101111
10293,277,21,24,M011111000000000000010000000101111000100000101111
10294,277,22,2,M011111000000000000010000000101111000100000101111
10295,277,23,4,M011111000000000000010000000101111000100000101111
10296,277,24,9,M011111000000000000010000000101111000100000101111
10297,277,25,22,M011111000000000000010000000101111000100000101111
10298,277,26,6,M011111000000000000010000000101111000100000101111
10299,277,27,3,M011111000000000000010000000101111000100000101111
10300,277,28,31,M011111000000000000010000000101111000100000101111
10301,277,29,1,M011111000000000000010000000101111000100000101111
10302,277,30,23,M011111000000000000010000000101111000100000101111
10303,277,31,7,M011111000000000000010000000101111000100000101111
10336,225,0,1,M100111000000010000110001000001001001001110101000
10337,225,1,20,M100111000000010000110001000001001001001110101000
10338,225,2,9,M100111000000010000110001000001001001001110101000
10339,225,3,2,M100111000000010000110001000001001001001110101000
10340,225,4,10,M100111000000010000110001000001001001001110101000
10341,225,5,21,M100111000000010000110001000001001001001110101000
10342,225,6,24,M100111000000010000110001000001001001001110101000
10343,225,7,18,M100111000000010000110001000001001001001110101000
10344,225,8,11,M100111000000010000110001000001001001001110101000
10345,225,9,22,M100111000000010000110001000001001001001110101000
10346,225,10,5,M100111000000010000110001000001001001001110101000
10347,225,11,6,M100111000000010000110001000001001001001110101000
10348,225,12,12,M100111000000010000110001000001001001001110101000
10349,225,13,29,M100111000000010000110001000001001001001110101000
10350,225,14,19,M100111000000010000110001000001001001001110101000
10351,225,15,28,M100111000000010000110001000001001001001110101000
10352,225,16,16,M100111000000010000110001000001001001001110101000
10353,225,17,17,M100111000000010000110001000001001001001110101000
10354,225,18,13,M100111000000010000110001000001001001001110101000
10355,225,19,0,M100111000000010000110001000001001001001110101000
10356,225,20,3,M100111000000010000110001000001001001001110101000
10357,225,21,26,M100111000000010000110001000001001001001110101000
10358,225,22,4,M100111000000010000110001000001001001001110101000
10359,225,23,14,M100111000000010000110001000001001001001110101000
10360,225,24,15,M100111000000010000110001000001001001001110101000
10361,225,25,7,M100111000000010000110001000001001001001110101000
10362,225,26,31,M100111000000010000110001000001001001001110101000
10363,225,27,8,M100111000000010000110001000001001001001110101000
10364,225,28,27,M100111000000010000110001000001001001001110101000
10365,225,29,25,M100111000000010000110001000001001001001110101000
10366,225,30,23,M100111000000010000110001000001001001001110101000
10367,225,31,30,M100111000000010000110001000001001001001110101000
10368,509,0,1,M111001001010000000001010101000000001000001100111
10369,509,1,5,M111001001010000000001010101000000001000001100111
10370,509,2,22,M111001001010000000001010101000000001000001100111
10371,509,3,3,M111001001010000000001010101000000001000001100111
10372,509,4,26,M111001001010000000001010101000000001000001100111
10373,509,5,11,M111001001010000000001010101000000001000001100111
10374,509,6,18,M111001001010000000001010101000000001000001100111
10375,509,7,9,M111001001010000000001010101000000001000001100111
10376,509,8,16,M111001001010000000001010101000000001000001100111
10377,509,9,0,M111001001010000000001010101000000001000001100111
10378,509,10,7,M111001001010000000001010101000000001000001100111
10379,509,11,28,M111001001010000000001010101000000001000001100111
10380,509,12,21,M111001001010000000001010101000000001000001100111
10381,509,13,19,M111001001010000000001010101000000001000001100111
10382,509,14,29,M111001001010000000001010101000000001000001100111
10383,509,15,23,M111001001010000000001010101000000001000001100111
10384,509,16,2,M111001001010000000001010101000000001000001100111
10385,509,17,20,M111001001010000000001010101000000001000001100111
10386,509,18,27,M111001001010000000001010101000000001000001100111
10387,509,19,4,M111001001010000000001010101000000001000001100111
10388,509,20,31,M111001001010000000001010101000000001000001100111
10389,509,21,15,M111001001010000000001010101000000001000001100111
10390,509,22,24,M111001001010000000001010101000000001000001100111
10391,509,23,14,M111001001010000000001010101000000001000001100111
10392,509,24,13,M111001001010000000001010101000000001000001100111
10393,509,25,8,M111001001010000000001010101000000001000001100111
10394,509,26,25,M111001001010000000001010101000000001000001100111
10395,509,27,10,M111001001010000000001010101000000001000001100111
10396,509,28,12,M111001001010000000001010101000000001000001100111
10397,509,29,30,M111001001010000000001010101000000001000001100111
10398,509,30,17,M111001001010000000001010101000000001000001100111
10399,509,31,6,M111001001010000000001010101000000001000001100111
10400,180,0,10,M110001010100000100000001000101001100100001101100
10401,180,1,5,M110001010100000100000001000101001100100001101100
10402,180,2,18,M110001010100000100000001000101001100100001101100
10403,180,3,12,M110001010100000100000001000101001100100001101100
10404,180,4,17,M110001010100000100000001000101001100100001101100
10405,180,5,0,M110001010100000100000001000101001100100001101100
10406,180,6,23,M110001010100000100000001000101001100100001101100
10407,180,7,16,M110001010100000100000001000101001100100001101100
10408,180,8,9,M110001010100000100000001000101001100100001101100
10409,180,9,2,M110001010100000100000001000101001100100001101100
10410,180,10,27,M110001010100000100000001000101001100100001101100
10411,180,11,14,M110001010100000100000001000101001100100001101100
10412,180,12,30,M110001010100000100000001000101001100100001101100
10413,180,13,4,M110001010100000100000001000101001100100001101100
10414,180,14,31,M110001010100000100000001000101001100100001101100
10415,180,15,26,M110001010100000100000001000101001100100001101100
10416,180,16,8,M110001010100000100000001000101001100100001101100
10417,180,17,24,M110001010100000100000001000101001100100001101100
10418,180,18,21,M110001010100000100000001000101001100100001101100
10419,180,19,25,M110001010100000100000001000101001100100001101100
10420,180,20,22,M110001010100000100000001000101001100100001101100
10421,180,21,11,M110001010100000100000001000101001100100001101100
10422,180,22,15,M110001010100000100000001000101001100100001101100
10423,180,23,29,M110001010100000100000001000101001100100001101100
10424,180,24,1,M110001010100000100000001000101001100100001101100
10425,180,25,3,M110001010100000100000001000101001100100001101100
10426,180,26,28,M110001010100000100000001000101001100100001101100
10427,180,27,13,M110001010100000100000001000101001100100001101100
10428,180,28,7,M110001010100000100000001000101001100100001101100
10429,180,29,6,M110001010100000100000001000101001100100001101100
10430,180,30,20,M110001010100000100000001000101001100100001101100
10431,180,31,19,M110001010100000100000001000101001100100001101100
10432,259,0,27,M101100000010100110000010000000000000101101101101
10433,259,1,2,M101100000010100110000010000000000000101101101101
10434,259,2,30,M101100000010100110000010000000000000101101101101
10435,259,3,11,M101100000010100110000010000000000000101101101101
10436,259,4,29,M101100000010100110000010000000000000101101101101
10437,259,5,21,M101100000010100110000010000000000000101101101101
10438,259,6,24,M101100000010100110000010000000000000101101101101
10439,259,7,7,M101100000010100110000010000000000000101101101101
10440,259,8,25,M101100000010100110000010000000000000101101101101
10441,259,9,12,M101100000010100110000010000000000000101101101101
10442,259,10,31,M101100000010100110000010000000000000101101101101
10443,259,11,5,M101100000010100110000010000000000000101101101101
10444,259,12,9,M101100000010100110000010000000000000101101101101
10445,259,13,19,M101100000010100110000010000000000000101101101101
10446,259,14,3,M101100000010100110000010000000000000101101101101
10447,259,15,26,M101100000010100110000010000000000000101101101101
10448,259,16,28,M101100000010100110000010000000000000101101101101
10449,259,17,0,M101100000010100110000010000000000000101101101101
10450,259,18,10,M101100000010100110000010000000000000101101101101
10451,259,19,17,M101100000010100110000010000000000000101101101101
10452,259,20,20,M101100000010100110000010000000000000101101101101
10453,259,21,18,M101100000010100110000010000000000000101101101101
10454,259,22,1,M101100000010100110000010000000000000101101101101
10455,259,23,13,M101100000010100110000010000000000000101101101101
10456,259,24,4,M101100000010100110000010000000000000101101101101
10457,259,25,14,M101100000010100110000010000000000000101101101101
10458,259,26,22,M101100000010100110000010000000000000101101101101
10459,259,27,15,M101100000010100110000010000000000000101101101101
10460,259,28,16,M101100000010100110000010000000000000101101101101
10461,259,29,8,M101100000010100110000010000000000000101101101101
10462,259,30,6,M101100000010100110000010000000000000101101101101
10463,259,31,23,M101100000010100110000010000000000000101101101101
10464,561,0,12,M111110100000001100010000000111000000000000101101
10465,561,1,29,M111110100000001100010000000111000000000000101101
10466,561,2,30,M111110100000001100010000000111000000000000101101
10467,561,3,3,M111110100000001100010000000111000000000000101101
10468,561,4,4,M111110100000001100010000000111000000000000101101
10469,561,5,17,M111110100000001100010000000111000000000000101101
10470,561,6,18,M111110100000001100010000000111000000000000101101
10471,561,7,7,M111110100000001100010000000111000000000000101101
10472,561,8,6,M111110100000001100010000000111000000000000101101
10473,561,9,14,M111110100000001100010000000111000000000000101101
10474,561,10,13,M111110100000001100010000000111000000000000101101
10475,561,11,25,M111110100000001100010000000111000000000000101101
10476,561,12,10,M111110100000001100010000000111000000000000101101
10477,561,13,11,M111110100000001100010000000111000000000000101101
10478,561,14,19,M111110100000001100010000000111000000000000101101
10479,561,15,2,M111110100000001100010000000111000000000000101101
10480,561,16,31,M111110100000001100010000000111000000000000101101
10481,561,17,8,M111110100000001100010000000111000000000000101101
10482,561,18,20,M111110100000001100010000000111000000000000101101
10483,561,19,0,M111110100000001100010000000111000000000000101101
10484,561,20,26,M111110100000001100010000000111000000000000101101
10485,561,21,21,M111110100000001100010000000111000000000000101101
10486,561,22,22,M111110100000001100010000000111000000000000101101
10487,561,23,16,M111110100000001100010000000111000000000000101101
10488,561,24,28,M111110100000001100010000000111000000000000101101
10489,561,25,9,M111110100000001100010000000111000000000000101101
10490,561,26,5,M111110100000001100010000000111000000000000101101
10491,561,27,23,M111110100000001100010000000111000000000000101101
10492,561,28,27,M111110100000001100010000000111000000000000101101
10493,561,29,24,M111110100000001100010000000111000000000000101101
10494,561,30,15,M111110100000001100010000000111000000000000101101
10495,561,31,1,M111110100000001100010000000111000000000000101101
10496,133,0,17,M100000001000100011110100110001000000010000111001
10497,133,1,13,M100000001000100011110100110001000000010000111001
10498,133,2,14,M100000001000100011110100110001000000010000111001
10499,133,3,4,M100000001000100011110100110001000000010000111001
10500,133,4,6,M100000001000100011110100110001000000010000111001
10501,133,5,25,M100000001000100011110100110001000000010000111001
10502,133,6,29,M100000001000100011110100110001000000010000111001
10503,133,7,31,M100000001000100011110100110001000000010000111001
10504,133,8,21,M100000001000100011110100110001000000010000111001
10505,133,9,7,M100000001000100011110100110001000000010000111001
10506,133,10,0,M100000001000100011110100110001000000010000111001
10507,133,11,24,M100000001000100011110100110001000000010000111001
10508,133,12,28,M100000001000100011110100110001000000010000111001
10509,133,13,15,M100000001000100011110100110001000000010000111001
10510,133,14,22,M100000001000100011110100110001000000010000111001
10511,133,15,2,M100000001000100011110100110001000000010000111001
10512,133,16,11,M100000001000100011110100110001000000010000111001
10513,133,17,23,M100000001000100011110100110001000000010000111001
10514,133,18,26,M100000001000100011110100110001000000010000111001
10515,133,19,18,M100000001000100011110100110001000000010000111001
10516,133,20,8,M100000001000100011110100110001000000010000111001
10517,133,21,10,M100000001000100011110100110001000000010000111001
10518,133,22,3,M100000001000100011110100110001000000010000111001
10519,133,23,1,M100000001000100011110100110001000000010000111001
10520,133,24,5,M100000001000100011110100110001000000010000111001
10521,133,25,30,M100000001000100011110100110001000000010000111001
10522,133,26,16,M100000001000100011110100110001000000010000111001
10523,133,27,20,M100000001000100011110100110001000000010000111001
10524,133,28,9,M100000001000100011110100110001000000010000111001
10525,133,29,19,M100000001000100011110100110001000000010000111001
10526,133,30,12,M100000001000100011110100110001000000010000111001
10527,133,31,27,M100000001000100011110100110001000000010000111001
10528,229,0,11,M001101000110000000001000110000001000110100111100
10529,229,1,5,M001101000110000000001000110000001000110100111100
10530,229,2,13,M001101000110000000001000110000001000110100111100
10531,229,3,30,M001101000110000000001000110000001000110100111100
10532,229,4,2,M001101000110000000001000110000001000110100111100
10533,229,5,25,M001101000110000000001000110000001000110100111100
10534,229,6,16,M001101000110000000001000110000001000110100111100
10535,229,7,20,M001101000110000000001000110000001000110100111100
10536,229,8,29,M001101000110000000001000110000001000110100111100
10537,229,9,19,M001101000110000000001000110000001000110100111100
10538,229,10,9,M001101000110000000001000110000001000110100111100
10539,229,11,6,M001101000110000000001000110000001000110100111100
10540,229,12,14,M001101000110000000001000110000001000110100111100
10541,229,13,1,M001101000110000000001000110000001000110100111100
10542,229,14,12,M001101000110000000001000110000001000110100111100
10543,229,15,0,M001101000110000000001000110000001000110100111100
10544,229,16,21,M001101000110000000001000110000001000110100111100
10545,229,17,15,M001101000110000000001000110000001000110100111100
10546,229,18,3,M001101000110000000001000110000001000110100111100
10547,229,19,23,M001101000110000000001000110000001000110100111100
10548,229,20,8,M001101000110000000001000110000001000110100111100
10549,229,21,4,M001101000110000000001000110000001000110100111100
10550,229,22,18,M001101000110000000001000110000001000110100111100
10551,229,23,28,M001101000110000000001000110000001000110100111100
10552,229,24,31,M001101000110000000001000110000001000110100111100
10553,229,25,26,M001101000110000000001000110000001000110100111100
10554,229,26,10,M001101000110000000001000110000001000110100111100
10555,229,27,22,M001101000110000000001000110000001000110100111100
10556,229,28,27,M001101000110000000001000110000001000110100111100
10557,229,29,17,M001101000110000000001000110000001000110100111100
10558,229,30,24,M001101000110000000001000110000001000110100111100
10559,229,31,7,M001101000110000000001000110000001000110100111100
10560,60,0,2,M111101000010011000000000000110101000000010110001
10561,60,1,10,M111101000010011000000000000110101000000010110001
10562,60,2,30,M111101000010011000000000000110101000000010110001
10563,60,3,5,M111101000010011000000000000110101000000010110001
10564,60,4,28,M111101000010011000000000000110101000000010110001
10565,60,5,19,M111101000010011000000000000110101000000010110001
10566,60,6,9,M111101000010011000000000000110101000000010110001
10567,60,7,11,M111101000010011000000000000110101000000010110001
10568,60,8,4,M111101000010011000000000000110101000000010110001
10569,60,9,0,M111101000010011000000000000110101000000010110001
10570,60,10,13,M111101000010011000000000000110101000000010110001
10571,60,11,12,M111101000010011000000000000110101000000010110001
10572,60,12,27,M111101000010011000000000000110101000000010110001
10573,60,13,20,M111101000010011000000000000110101000000010110001
10574,60,14,17,M111101000010011000000000000110101000000010110001
10575,60,15,21,M111101000010011000000000000110101000000010110001
10576,60,16,15,M111101000010011000000000000110101000000010110001
10577,60,17,1,M111101000010011000000000000110101000000010110001
10578,60,18,7,M111101000010011000000000000110101000000010110001
10579,60,19,18,M111101000010011000000000000110101000000010110001
10580,60,20,22,M111101000010011000000000000110101000000010110001
10581,60,21,26,M111101000010011000000000000110101000000010110001
10582,60,22,8,M111101000010011000000000000110101000000010110001
10583,60,23,6,M111101000010011000000000000110101000000010110001
10584,60,24,14,M111101000010011000000000000110101000000010110001
10585,60,25,16,M111101000010011000000000000110101000000010110001
10586,60,26,24,M111101000010011000000000000110101000000010110001
10587,60,27,3,M111101000010011000000000000110101000000010110001
10588,60,28,31,M111101000010011000000000000110101000000010110001
10589,60,29,23,M111101000010011000000000000110101000000010110001
10590,60,30,29,M111101000010011000000000000110101000000010110001
10591,60,31,25,M111101000010011000000000000110101000000010110001
10592,36,0,2,M001000000110000000101101100010100010100001101100
10593,36,1,21,M001000000110000000101101100010100010100001101100
10594,36,2,23,M001000000110000000101101100010100010100001101100
10595,36,3,8,M001000000110000000101101100010100010100001101100
10596,36,4,10,M001000000110000000101101100010100010100001101100
10597,36,5,24,M001000000110000000101101100010100010100001101100
10598,36,6,28,M001000000110000000101101100010100010100001101100
10599,36,7,13,M001000000110000000101101100010100010100001101100
10600,36,8,16,M001000000110000000101101100010100010100001101100
10601,36,9,1,M001000000110000000101101100010100010100001101100
10602,36,10,26,M001000000110000000101101100010100010100001101100
10603,36,11,14,M001000000110000000101101100010100010100001101100
10604,36,12,3,M001000000110000000101101100010100010100001101100
10605,36,13,22,M001000000110000000101101100010100010100001101100
10606,36,14,7,M001000000110000000101101100010100010100001101100
10607,36,15,4,M001000000110000000101101100010100010100001101100
10608,36,16,6,M001000000110000000101101100010100010100001101100
10609,36,17,0,M001000000110000000101101100010100010100001101100
10610,36,18,27,M001000000110000000101101100010100010100001101100
10611,36,19,20,M001000000110000000101101100010100010100001101100
10612,36,20,30,M001000000110000000101101100010100010100001101100
10613,36,21,31,M001000000110000000101101100010100010100001101100
10614,36,22,18,M001000000110000000101101100010100010100001101100
10615,36,23,29,M001000000110000000101101100010100010100001101100
10616,36,24,25,M001000000110000000101101100010100010100001101100
10617,36,25,5,M001000000110000000101101100010100010100001101100
10618,36,26,11,M001000000110000000101101100010100010100001101100
10619,36,27,9,M001000000110000000101101100010100010100001101100
10620,36,28,17,M001000000110000000101101100010100010100001101100
10621,36,29,15,M001000000110000000101101100010100010100001101100
10622,36,30,19,M001000000110000000101101100010100010100001101100
10623,36,31,12,M001000000110000000101101100010100010100001101100
10624,441,0,19,M101101000011100000100010001000000100100001111010
10625,441,1,13,M101101000011100000100010001000000100100001111010
10626,441,2,15,M101101000011100000100010001000000100100001111010
10627,441,3,0,M101101000011100000100010001000000100100001111010
10628,441,4,25,M101101000011100000100010001000000100100001111010
10629,441,5,5,M101101000011100000100010001000000100100001111010
10630,441,6,28,M101101000011100000100010001000000100100001111010
10631,441,7,17,M101101000011100000100010001000000100100001111010
10632,441,8,27,M101101000011100000100010001000000100100001111010
10633,441,9,24,M101101000011100000100010001000000100100001111010
10634,441,10,14,M101101000011100000100010001000000100100001111010
10635,441,11,29,M101101000011100000100010001000000100100001111010
10636,441,12,11,M101101000011100000100010001000000100100001111010
10637,441,13,3,M101101000011100000100010001000000100100001111010
10638,441,14,7,M101101000011100000100010001000000100100001111010
10639,441,15,30,M101101000011100000100010001000000100100001111010
10640,441,16,23,M101101000011100000100010001000000100100001111010
10641,441,17,18,M101101000011100000100010001000000100100001111010
10642,441,18,9,M101101000011100000100010001000000100100001111010
10643,441,19,20,M101101000011100000100010001000000100100001111010
10644,441,20,21,M101101000011100000100010001000000100100001111010
10645,441,21,26,M101101000011100000100010001000000100100001111010
10646,441,22,10,M101101000011100000100010001000000100100001111010
10647,441,23,12,M101101000011100000100010001000000100100001111010
10648,441,24,22,M101101000011100000100010001000000100100001111010
10649,441,25,6,M101101000011100000100010001000000100100001111010
10650,441,26,4,M101101000011100000100010001000000100100001111010
10651,441,27,8,M101101000011100000100010001000000100100001111010
10652,441,28,16,M101101000011100000100010001000000100100001111010
10653,441,29,1,M101101000011100000100010001000000100100001111010
10654,441,30,31,M101101000011100000100010001000000100100001111010
10655,441,31,2,M101101000011100000100010001000000100100001111010
10656,576,0,2,M001110000010001100101000000101011000000000101011
10657,576,1,30,M001110000010001100101000000101011000000000101011
10658,576,2,15,M001110000010001100101000000101011000000000101011
10659,576,3,10,M001110000010001100101000000101011000000000101011
10660,576,4,12,M001110000010001100101000000101011000000000101011
10661,576,5,18,M001110000010001100101000000101011000000000101011
10662,576,6,19,M001110000010001100101000000101011000000000101011
10663,576,7,25,M001110000010001100101000000101011000000000101011
10664,576,8,9,M001110000010001100101000000101011000000000101011
10665,576,9,14,M001110000010001100101000000101011000000000101011
10666,576,10,1,M001110000010001100101000000101011000000000101011
10667,576,11,20,M001110000010001100101000000101011000000000101011
10668,576,12,16,M001110000010001100101000000101011000000000101011
10669,576,13,3,M001110000010001100101000000101011000000000101011
10670,576,14,23,M001110000010001100101000000101011000000000101011
10671,576,15,24,M001110000010001100101000000101011000000000101011
10672,576,16,13,M001110000010001100101000000101011000000000101011
10673,576,17,0,M001110000010001100101000000101011000000000101011
10674,576,18,5,M001110000010001100101000000101011000000000101011
10675,576,19,6,M001110000010001100101000000101011000000000101011
10676,576,20,31,M001110000010001100101000000101011000000000101011
10677,576,21,22,M001110000010001100101000000101011000000000101011
10678,576,22,4,M001110000010001100101000000101011000000000101011
10679,576,23,27,M001110000010001100101000000101011000000000101011
10680,576,24,11,M001110000010001100101000000101011000000000101011
10681,576,25,26,M001110000010001100101000000101011000000000101011
10682,576,26,21,M001110000010001100101000000101011000000000101011
10683,576,27,8,M001110000010001100101000000101011000000000101011
10684,576,28,28,M001110000010001100101000000101011000000000101011
10685,576,29,17,M001110000010001100101000000101011000000000101011
10686,576,30,29,M001110000010001100101000000101011000000000101011
10687,576,31,7,M001110000010001100101000000101011000000000101011
10688,171,0,27,M011110000000000001100101010100000000000001110111
10689,171,1,16,M011110000000000001100101010100000000000001110111
10690,171,2,22,M011110000000000001100101010100000000000001110111
10691,171,3,2,M011110000000000001100101010100000000000001110111
10692,171,4,21,M011110000000000001100101010100000000000001110111
10693,171,5,30,M011110000000000001100101010100000000000001110111
10694,171,6,29,M011110000000000001100101010100000000000001110111
10695,171,7,25,M011110000000000001100101010100000000000001110111
10696,171,8,8,M011110000000000001100101010100000000000001110111
10697,171,9,5,M011110000000000001100101010100000000000001110111
10698,171,10,6,M011110000000000001100101010100000000000001110111
10699,171,11,20,M011110000000000001100101010100000000000001110111
10700,171,12,9,M011110000000000001100101010100000000000001110111
10701,171,13,4,M011110000000000001100101010100000000000001110111
10702,171,14,12,M011110000000000001100101010100000000000001110111
10703,171,15,7,M011110000000000001100101010100000000000001110111
10704,171,16,23,M011110000000000001100101010100000000000001110111
10705,171,17,15,M011110000000000001100101010100000000000001110111
10706,171,18,1,M011110000000000001100101010100000000000001110111
10707,171,19,28,M011110000000000001100101010100000000000001110111
10708,171,20,17,M011110000000000001100101010100000000000001110111
10709,171,21,10,M011110000000000001100101010100000000000001110111
10710,171,22,31,M011110000000000001100101010100000000000001110111
10711,171,23,26,M011110000000000001100101010100000000000001110111
10712,171,24,19,M011110000000000001100101010100000000000001110111
10713,171,25,0,M011110000000000001100101010100000000000001110111
10714,171,26,13,M011110000000000001100101010100000000000001110111
10715,171,27,11,M011110000000000001100101010100000000000001110111
10716,171,28,14,M011110000000000001100101010100000000000001110111
10717,171,29,3,M011110000000000001100101010100000000000001110111
10718,171,30,18,M011110000000000001100101010100000000000001110111
10719,171,31,24,M011110000000000001100101010100000000000001110111
10720,140,0,29,M001001000000000101001100100001100001100000101111
10721,140,1,19,M001001000000000101001100100001100001100000101111
10722,140,2,26,M001001000000000101001100100001100001100000101111
10723,140,3,20,M001001000000000101001100100001100001100000101111
10724,140,4,4,M001001000000000101001100100001100001100000101111
10725,140,5,5,M001001000000000101001100100001100001100000101111
10726,140,6,31,M001001000000000101001100100001100001100000101111
10727,140,7,13,M001001000000000101001100100001100001100000101111
10728,140,8,2,M001001000000000101001100100001100001100000101111
10729,140,9,24,M001001000000000101001100100001100001100000101111
10730,140,10,12,M001001000000000101001100100001100001100000101111
10731,140,11,1,M001001000000000101001100100001100001100000101111
10732,140,12,10,M001001000000000101001100100001100001100000101111
10733,140,13,7,M001001000000000101001100100001100001100000101111
10734,140,14,27,M001001000000000101001100100001100001100000101111
10735,140,15,6,M001001000000000101001100100001100001100000101111
10736,140,16,11,M001001000000000101001100100001100001100000101111
10737,140,17,22,M001001000000000101001100100001100001100000101111
10738,140,18,18,M001001000000000101001100100001100001100000101111
10739,140,19,21,M001001000000000101001100100001100001100000101111
10740,140,20,14,M001001000000000101001100100001100001100000101111
10741,140,21,25,M001001000000000101001100100001100001100000101111
10742,140,22,3,M001001000000000101001100100001100001100000101111
10743,140,23,0,M001001000000000101001100100001100001100000101111
10744,140,24,15,M001001000000000101001100100001100001100000101111
10745,140,25,16,M001001000000000101001100100001100001100000101111
10746,140,26,9,M001001000000000101001100100001100001100000101111
10747,140,27,8,M001001000000000101001100100001100001100000101111
10748,140,28,28,M001001000000000101001100100001100001100000101111
10749,140,29,17,M001001000000000101001100100001100001100000101111
10750,140,30,30,M001001000000000101001100100001100001100000101111
10751,140,31,23,M001001000000000101001100100001100001100000101111
10752,435,0,30,M001101000000001100111001000010001000000000110111
10753,435,1,8,M001101000000001100111001000010001000000000110111
10754,435,2,24,M001101000000001100111001000010001000000000110111
10755,435,3,28,M001101000000001100111001000010001000000000110111
10756,435,4,26,M001101000000001100111001000010001000000000110111
10757,435,5,29,M001101000000001100111001000010001000000000110111
10758,435,6,3,M001101000000001100111001000010001000000000110111
10759,435,7,13,M001101000000001100111001000010001000000000110111
10760,435,8,18,M001101000000001100111001000010001000000000110111
10761,435,9,11,M001101000000001100111001000010001000000000110111
10762,435,10,20,M001101000000001100111001000010001000000000110111
10763,435,11,5,M001101000000001100111001000010001000000000110111
10764,435,12,9,M001101000000001100111001000010001000000000110111
10765,435,13,25,M001101000000001100111001000010001000000000110111
10766,435,14,21,M001101000000001100111001000010001000000000110111
10767,435,15,31,M001101000000001100111001000010001000000000110111
10768,435,16,15,M001101000000001100111001000010001000000000110111
10769,435,17,6,M001101000000001100111001000010001000000000110111
10770,435,18,2,M001101000000001100111001000010001000000000110111
10771,435,19,0,M001101000000001100111001000010001000000000110111
10772,435,20,12,M001101000000001100111001000010001000000000110111
10773,435,21,14,M001101000000001100111001000010001000000000110111
10774,435,22,27,M001101000000001100111001000010001000000000110111
10775,435,23,16,M001101000000001100111001000010001000000000110111
10776,435,24,10,M001101000000001100111001000010001000000000110111
10777,435,25,7,M001101000000001100111001000010001000000000110111
10778,435,26,17,M001101000000001100111001000010001000000000110111
10779,435,27,22,M001101000000001100111001000010001000000000110111
10780,435,28,19,M001101000000001100111001000010001000000000110111
10781,435,29,4,M001101000000001100111001000010001000000000110111
10782,435,30,23,M001101000000001100111001000010001000000000110111
10783,435,31,1,M001101000000001100111001000010001000000000110111
10784,230,0,6,M111000100000110010011101100000010010000010100000
10785,230,1,5,M111000100000110010011101100000010010000010100000
10786,230,2,7,M111000100000110010011101100000010010000010100000
10787,230,3,24,M111000100000110010011101100000010010000010100000
10788,230,4,4,M111000100000110010011101100000010010000010100000
10789,230,5,20,M111000100000110010011101100000010010000010100000
10790,230,6,26,M111000100000110010011101100000010010000010100000
10791,230,7,22,M111000100000110010011101100000010010000010100000
10792,230,8,3,M111000100000110010011101100000010010000010100000
10793,230,9,1,M111000100000110010011101100000010010000010100000
10794,230,10,11,M111000100000110010011101100000010010000010100000
10795,230,11,25,M111000100000110010011101100000010010000010100000
10796,230,12,18,M111000100000110010011101100000010010000010100000
10797,230,13,16,M111000100000110010011101100000010010000010100000
10798,230,14,21,M111000100000110010011101100000010010000010100000
10799,230,15,15,M111000100000110010011101100000010010000010100000
10800,230,16,23,M111000100000110010011101100000010010000010100000
10801,230,17,12,M111000100000110010011101100000010010000010100000
10802,230,18,2,M111000100000110010011101100000010010000010100000
10803,230,19,28,M111000100000110010011101100000010010000010100000
10804,230,20,30,M111000100000110010011101100000010010000010100000
10805,230,21,14,M111000100000110010011101100000010010000010100000
10806,230,22,8,M111000100000110010011101100000010010000010100000
10807,230,23,13,M111000100000110010011101100000010010000010100000
10808,230,24,19,M111000100000110010011101100000010010000010100000
10809,230,25,17,M111000100000110010011101100000010010000010100000
10810,230,26,31,M111000100000110010011101100000010010000010100000
10811,230,27,10,M111000100000110010011101100000010010000010100000
10812,230,28,29,M111000100000110010011101100000010010000010100000
10813,230,29,9,M111000100000110010011101100000010010000010100000
10814,230,30,27,M111000100000110010011101100000010010000010100000
10815,230,31,0,M111000100000110010011101100000010010000010100000
10816,111,0,26,M101100000100010010000000111100010101000000001011
10817,111,1,9,M101100000100010010000000111100010101000000001011
10818,111,2,4,M101100000100010010000000111100010101000000001011
10819,111,3,18,M101100000100010010000000111100010101000000001011
10820,111,4,0,M101100000100010010000000111100010101000000001011
10821,111,5,8,M101100000100010010000000111100010101000000001011
10822,111,6,20,M101100000100010010000000111100010101000000001011
10823,111,7,28,M101100000100010010000000111100010101000000001011
10824,111,8,21,M101100000100010010000000111100010101000000001011
10825,111,9,16,M101100000100010010000000111100010101000000001011
10826,111,10,24,M101100000100010010000000111100010101000000001011
10827,111,11,25,M101100000100010010000000111100010101000000001011
10828,111,12,10,M101100000100010010000000111100010101000000001011
10829,111,13,2,M101100000100010010000000111100010101000000001011
10830,111,14,14,M101100000100010010000000111100010101000000001011
10831,111,15,1,M101100000100010010000000111100010101000000001011
10832,111,16,13,M101100000100010010000000111100010101000000001011
10833,111,17,31,M101100000100010010000000111100010101000000001011
10834,111,18,5,M101100000100010010000000111100010101000000001011
10835,111,19,7,M101100000100010010000000111100010101000000001011
10836,111,20,11,M101100000100010010000000111100010101000000001011
10837,111,21,6,M101100000100010010000000111100010101000000001011
10838,111,22,30,M101100000100010010000000111100010101000000001011
10839,111,23,23,M101100000100010010000000111100010101000000001011
10840,111,24,17,M101100000100010010000000111100010101000000001011
10841,111,25,3,M101100000100010010000000111100010101000000001011
10842,111,26,29,M101100000100010010000000111100010101000000001011
10843,111,27,22,M101100000100010010000000111100010101000000001011
10844,111,28,15,M101100000100010010000000111100010101000000001011
10845,111,29,19,M101100000100010010000000111100010101000000001011
10846,111,30,12,M101100000100010010000000111100010101000000001011
10847,111,31,27,M101100000100010010000000111100010101000000001011
10880,142,0,28,M011111111110010000000000000010010000000001001001
10881,142,1,7,M011111111110010000000000000010010000000001001001
10882,142,2,29,M011111111110010000000000000010010000000001001001
10883,142,3,1,M011111111110010000000000000010010000000001001001
10884,142,4,24,M011111111110010000000000000010010000000001001001
10885,142,5,9,M011111111110010000000000000010010000000001001001
10886,142,6,26,M011111111110010000000000000010010000000001001001
10887,142,7,15,M011111111110010000000000000010010000000001001001
10888,142,8,16,M011111111110010000000000000010010000000001001001
10889,142,9,22,M011111111110010000000000000010010000000001001001
10890,142,10,31,M011111111110010000000000000010010000000001001001
10891,142,11,8,M011111111110010000000000000010010000000001001001
10892,142,12,21,M011111111110010000000000000010010000000001001001
10893,142,13,30,M011111111110010000000000000010010000000001001001
10894,142,14,14,M011111111110010000000000000010010000000001001001
10895,142,15,0,M011111111110010000000000000010010000000001001001
10896,142,16,3,M011111111110010000000000000010010000000001001001
10897,142,17,2,M011111111110010000000000000010010000000001001001
10898,142,18,10,M011111111110010000000000000010010000000001001001
10899,142,19,4,M011111111110010000000000000010010000000001001001
10900,142,20,25,M011111111110010000000000000010010000000001001001
10901,142,21,17,M011111111110010000000000000010010000000001001001
10902,142,22,6,M011111111110010000000000000010010000000001001001
10903,142,23,12,M011111111110010000000000000010010000000001001001
10904,142,24,27,M011111111110010000000000000010010000000001001001
10905,142,25,20,M011111111110010000000000000010010000000001001001
10906,142,26,11,M011111111110010000000000000010010000000001001001
10907,142,27,18,M011111111110010000000000000010010000000001001001
10908,142,28,13,M011111111110010000000000000010010000000001001001
10909,142,29,23,M011111111110010000000000000010010000000001001001
10910,142,30,5,M011111111110010000000000000010010000000001001001
10911,142,31,19,M011111111110010000000000000010010000000001001001
10912,163,0,26,M101110101000100100010010001001000000000000010111
10913,163,1,14,M101110101000100100010010001001000000000000010111
10914,163,2,12,M101110101000100100010010001001000000000000010111
10915,163,3,21,M101110101000100100010010001001000000000000010111
10916,163,4,24,M101110101000100100010010001001000000000000010111
10917,163,5,23,M101110101000100100010010001001000000000000010111
10918,163,6,13,M101110101000100100010010001001000000000000010111
10919,163,7,6,M101110101000100100010010001001000000000000010111
10920,163,8,22,M101110101000100100010010001001000000000000010111
10921,163,9,0,M101110101000100100010010001001000000000000010111
10922,163,10,18,M101110101000100100010010001001000000000000010111
10923,163,11,28,M101110101000100100010010001001000000000000010111
10924,163,12,8,M101110101000100100010010001001000000000000010111
10925,163,13,30,M101110101000100100010010001001000000000000010111
10926,163,14,3,M101110101000100100010010001001000000000000010111
10927,163,15,1,M101110101000100100010010001001000000000000010111
10928,163,16,4,M101110101000100100010010001001000000000000010111
10929,163,17,20,M101110101000100100010010001001000000000000010111
10930,163,18,10,M101110101000100100010010001001000000000000010111
10931,163,19,17,M101110101000100100010010001001000000000000010111
10932,163,20,7,M101110101000100100010010001001000000000000010111
10933,163,21,25,M101110101000100100010010001001000000000000010111
10934,163,22,15,M101110101000100100010010001001000000000000010111
10935,163,23,11,M101110101000100100010010001001000000000000010111
10936,163,24,2,M101110101000100100010010001001000000000000010111
10937,163,25,9,M101110101000100100010010001001000000000000010111
10938,163,26,27,M101110101000100100010010001001000000000000010111
10939,163,27,19,M101110101000100100010010001001000000000000010111
10940,163,28,16,M101110101000100100010010001001000000000000010111
10941,163,29,29,M101110101000100100010010001001000000000000010111
10942,163,30,5,M101110101000100100010010001001000000000000010111
10943,163,31,31,M101110101000100100010010001001000000000000010111
10944,91,0,7,M110000010100100000001100100111000010000000011011
10945,91,1,28,M110000010100100000001100100111000010000000011011
10946,91,2,25,M110000010100100000001100100111000010000000011011
10947,91,3,9,M110000010100100000001100100111000010000000011011
10948,91,4,6,M110000010100100000001100100111000010000000011011
10949,91,5,14,M110000010100100000001100100111000010000000011011
10950,91,6,17,M110000010100100000001100100111000010000000011011
10951,91,7,19,M110000010100100000001100100111000010000000011011
10952,91,8,3,M110000010100100000001100100111000010000000011011
10953,91,9,20,M110000010100100000001100100111000010000000011011
10954,91,10,18,M110000010100100000001100100111000010000000011011
10955,91,11,2,M110000010100100000001100100111000010000000011011
10956,91,12,10,M110000010100100000001100100111000010000000011011
10957,91,13,13,M110000010100100000001100100111000010000000011011
10958,91,14,11,M110000010100100000001100100111000010000000011011
10959,91,15,22,M110000010100100000001100100111000010000000011011
10960,91,16,23,M110000010100100000001100100111000010000000011011
10961,91,17,31,M110000010100100000001100100111000010000000011011
10962,91,18,8,M110000010100100000001100100111000010000000011011
10963,91,19,15,M110000010100100000001100100111000010000000011011
10964,91,20,1,M110000010100100000001100100111000010000000011011
10965,91,21,5,M110000010100100000001100100111000010000000011011
10966,91,22,29,M110000010100100000001100100111000010000000011011
10967,91,23,26,M110000010100100000001100100111000010000000011011
10968,91,24,4,M110000010100100000001100100111000010000000011011
10969,91,25,0,M110000010100100000001100100111000010000000011011
10970,91,26,27,M110000010100100000001100100111000010000000011011
10971,91,27,21,M110000010100100000001100100111000010000000011011
10972,91,28,30,M110000010100100000001100100111000010000000011011
10973,91,29,24,M110000010100100000001100100111000010000000011011
10974,91,30,12,M110000010100100000001100100111000010000000011011
10975,91,31,16,M110000010100100000001100100111000010000000011011
10976,189,0,11,M101111000010100001001000010000000100011000010101
10977,189,1,23,M101111000010100001001000010000000100011000010101
10978,189,2,8,M101111000010100001001000010000000100011000010101
10979,189,3,16,M101111000010100001001000010000000100011000010101
10980,189,4,26,M101111000010100001001000010000000100011000010101
10981,189,5,31,M101111000010100001001000010000000100011000010101
10982,189,6,1,M101111000010100001001000010000000100011000010101
10983,189,7,15,M101111000010100001001000010000000100011000010101
10984,189,8,10,M101111000010100001001000010000000100011000010101
10985,189,9,25,M101111000010100001001000010000000100011000010101
10986,189,10,7,M101111000010100001001000010000000100011000010101
10987,189,11,9,M101111000010100001001000010000000100011000010101
10988,189,12,2,M101111000010100001001000010000000100011000010101
10989,189,13,0,M101111000010100001001000010000000100011000010101
10990,189,14,19,M101111000010100001001000010000000100011000010101
10991,189,15,28,M101111000010100001001000010000000100011000010101
10992,189,16,30,M101111000010100001001000010000000100011000010101
10993,189,17,22,M101111000010100001001000010000000100011000010101
10994,189,18,6,M101111000010100001001000010000000100011000010101
10995,189,19,5,M101111000010100001001000010000000100011000010101
10996,189,20,12,M101111000010100001001000010000000100011000010101
10997,189,21,4,M101111000010100001001000010000000100011000010101
10998,189,22,21,M101111000010100001001000010000000100011000010101
10999,189,23,20,M101111000010100001001000010000000100011000010101
11000,189,24,17,M101111000010100001001000010000000100011000010101
11001,189,25,24,M101111000010100001001000010000000100011000010101
11002,189,26,18,M101111000010100001001000010000000100011000010101
11003,189,27,29,M101111000010100001001000010000000100011000010101
11004,189,28,13,M101111000010100001001000010000000100011000010101
11005,189,29,27,M101111000010100001001000010000000100011000010101
11006,189,30,3,M101111000010100001001000010000000100011000010101
11007,189,31,14,M101111000010100001001000010000000100011000010101
11008,409,0,31,M011101000000000011000000000010010001000111101100
11009,409,1,7,M011101000000000011000000000010010001000111101100
11010,409,2,19,M011101000000000011000000000010010001000111101100
11011,409,3,26,M011101000000000011000000000010010001000111101100
11012,409,4,18,M011101000000000011000000000010010001000111101100
11013,409,5,1,M011101000000000011000000000010010001000111101100
11014,409,6,15,M011101000000000011000000000010010001000111101100
11015,409,7,0,M011101000000000011000000000010010001000111101100
11016,409,8,20,M011101000000000011000000000010010001000111101100
11017,409,9,25,M011101000000000011000000000010010001000111101100
11018,409,10,9,M011101000000000011000000000010010001000111101100
11019,409,11,5,M011101000000000011000000000010010001000111101100
11020,409,12,17,M011101000000000011000000000010010001000111101100
11021,409,13,14,M011101000000000011000000000010010001000111101100
11022,409,14,24,M011101000000000011000000000010010001000111101100
11023,409,15,28,M011101000000000011000000000010010001000111101100
11024,409,16,30,M011101000000000011000000000010010001000111101100
11025,409,17,3,M011101000000000011000000000010010001000111101100
11026,409,18,22,M011101000000000011000000000010010001000111101100
11027,409,19,2,M011101000000000011000000000010010001000111101100
11028,409,20,6,M011101000000000011000000000010010001000111101100
11029,409,21,21,M011101000000000011000000000010010001000111101100
11030,409,22,11,M011101000000000011000000000010010001000111101100
11031,409,23,12,M011101000000000011000000000010010001000111101100
11032,409,24,13,M011101000000000011000000000010010001000111101100
11033,409,25,29,M011101000000000011000000000010010001000111101100
11034,409,26,23,M011101000000000011000000000010010001000111101100
11035,409,27,27,M011101000000000011000000000010010001000111101100
11036,409,28,16,M011101000000000011000000000010010001000111101100
11037,409,29,10,M011101000000000011000000000010010001000111101100
11038,409,30,4,M011101000000000011000000000010010001000111101100
11039,409,31,8,M011101000000000011000000000010010001000111101100
11040,379,0,8,M110000000110111000011000010000000001000101001011
11041,379,1,1,M110000000110111000011000010000000001000101001011
11042,379,2,23,M110000000110111000011000010000000001000101001011
11043,379,3,25,M110000000110111000011000010000000001000101001011
11044,379,4,17,M110000000110111000011000010000000001000101001011
11045,379,5,3,M110000000110111000011000010000000001000101001011
11046,379,6,29,M110000000110111000011000010000000001000101001011
11047,379,7,30,M110000000110111000011000010000000001000101001011
11048,379,8,27,M110000000110111000011000010000000001000101001011
11049,379,9,28,M110000000110111000011000010000000001000101001011
11050,379,10,10,M110000000110111000011000010000000001000101001011
11051,379,11,16,M110000000110111000011000010000000001000101001011
11052,379,12,4,M110000000110111000011000010000000001000101001011
11053,379,13,21,M110000000110111000011000010000000001000101001011
11054,379,14,18,M110000000110111000011000010000000001000101001011
11055,379,15,15,M110000000110111000011000010000000001000101001011
11056,379,16,20,M110000000110111000011000010000000001000101001011
11057,379,17,14,M110000000110111000011000010000000001000101001011
11058,379,18,22,M110000000110111000011000010000000001000101001011
11059,379,19,11,M110000000110111000011000010000000001000101001011
11060,379,20,12,M110000000110111000011000010000000001000101001011
11061,379,21,26,M110000000110111000011000010000000001000101001011
11062,379,22,7,M110000000110111000011000010000000001000101001011
11063,379,23,24,M110000000110111000011000010000000001000101001011
11064,379,24,5,M110000000110111000011000010000000001000101001011
11065,379,25,6,M110000000110111000011000010000000001000101001011
11066,379,26,31,M110000000110111000011000010000000001000101001011
11067,379,27,13,M110000000110111000011000010000000001000101001011
11068,379,28,19,M110000000110111000011000010000000001000101001011
11069,379,29,9,M110000000110111000011000010000000001000101001011
11070,379,30,2,M110000000110111000011000010000000001000101001011
11071,379,31,0,M110000000110111000011000010000000001000101001011
11072,333,0,9,M110100000000010011100100011010100001000000010110
11073,333,1,30,M110100000000010011100100011010100001000000010110
11074,333,2,22,M110100000000010011100100011010100001000000010110
11075,333,3,8,M110100000000010011100100011010100001000000010110
11076,333,4,13,M110100000000010011100100011010100001000000010110
11077,333,5,14,M110100000000010011100100011010100001000000010110
11078,333,6,2,M110100000000010011100100011010100001000000010110
11079,333,7,31,M110100000000010011100100011010100001000000010110
11080,333,8,24,M110100000000010011100100011010100001000000010110
11081,333,9,15,M110100000000010011100100011010100001000000010110
11082,333,10,25,M110100000000010011100100011010100001000000010110
11083,333,11,18,M110100000000010011100100011010100001000000010110
11084,333,12,4,M110100000000010011100100011010100001000000010110
11085,333,13,11,M110100000000010011100100011010100001000000010110
11086,333,14,20,M110100000000010011100100011010100001000000010110
11087,333,15,29,M110100000000010011100100011010100001000000010110
11088,333,16,10,M110100000000010011100100011010100001000000010110
11089,333,17,1,M110100000000010011100100011010100001000000010110
11090,333,18,27,M110100000000010011100100011010100001000000010110
11091,333,19,17,M110100000000010011100100011010100001000000010110
11092,333,20,3,M110100000000010011100100011010100001000000010110
11093,333,21,26,M110100000000010011100100011010100001000000010110
11094,333,22,23,M110100000000010011100100011010100001000000010110
11095,333,23,16,M110100000000010011100100011010100001000000010110
11096,333,24,5,M110100000000010011100100011010100001000000010110
11097,333,25,28,M110100000000010011100100011010100001000000010110
11098,333,26,21,M110100000000010011100100011010100001000000010110
11099,333,27,0,M110100000000010011100100011010100001000000010110
11100,333,28,19,M110100000000010011100100011010100001000000010110
11101,333,29,6,M110100000000010011100100011010100001000000010110
11102,333,30,7,M110100000000010011100100011010100001000000010110
11103,333,31,12,M110100000000010011100100011010100001000000010110
11104,569,0,9,M101100000010100100011100010000010001000110100100
11105,569,1,10,M101100000010100100011100010000010001000110100100
11106,569,2,29,M101100000010100100011100010000010001000110100100
11107,569,3,2,M101100000010100100011100010000010001000110100100
11108,569,4,11,M101100000010100100011100010000010001000110100100
11109,569,5,27,M101100000010100100011100010000010001000110100100
11110,569,6,3,M101100000010100100011100010000010001000110100100
11111,569,7,21,M101100000010100100011100010000010001000110100100
11112,569,8,23,M101100000010100100011100010000010001000110100100
11113,569,9,28,M101100000010100100011100010000010001000110100100
11114,569,10,12,M101100000010100100011100010000010001000110100100
11115,569,11,26,M101100000010100100011100010000010001000110100100
11116,569,12,4,M101100000010100100011100010000010001000110100100
11117,569,13,25,M101100000010100100011100010000010001000110100100
11118,569,14,20,M101100000010100100011100010000010001000110100100
11119,569,15,0,M101100000010100100011100010000010001000110100100
11120,569,16,22,M101100000010100100011100010000010001000110100100
11121,569,17,1,M101100000010100100011100010000010001000110100100
11122,569,18,18,M101100000010100100011100010000010001000110100100
11123,569,19,5,M101100000010100100011100010000010001000110100100
11124,569,20,15,M101100000010100100011100010000010001000110100100
11125,569,21,17,M101100000010100100011100010000010001000110100100
11126,569,22,31,M101100000010100100011100010000010001000110100100
11127,569,23,7,M101100000010100100011100010000010001000110100100
11128,569,24,8,M101100000010100100011100010000010001000110100100
11129,569,25,16,M101100000010100100011100010000010001000110100100
11130,569,26,6,M101100000010100100011100010000010001000110100100
11131,569,27,24,M101100000010100100011100010000010001000110100100
11132,569,28,30,M101100000010100100011100010000010001000110100100
11133,569,29,13,M101100000010100100011100010000010001000110100100
11134,569,30,19,M101100000010100100011100010000010001000110100100
11135,569,31,14,M101100000010100100011100010000010001000110100100
11136,412,0,11,M100001010010000010000000100000000100110001111111
11137,412,1,31,M100001010010000010000000100000000100110001111111
11138,412,2,1,M100001010010000010000000100000000100110001111111
11139,412,3,16,M100001010010000010000000100000000100110001111111
11140,412,4,17,M100001010010000010000000100000000100110001111111
11141,412,5,24,M100001010010000010000000100000000100110001111111
11142,412,6,10,M100001010010000010000000100000000100110001111111
11143,412,7,25,M100001010010000010000000100000000100110001111111
11144,412,8,8,M100001010010000010000000100000000100110001111111
11145,412,9,0,M100001010010000010000000100000000100110001111111
11146,412,10,23,M100001010010000010000000100000000100110001111111
11147,412,11,21,M100001010010000010000000100000000100110001111111
11148,412,12,15,M100001010010000010000000100000000100110001111111
11149,412,13,3,M100001010010000010000000100000000100110001111111
11150,412,14,5,M100001010010000010000000100000000100110001111111
11151,412,15,28,M100001010010000010000000100000000100110001111111
11152,412,16,30,M100001010010000010000000100000000100110001111111
11153,412,17,27,M100001010010000010000000100000000100110001111111
11154,412,18,20,M100001010010000010000000100000000100110001111111
11155,412,19,14,M100001010010000010000000100000000100110001111111
11156,412,20,13,M100001010010000010000000100000000100110001111111
11157,412,21,18,M100001010010000010000000100000000100110001111111
11158,412,22,6,M100001010010000010000000100000000100110001111111
11159,412,23,29,M100001010010000010000000100000000100110001111111
11160,412,24,4,M100001010010000010000000100000000100110001111111
11161,412,25,9,M100001010010000010000000100000000100110001111111
11162,412,26,2,M100001010010000010000000100000000100110001111111
11163,412,27,22,M100001010010000010000000100000000100110001111111
11164,412,28,26,M100001010010000010000000100000000100110001111111
11165,412,29,19,M100001010010000010000000100000000100110001111111
11166,412,30,12,M100001010010000010000000100000000100110001111111
11167,412,31,7,M100001010010000010000000100000000100110001111111
11168,45,0,31,M111100010110001000100010000001100000001000110100
11169,45,1,15,M111100010110001000100010000001100000001000110100
11170,45,2,10,M111100010110001000100010000001100000001000110100
11171,45,3,4,M111100010110001000100010000001100000001000110100
11172,45,4,18,M111100010110001000100010000001100000001000110100
11173,45,5,25,M111100010110001000100010000001100000001000110100
11174,45,6,2,M111100010110001000100010000001100000001000110100
11175,45,7,24,M111100010110001000100010000001100000001000110100
11176,45,8,14,M111100010110001000100010000001100000001000110100
11177,45,9,16,M111100010110001000100010000001100000001000110100
11178,45,10,9,M111100010110001000100010000001100000001000110100
11179,45,11,12,M111100010110001000100010000001100000001000110100
11180,45,12,13,M111100010110001000100010000001100000001000110100
11181,45,13,26,M111100010110001000100010000001100000001000110100
11182,45,14,5,M111100010110001000100010000001100000001000110100
11183,45,15,21,M111100010110001000100010000001100000001000110100
11184,45,16,19,M111100010110001000100010000001100000001000110100
11185,45,17,30,M111100010110001000100010000001100000001000110100
11186,45,18,6,M111100010110001000100010000001100000001000110100
11187,45,19,29,M111100010110001000100010000001100000001000110100
11188,45,20,23,M111100010110001000100010000001100000001000110100
11189,45,21,8,M111100010110001000100010000001100000001000110100
11190,45,22,11,M111100010110001000100010000001100000001000110100
11191,45,23,17,M111100010110001000100010000001100000001000110100
11192,45,24,7,M111100010110001000100010000001100000001000110100
11193,45,25,3,M111100010110001000100010000001100000001000110100
11194,45,26,22,M111100010110001000100010000001100000001000110100
11195,45,27,27,M111100010110001000100010000001100000001000110100
11196,45,28,28,M111100010110001000100010000001100000001000110100
11197,45,29,0,M111100010110001000100010000001100000001000110100
11198,45,30,1,M111100010110001000100010000001100000001000110100
11199,45,31,20,M111100010110001000100010000001100000001000110100
11200,506,0,21,M111010000001010000010010011001010000000010100011
11201,506,1,22,M111010000001010000010010011001010000000010100011
11202,506,2,24,M111010000001010000010010011001010000000010100011
11203,506,3,25,M111010000001010000010010011001010000000010100011
11204,506,4,12,M111010000001010000010010011001010000000010100011
11205,506,5,15,M111010000001010000010010011001010000000010100011
11206,506,6,11,M111010000001010000010010011001010000000010100011
11207,506,7,6,M111010000001010000010010011001010000000010100011
11208,506,8,30,M111010000001010000010010011001010000000010100011
11209,506,9,27,M111010000001010000010010011001010000000010100011
11210,506,10,5,M111010000001010000010010011001010000000010100011
11211,506,11,20,M111010000001010000010010011001010000000010100011
11212,506,12,26,M111010000001010000010010011001010000000010100011
11213,506,13,4,M111010000001010000010010011001010000000010100011
11214,506,14,19,M111010000001010000010010011001010000000010100011
11215,506,15,10,M111010000001010000010010011001010000000010100011
11216,506,16,9,M111010000001010000010010011001010000000010100011
11217,506,17,29,M111010000001010000010010011001010000000010100011
11218,506,18,17,M111010000001010000010010011001010000000010100011
11219,506,19,13,M111010000001010000010010011001010000000010100011
11220,506,20,31,M111010000001010000010010011001010000000010100011
11221,506,21,14,M111010000001010000010010011001010000000010100011
11222,506,22,7,M111010000001010000010010011001010000000010100011
11223,506,23,18,M111010000001010000010010011001010000000010100011
11224,506,24,1,M111010000001010000010010011001010000000010100011
11225,506,25,2,M111010000001010000010010011001010000000010100011
11226,506,26,3,M111010000001010000010010011001010000000010100011
11227,506,27,28,M111010000001010000010010011001010000000010100011
11228,506,28,23,M111010000001010000010010011001010000000010100011
11229,506,29,8,M111010000001010000010010011001010000000010100011
11230,506,30,16,M111010000001010000010010011001010000000010100011
11231,506,31,0,M111010000001010000010010011001010000000010100011
11232,508,0,13,M011111000001010010010000111001000000000000100101
11233,508,1,15,M011111000001010010010000111001000000000000100101
11234,508,2,26,M011111000001010010010000111001000000000000100101
11235,508,3,8,M011111000001010010010000111001000000000000100101
11236,508,4,3,M011111000001010010010000111001000000000000100101
11237,508,5,24,M011111000001010010010000111001000000000000100101
11238,508,6,12,M011111000001010010010000111001000000000000100101
11239,508,7,31,M011111000001010010010000111001000000000000100101
11240,508,8,19,M011111000001010010010000111001000000000000100101
11241,508,9,9,M011111000001010010010000111001000000000000100101
11242,508,10,11,M011111000001010010010000111001000000000000100101
11243,508,11,22,M011111000001010010010000111001000000000000100101
11244,508,12,5,M011111000001010010010000111001000000000000100101
11245,508,13,30,M011111000001010010010000111001000000000000100101
11246,508,14,0,M011111000001010010010000111001000000000000100101
11247,508,15,16,M011111000001010010010000111001000000000000100101
11248,508,16,20,M011111000001010010010000111001000000000000100101
11249,508,17,23,M011111000001010010010000111001000000000000100101
11250,508,18,4,M011111000001010010010000111001000000000000100101
11251,508,19,1,M011111000001010010010000111001000000000000100101
11252,508,20,14,M011111000001010010010000111001000000000000100101
11253,508,21,29,M011111000001010010010000111001000000000000100101
11254,508,22,21,M011111000001010010010000111001000000000000100101
11255,508,23,10,M011111000001010010010000111001000000000000100101
11256,508,24,25,M011111000001010010010000111001000000000000100101
11257,508,25,27,M011111000001010010010000111001000000000000100101
11258,508,26,28,M011111000001010010010000111001000000000000100101
11259,508,27,7,M011111000001010010010000111001000000000000100101
11260,508,28,6,M011111000001010010010000111001000000000000100101
11261,508,29,18,M011111000001010010010000111001000000000000100101
11262,508,30,2,M011111000001010010010000111001000000000000100101
11263,508,31,17,M011111000001010010010000111001000000000000100101
11264,204,0,25,M010111000000100000111010001000010100111100000000
11265,204,1,21,M010111000000100000111010001000010100111100000000
11266,204,2,16,M010111000000100000111010001000010100111100000000
11267,204,3,29,M010111000000100000111010001000010100111100000000
11268,204,4,22,M010111000000100000111010001000010100111100000000
11269,204,5,0,M010111000000100000111010001000010100111100000000
11270,204,6,30,M010111000000100000111010001000010100111100000000
11271,204,7,28,M010111000000100000111010001000010100111100000000
11272,204,8,3,M010111000000100000111010001000010100111100000000
11273,204,9,19,M010111000000100000111010001000010100111100000000
11274,204,10,6,M010111000000100000111010001000010100111100000000
11275,204,11,10,M010111000000100000111010001000010100111100000000
11276,204,12,23,M010111000000100000111010001000010100111100000000
11277,204,13,11,M010111000000100000111010001000010100111100000000
11278,204,14,18,M010111000000100000111010001000010100111100000000
11279,204,15,24,M010111000000100000111010001000010100111100000000
11280,204,16,20,M010111000000100000111010001000010100111100000000
11281,204,17,31,M010111000000100000111010001000010100111100000000
11282,204,18,7,M010111000000100000111010001000010100111100000000
11283,204,19,12,M010111000000100000111010001000010100111100000000
11284,204,20,1,M010111000000100000111010001000010100111100000000
11285,204,21,27,M010111000000100000111010001000010100111100000000
11286,204,22,26,M010111000000100000111010001000010100111100000000
11287,204,23,17,M010111000000100000111010001000010100111100000000
11288,204,24,15,M010111000000100000111010001000010100111100000000
11289,204,25,4,M010111000000100000111010001000010100111100000000
11290,204,26,13,M010111000000100000111010001000010100111100000000
11291,204,27,2,M010111000000100000111010001000010100111100000000
11292,204,28,14,M010111000000100000111010001000010100111100000000
11293,204,29,5,M010111000000100000111010001000010100111100000000
11294,204,30,8,M010111000000100000111010001000010100111100000000
11295,204,31,9,M010111000000100000111010001000010100111100000000
11296,219,0,11,M111011110001000001000000010010100000000010011100
11297,219,1,16,M111011110001000001000000010010100000000010011100
11298,219,2,12,M111011110001000001000000010010100000000010011100
11299,219,3,13,M111011110001000001000000010010100000000010011100
11300,219,4,7,M111011110001000001000000010010100000000010011100
11301,219,5,23,M111011110001000001000000010010100000000010011100
11302,219,6,22,M111011110001000001000000010010100000000010011100
11303,219,7,9,M111011110001000001000000010010100000000010011100
11304,219,8,2,M111011110001000001000000010010100000000010011100
11305,219,9,29,M111011110001000001000000010010100000000010011100
11306,219,10,6,M111011110001000001000000010010100000000010011100
11307,219,11,25,M111011110001000001000000010010100000000010011100
11308,219,12,14,M111011110001000001000000010010100000000010011100
11309,219,13,20,M111011110001000001000000010010100000000010011100
11310,219,14,3,M111011110001000001000000010010100000000010011100
11311,219,15,21,M111011110001000001000000010010100000000010011100
11312,219,16,8,M111011110001000001000000010010100000000010011100
11313,219,17,1,M111011110001000001000000010010100000000010011100
11314,219,18,18,M111011110001000001000000010010100000000010011100
11315,219,19,4,M111011110001000001000000010010100000000010011100
11316,219,20,5,M111011110001000001000000010010100000000010011100
11317,219,21,26,M111011110001000001000000010010100000000010011100
11318,219,22,15,M111011110001000001000000010010100000000010011100
11319,219,23,31,M111011110001000001000000010010100000000010011100
11320,219,24,30,M111011110001000001000000010010100000000010011100
11321,219,25,24,M111011110001000001000000010010100000000010011100
11322,219,26,28,M111011110001000001000000010010100000000010011100
11323,219,27,0,M111011110001000001000000010010100000000010011100
11324,219,28,10,M111011110001000001000000010010100000000010011100
11325,219,29,17,M111011110001000001000000010010100000000010011100
11326,219,30,19,M111011110001000001000000010010100000000010011100
11327,219,31,27,M111011110001000001000000010010100000000010011100
11328,72,0,17,M010010100001100001001001100101110000000000011010
11329,72,1,27,M010010100001100001001001100101110000000000011010
11330,72,2,0,M010010100001100001001001100101110000000000011010
11331,72,3,31,M010010100001100001001001100101110000000000011010
11332,72,4,15,M010010100001100001001001100101110000000000011010
11333,72,5,18,M010010100001100001001001100101110000000000011010
11334,72,6,11,M010010100001100001001001100101110000000000011010
11335,72,7,6,M010010100001100001001001100101110000000000011010
11336,72,8,24,M010010100001100001001001100101110000000000011010
11337,72,9,9,M010010100001100001001001100101110000000000011010
11338,72,10,19,M010010100001100001001001100101110000000000011010
11339,72,11,26,M010010100001100001001001100101110000000000011010
11340,72,12,23,M010010100001100001001001100101110000000000011010
11341,72,13,1,M010010100001100001001001100101110000000000011010
11342,72,14,16,M010010100001100001001001100101110000000000011010
11343,72,15,3,M010010100001100001001001100101110000000000011010
11344,72,16,10,M010010100001100001001001100101110000000000011010
11345,72,17,20,M010010100001100001001001100101110000000000011010
11346,72,18,14,M010010100001100001001001100101110000000000011010
11347,72,19,8,M010010100001100001001001100101110000000000011010
11348,72,20,13,M010010100001100001001001100101110000000000011010
11349,72,21,25,M010010100001100001001001100101110000000000011010
11350,72,22,5,M010010100001100001001001100101110000000000011010
11351,72,23,4,M010010100001100001001001100101110000000000011010
11352,72,24,21,M010010100001100001001001100101110000000000011010
11353,72,25,29,M010010100001100001001001100101110000000000011010
11354,72,26,2,M010010100001100001001001100101110000000000011010
11355,72,27,12,M010010100001100001001001100101110000000000011010
11356,72,28,7,M010010100001100001001001100101110000000000011010
11357,72,29,30,M010010100001100001001001100101110000000000011010
11358,72,30,28,M010010100001100001001001100101110000000000011010
11359,72,31,22,M010010100001100001001001100101110000000000011010
11360,5,0,11,M001010110000101001001101000010001000010010000101
11361,5,1,21,M001010110000101001001101000010001000010010000101
11362,5,2,12,M001010110000101001001101000010001000010010000101
11363,5,3,24,M001010110000101001001101000010001000010010000101
11364,5,4,14,M001010110000101001001101000010001000010010000101
11365,5,5,28,M001010110000101001001101000010001000010010000101
11366,5,6,31,M001010110000101001001101000010001000010010000101
11367,5,7,25,M001010110000101001001101000010001000010010000101
11368,5,8,1,M001010110000101001001101000010001000010010000101
11369,5,9,16,M001010110000101001001101000010001000010010000101
11370,5,10,22,M001010110000101001001101000010001000010010000101
11371,5,11,8,M001010110000101001001101000010001000010010000101
11372,5,12,19,M001010110000101001001101000010001000010010000101
11373,5,13,20,M001010110000101001001101000010001000010010000101
11374,5,14,4,M001010110000101001001101000010001000010010000101
11375,5,15,7,M001010110000101001001101000010001000010010000101
11376,5,16,17,M001010110000101001001101000010001000010010000101
11377,5,17,27,M001010110000101001001101000010001000010010000101
11378,5,18,10,M001010110000101001001101000010001000010010000101
11379,5,19,30,M001010110000101001001101000010001000010010000101
11380,5,20,26,M001010110000101001001101000010001000010010000101
11381,5,21,6,M001010110000101001001101000010001000010010000101
11382,5,22,13,M001010110000101001001101000010001000010010000101
11383,5,23,0,M001010110000101001001101000010001000010010000101
11384,5,24,18,M001010110000101001001101000010001000010010000101
11385,5,25,15,M001010110000101001001101000010001000010010000101
11386,5,26,9,M001010110000101001001101000010001000010010000101
11387,5,27,23,M001010110000101001001101000010001000010010000101
11388,5,28,5,M001010110000101001001101000010001000010010000101
11389,5,29,3,M001010110000101001001101000010001000010010000101
11390,5,30,2,M001010110000101001001101000010001000010010000101
11391,5,31,29,M001010110000101001001101000010001000010010000101
11392,138,0,6,M100011010000001010000000111110000100001100010110
11393,138,1,5,M100011010000001010000000111110000100001100010110
11394,138,2,3,M100011010000001010000000111110000100001100010110
11395,138,3,17,M100011010000001010000000111110000100001100010110
11396,138,4,19,M100011010000001010000000111110000100001100010110
11397,138,5,18,M100011010000001010000000111110000100001100010110
11398,138,6,23,M100011010000001010000000111110000100001100010110
11399,138,7,8,M100011010000001010000000111110000100001100010110
11400,138,8,31,M100011010000001010000000111110000100001100010110
11401,138,9,4,M100011010000001010000000111110000100001100010110
11402,138,10,0,M100011010000001010000000111110000100001100010110
11403,138,11,29,M100011010000001010000000111110000100001100010110
11404,138,12,28,M100011010000001010000000111110000100001100010110
11405,138,13,15,M100011010000001010000000111110000100001100010110
11406,138,14,10,M100011010000001010000000111110000100001100010110
11407,138,15,21,M100011010000001010000000111110000100001100010110
11408,138,16,13,M100011010000001010000000111110000100001100010110
11409,138,17,26,M100011010000001010000000111110000100001100010110
11410,138,18,9,M100011010000001010000000111110000100001100010110
11411,138,19,12,M100011010000001010000000111110000100001100010110
11412,138,20,24,M100011010000001010000000111110000100001100010110
11413,138,21,22,M100011010000001010000000111110000100001100010110
11414,138,22,30,M100011010000001010000000111110000100001100010110
11415,138,23,27,M100011010000001010000000111110000100001100010110
11416,138,24,16,M100011010000001010000000111110000100001100010110
11417,138,25,11,M100011010000001010000000111110000100001100010110
11418,138,26,7,M100011010000001010000000111110000100001100010110
11419,138,27,2,M100011010000001010000000111110000100001100010110
11420,138,28,14,M100011010000001010000000111110000100001100010110
11421,138,29,20,M100011010000001010000000111110000100001100010110
11422,138,30,1,M100011010000001010000000111110000100001100010110
11423,138,31,25,M100011010000001010000000111110000100001100010110
11488,344,0,31,M111111100000000001000101000000100000001010100110
11489,344,1,5,M111111100000000001000101000000100000001010100110
11490,344,2,22,M111111100000000001000101000000100000001010100110
11491,344,3,9,M111111100000000001000101000000100000001010100110
11492,344,4,12,M111111100000000001000101000000100000001010100110
11493,344,5,30,M111111100000000001000101000000100000001010100110
11494,344,6,18,M111111100000000001000101000000100000001010100110
11495,344,7,10,M111111100000000001000101000000100000001010100110
11496,344,8,21,M111111100000000001000101000000100000001010100110
11497,344,9,16,M111111100000000001000101000000100000001010100110
11498,344,10,1,M111111100000000001000101000000100000001010100110
11499,344,11,17,M111111100000000001000101000000100000001010100110
11500,344,12,28,M111111100000000001000101000000100000001010100110
11501,344,13,15,M111111100000000001000101000000100000001010100110
11502,344,14,25,M111111100000000001000101000000100000001010100110
11503,344,15,20,M111111100000000001000101000000100000001010100110
11504,344,16,3,M111111100000000001000101000000100000001010100110
11505,344,17,29,M111111100000000001000101000000100000001010100110
11506,344,18,26,M111111100000000001000101000000100000001010100110
11507,344,19,23,M111111100000000001000101000000100000001010100110
11508,344,20,7,M111111100000000001000101000000100000001010100110
11509,344,21,24,M111111100000000001000101000000100000001010100110
11510,344,22,11,M111111100000000001000101000000100000001010100110
11511,344,23,0,M111111100000000001000101000000100000001010100110
11512,344,24,4,M111111100000000001000101000000100000001010100110
11513,344,25,8,M111111100000000001000101000000100000001010100110
11514,344,26,13,M111111100000000001000101000000100000001010100110
11515,344,27,14,M111111100000000001000101000000100000001010100110
11516,344,28,6,M111111100000000001000101000000100000001010100110
11517,344,29,27,M111111100000000001000101000000100000001010100110
11518,344,30,19,M111111100000000001000101000000100000001010100110
11519,344,31,2,M111111100000000001000101000000100000001010100110
11552,97,0,29,M001100111010001001000000000101100010000000011110
11553,97,1,18,M001100111010001001000000000101100010000000011110
11554,97,2,26,M001100111010001001000000000101100010000000011110
11555,97,3,4,M001100111010001001000000000101100010000000011110
11556,97,4,19,M001100111010001001000000000101100010000000011110
11557,97,5,12,M001100111010001001000000000101100010000000011110
11558,97,6,28,M001100111010001001000000000101100010000000011110
11559,97,7,7,M001100111010001001000000000101100010000000011110
11560,97,8,2,M001100111010001001000000000101100010000000011110
11561,97,9,10,M001100111010001001000000000101100010000000011110
11562,97,10,15,M001100111010001001000000000101100010000000011110
11563,97,11,1,M001100111010001001000000000101100010000000011110
11564,97,12,22,M001100111010001001000000000101100010000000011110
11565,97,13,20,M001100111010001001000000000101100010000000011110
11566,97,14,21,M001100111010001001000000000101100010000000011110
11567,97,15,8,M001100111010001001000000000101100010000000011110
11568,97,16,5,M001100111010001001000000000101100010000000011110
11569,97,17,14,M001100111010001001000000000101100010000000011110
11570,97,18,9,M001100111010001001000000000101100010000000011110
11571,97,19,11,M001100111010001001000000000101100010000000011110
11572,97,20,6,M001100111010001001000000000101100010000000011110
11573,97,21,30,M001100111010001001000000000101100010000000011110
11574,97,22,25,M001100111010001001000000000101100010000000011110
11575,97,23,17,M001100111010001001000000000101100010000000011110
11576,97,24,23,M001100111010001001000000000101100010000000011110
11577,97,25,13,M001100111010001001000000000101100010000000011110
11578,97,26,3,M001100111010001001000000000101100010000000011110
11579,97,27,24,M001100111010001001000000000101100010000000011110
11580,97,28,0,M001100111010001001000000000101100010000000011110
11581,97,29,16,M001100111010001001000000000101100010000000011110
11582,97,30,27,M001100111010001001000000000101100010000000011110
11583,97,31,31,M001100111010001001000000000101100010000000011110
11584,381,0,8,M110011000010001000100000000010001000111000100111
11585,381,1,19,M110011000010001000100000000010001000111000100111
11586,381,2,28,M110011000010001000100000000010001000111000100111
11587,381,3,30,M110011000010001000100000000010001000111000100111
11588,381,4,29,M110011000010001000100000000010001000111000100111
11589,381,5,22,M110011000010001000100000000010001000111000100111
11590,381,6,27,M110011000010001000100000000010001000111000100111
11591,381,7,21,M110011000010001000100000000010001000111000100111
11592,381,8,13,M110011000010001000100000000010001000111000100111
11593,381,9,7,M110011000010001000100000000010001000111000100111
11594,381,10,15,M110011000010001000100000000010001000111000100111
11595,381,11,11,M110011000010001000100000000010001000111000100111
11596,381,12,23,M110011000010001000100000000010001000111000100111
11597,381,13,16,M110011000010001000100000000010001000111000100111
11598,381,14,10,M110011000010001000100000000010001000111000100111
11599,381,15,5,M110011000010001000100000000010001000111000100111
11600,381,16,9,M110011000010001000100000000010001000111000100111
11601,381,17,17,M110011000010001000100000000010001000111000100111
11602,381,18,14,M110011000010001000100000000010001000111000100111
11603,381,19,3,M110011000010001000100000000010001000111000100111
11604,381,20,6,M110011000010001000100000000010001000111000100111
11605,381,21,12,M110011000010001000100000000010001000111000100111
11606,381,22,20,M110011000010001000100000000010001000111000100111
11607,381,23,0,M110011000010001000100000000010001000111000100111
11608,381,24,1,M110011000010001000100000000010001000111000100111
11609,381,25,4,M110011000010001000100000000010001000111000100111
11610,381,26,26,M110011000010001000100000000010001000111000100111
11611,381,27,24,M110011000010001000100000000010001000111000100111
11612,381,28,18,M110011000010001000100000000010001000111000100111
11613,381,29,2,M110011000010001000100000000010001000111000100111
11614,381,30,31,M110011000010001000100000000010001000111000100111
11615,381,31,25,M110011000010001000100000000010001000111000100111
11616,95,0,28,M000000000011011100110001000010100000001010011110
11617,95,1,4,M000000000011011100110001000010100000001010011110
11618,95,2,3,M000000000011011100110001000010100000001010011110
11619,95,3,8,M000000000011011100110001000010100000001010011110
11620,95,4,12,M000000000011011100110001000010100000001010011110
11621,95,5,10,M000000000011011100110001000010100000001010011110
11622,95,6,9,M000000000011011100110001000010100000001010011110
11623,95,7,27,M000000000011011100110001000010100000001010011110
11624,95,8,6,M000000000011011100110001000010100000001010011110
11625,95,9,19,M000000000011011100110001000010100000001010011110
11626,95,10,5,M000000000011011100110001000010100000001010011110
11627,95,11,18,M000000000011011100110001000010100000001010011110
11628,95,12,25,M000000000011011100110001000010100000001010011110
11629,95,13,26,M000000000011011100110001000010100000001010011110
11630,95,14,31,M000000000011011100110001000010100000001010011110
11631,95,15,17,M000000000011011100110001000010100000001010011110
11632,95,16,0,M000000000011011100110001000010100000001010011110
11633,95,17,7,M000000000011011100110001000010100000001010011110
11634,95,18,21,M000000000011011100110001000010100000001010011110
11635,95,19,23,M000000000011011100110001000010100000001010011110
11636,95,20,13,M000000000011011100110001000010100000001010011110
11637,95,21,16,M000000000011011100110001000010100000001010011110
11638,95,22,22,M000000000011011100110001000010100000001010011110
11639,95,23,15,M000000000011011100110001000010100000001010011110
11640,95,24,11,M000000000011011100110001000010100000001010011110
11641,95,25,24,M000000000011011100110001000010100000001010011110
11642,95,26,14,M000000000011011100110001000010100000001010011110
11643,95,27,30,M000000000011011100110001000010100000001010011110
11644,95,28,29,M000000000011011100110001000010100000001010011110
11645,95,29,2,M000000000011011100110001000010100000001010011110
11646,95,30,1,M000000000011011100110001000010100000001010011110
11647,95,31,20,M000000000011011100110001000010100000001010011110
11648,88,0,0,M011101010011100001010001000000010000000001010101
11649,88,1,31,M011101010011100001010001000000010000000001010101
11650,88,2,8,M011101010011100001010001000000010000000001010101
11651,88,3,10,M011101010011100001010001000000010000000001010101
11652,88,4,17,M011101010011100001010001000000010000000001010101
11653,88,5,4,M011101010011100001010001000000010000000001010101
11654,88,6,30,M011101010011100001010001000000010000000001010101
11655,88,7,25,M011101010011100001010001000000010000000001010101
11656,88,8,5,M011101010011100001010001000000010000000001010101
11657,88,9,14,M011101010011100001010001000000010000000001010101
11658,88,10,29,M011101010011100001010001000000010000000001010101
11659,88,11,19,M011101010011100001010001000000010000000001010101
11660,88,12,11,M011101010011100001010001000000010000000001010101
11661,88,13,12,M011101010011100001010001000000010000000001010101
11662,88,14,26,M011101010011100001010001000000010000000001010101
11663,88,15,1,M011101010011100001010001000000010000000001010101
11664,88,16,21,M011101010011100001010001000000010000000001010101
11665,88,17,23,M011101010011100001010001000000010000000001010101
11666,88,18,13,M011101010011100001010001000000010000000001010101
11667,88,19,6,M011101010011100001010001000000010000000001010101
11668,88,20,15,M011101010011100001010001000000010000000001010101
11669,88,21,7,M011101010011100001010001000000010000000001010101
11670,88,22,24,M011101010011100001010001000000010000000001010101
11671,88,23,28,M011101010011100001010001000000010000000001010101
11672,88,24,3,M011101010011100001010001000000010000000001010101
11673,88,25,27,M011101010011100001010001000000010000000001010101
11674,88,26,9,M011101010011100001010001000000010000000001010101
11675,88,27,16,M011101010011100001010001000000010000000001010101
11676,88,28,2,M011101010011100001010001000000010000000001010101
11677,88,29,22,M011101010011100001010001000000010000000001010101
11678,88,30,18,M011101010011100001010001000000010000000001010101
11679,88,31,20,M011101010011100001010001000000010000000001010101
11680,184,0,26,M110111000001001000010000101100000000011000011100
11681,184,1,3,M110111000001001000010000101100000000011000011100
11682,184,2,31,M110111000001001000010000101100000000011000011100
11683,184,3,16,M110111000001001000010000101100000000011000011100
11684,184,4,7,M110111000001001000010000101100000000011000011100
11685,184,5,13,M110111000001001000010000101100000000011000011100
11686,184,6,15,M110111000001001000010000101100000000011000011100
11687,184,7,24,M110111000001001000010000101100000000011000011100
11688,184,8,19,M110111000001001000010000101100000000011000011100
11689,184,9,17,M110111000001001000010000101100000000011000011100
11690,184,10,20,M110111000001001000010000101100000000011000011100
11691,184,11,12,M110111000001001000010000101100000000011000011100
11692,184,12,1,M110111000001001000010000101100000000011000011100
11693,184,13,11,M110111000001001000010000101100000000011000011100
11694,184,14,23,M110111000001001000010000101100000000011000011100
11695,184,15,18,M110111000001001000010000101100000000011000011100
11696,184,16,22,M110111000001001000010000101100000000011000011100
11697,184,17,25,M110111000001001000010000101100000000011000011100
11698,184,18,6,M110111000001001000010000101100000000011000011100
11699,184,19,14,M110111000001001000010000101100000000011000011100
11700,184,20,30,M110111000001001000010000101100000000011000011100
11701,184,21,5,M110111000001001000010000101100000000011000011100
11702,184,22,9,M110111000001001000010000101100000000011000011100
11703,184,23,8,M110111000001001000010000101100000000011000011100
11704,184,24,2,M110111000001001000010000101100000000011000011100
11705,184,25,10,M110111000001001000010000101100000000011000011100
11706,184,26,21,M110111000001001000010000101100000000011000011100
11707,184,27,4,M110111000001001000010000101100000000011000011100
11708,184,28,27,M110111000001001000010000101100000000011000011100
11709,184,29,28,M110111000001001000010000101100000000011000011100
11710,184,30,29,M110111000001001000010000101100000000011000011100
11711,184,31,0,M110111000001001000010000101100000000011000011100
11712,490,0,5,M100110101000000100000001000100011100010010010111
11713,490,1,1,M100110101000000100000001000100011100010010010111
11714,490,2,19,M100110101000000100000001000100011100010010010111
11715,490,3,7,M100110101000000100000001000100011100010010010111
11716,490,4,30,M100110101000000100000001000100011100010010010111
11717,490,5,21,M100110101000000100000001000100011100010010010111
11718,490,6,26,M100110101000000100000001000100011100010010010111
11719,490,7,9,M100110101000000100000001000100011100010010010111
11720,490,8,18,M100110101000000100000001000100011100010010010111
11721,490,9,3,M100110101000000100000001000100011100010010010111
11722,490,10,28,M100110101000000100000001000100011100010010010111
11723,490,11,29,M100110101000000100000001000100011100010010010111
11724,490,12,23,M100110101000000100000001000100011100010010010111
11725,490,13,13,M100110101000000100000001000100011100010010010111
11726,490,14,2,M100110101000000100000001000100011100010010010111
11727,490,15,24,M100110101000000100000001000100011100010010010111
11728,490,16,14,M100110101000000100000001000100011100010010010111
11729,490,17,11,M100110101000000100000001000100011100010010010111
11730,490,18,10,M100110101000000100000001000100011100010010010111
11731,490,19,15,M100110101000000100000001000100011100010010010111
11732,490,20,22,M100110101000000100000001000100011100010010010111
11733,490,21,16,M100110101000000100000001000100011100010010010111
11734,490,22,25,M100110101000000100000001000100011100010010010111
11735,490,23,6,M100110101000000100000001000100011100010010010111
11736,490,24,20,M100110101000000100000001000100011100010010010111
11737,490,25,4,M100110101000000100000001000100011100010010010111
11738,490,26,27,M100110101000000100000001000100011100010010010111
11739,490,27,12,M100110101000000100000001000100011100010010010111
11740,490,28,0,M100110101000000100000001000100011100010010010111
11741,490,29,17,M100110101000000100000001000100011100010010010111
11742,490,30,8,M100110101000000100000001000100011100010010010111
11743,490,31,31,M100110101000000100000001000100011100010010010111
11744,252,0,29,M100001000011000100000110101001100000010010001110
11745,252,1,4,M100001000011000100000110101001100000010010001110
11746,252,2,18,M100001000011000100000110101001100000010010001110
11747,252,3,31,M100001000011000100000110101001100000010010001110
11748,252,4,7,M100001000011000100000110101001100000010010001110
11749,252,5,13,M100001000011000100000110101001100000010010001110
11750,252,6,16,M100001000011000100000110101001100000010010001110
11751,252,7,23,M100001000011000100000110101001100000010010001110
11752,252,8,5,M100001000011000100000110101001100000010010001110
11753,252,9,8,M100001000011000100000110101001100000010010001110
11754,252,10,27,M100001000011000100000110101001100000010010001110
11755,252,11,19,M100001000011000100000110101001100000010010001110
11756,252,12,26,M100001000011000100000110101001100000010010001110
11757,252,13,14,M100001000011000100000110101001100000010010001110
11758,252,14,2,M100001000011000100000110101001100000010010001110
11759,252,15,20,M100001000011000100000110101001100000010010001110
11760,252,16,10,M100001000011000100000110101001100000010010001110
11761,252,17,1,M100001000011000100000110101001100000010010001110
11762,252,18,9,M100001000011000100000110101001100000010010001110
11763,252,19,15,M100001000011000100000110101001100000010010001110
11764,252,20,28,M100001000011000100000110101001100000010010001110
11765,252,21,11,M100001000011000100000110101001100000010010001110
11766,252,22,21,M100001000011000100000110101001100000010010001110
11767,252,23,24,M100001000011000100000110101001100000010010001110
11768,252,24,25,M100001000011000100000110101001100000010010001110
11769,252,25,12,M100001000011000100000110101001100000010010001110
11770,252,26,17,M100001000011000100000110101001100000010010001110
11771,252,27,6,M100001000011000100000110101001100000010010001110
11772,252,28,0,M100001000011000100000110101001100000010010001110
11773,252,29,3,M100001000011000100000110101001100000010010001110
11774,252,30,22,M100001000011000100000110101001100000010010001110
11775,252,31,30,M100001000011000100000110101001100000010010001110
11776,488,0,9,M010101000110100010000101010100000010010100101001
11777,488,1,23,M010101000110100010000101010100000010010100101001
11778,488,2,8,M010101000110100010000101010100000010010100101001
11779,488,3,27,M010101000110100010000101010100000010010100101001
11780,488,4,25,M010101000110100010000101010100000010010100101001
11781,488,5,7,M010101000110100010000101010100000010010100101001
11782,488,6,2,M010101000110100010000101010100000010010100101001
11783,488,7,5,M010101000110100010000101010100000010010100101001
11784,488,8,4,M010101000110100010000101010100000010010100101001
11785,488,9,31,M010101000110100010000101010100000010010100101001
11786,488,10,18,M010101000110100010000101010100000010010100101001
11787,488,11,15,M010101000110100010000101010100000010010100101001
11788,488,12,13,M010101000110100010000101010100000010010100101001
11789,488,13,26,M010101000110100010000101010100000010010100101001
11790,488,14,0,M010101000110100010000101010100000010010100101001
11791,488,15,21,M010101000110100010000101010100000010010100101001
11792,488,16,24,M010101000110100010000101010100000010010100101001
11793,488,17,6,M010101000110100010000101010100000010010100101001
11794,488,18,3,M010101000110100010000101010100000010010100101001
11795,488,19,30,M010101000110100010000101010100000010010100101001
11796,488,20,12,M010101000110100010000101010100000010010100101001
11797,488,21,20,M010101000110100010000101010100000010010100101001
11798,488,22,11,M010101000110100010000101010100000010010100101001
11799,488,23,28,M010101000110100010000101010100000010010100101001
11800,488,24,29,M010101000110100010000101010100000010010100101001
11801,488,25,17,M010101000110100010000101010100000010010100101001
11802,488,26,14,M010101000110100010000101010100000010010100101001
11803,488,27,1,M010101000110100010000101010100000010010100101001
11804,488,28,10,M010101000110100010000101010100000010010100101001
11805,488,29,22,M010101000110100010000101010100000010010100101001
11806,488,30,16,M010101000110100010000101010100000010010100101001
11807,488,31,19,M010101000110100010000101010100000010010100101001
11808,188,0,29,M011111000000010110010000001000001001000000011101
11809,188,1,0,M011111000000010110010000001000001001000000011101
11810,188,2,26,M011111000000010110010000001000001001000000011101
11811,188,3,4,M011111000000010110010000001000001001000000011101
11812,188,4,18,M011111000000010110010000001000001001000000011101
11813,188,5,7,M011111000000010110010000001000001001000000011101
11814,188,6,13,M011111000000010110010000001000001001000000011101
11815,188,7,23,M011111000000010110010000001000001001000000011101
11816,188,8,15,M011111000000010110010000001000001001000000011101
11817,188,9,20,M011111000000010110010000001000001001000000011101
11818,188,10,22,M011111000000010110010000001000001001000000011101
11819,188,11,9,M011111000000010110010000001000001001000000011101
11820,188,12,2,M011111000000010110010000001000001001000000011101
11821,188,13,27,M011111000000010110010000001000001001000000011101
11822,188,14,21,M011111000000010110010000001000001001000000011101
11823,188,15,11,M011111000000010110010000001000001001000000011101
11824,188,16,17,M011111000000010110010000001000001001000000011101
11825,188,17,31,M011111000000010110010000001000001001000000011101
11826,188,18,30,M011111000000010110010000001000001001000000011101
11827,188,19,3,M011111000000010110010000001000001001000000011101
11828,188,20,10,M011111000000010110010000001000001001000000011101
11829,188,21,24,M011111000000010110010000001000001001000000011101
11830,188,22,19,M011111000000010110010000001000001001000000011101
11831,188,23,5,M011111000000010110010000001000001001000000011101
11832,188,24,28,M011111000000010110010000001000001001000000011101
11833,188,25,16,M011111000000010110010000001000001001000000011101
11834,188,26,1,M011111000000010110010000001000001001000000011101
11835,188,27,8,M011111000000010110010000001000001001000000011101
11836,188,28,12,M011111000000010110010000001000001001000000011101
11837,188,29,6,M011111000000010110010000001000001001000000011101
11838,188,30,14,M011111000000010110010000001000001001000000011101
11839,188,31,25,M011111000000010110010000001000001001000000011101
11840,22,0,21,M110000000100010010110000000000001101110000100111
11841,22,1,14,M110000000100010010110000000000001101110000100111
11842,22,2,19,M110000000100010010110000000000001101110000100111
11843,22,3,0,M110000000100010010110000000000001101110000100111
11844,22,4,24,M110000000100010010110000000000001101110000100111
11845,22,5,8,M110000000100010010110000000000001101110000100111
11846,22,6,15,M110000000100010010110000000000001101110000100111
11847,22,7,16,M110000000100010010110000000000001101110000100111
11848,22,8,22,M110000000100010010110000000000001101110000100111
11849,22,9,27,M110000000100010010110000000000001101110000100111
11850,22,10,2,M110000000100010010110000000000001101110000100111
11851,22,11,7,M110000000100010010110000000000001101110000100111
11852,22,12,23,M110000000100010010110000000000001101110000100111
11853,22,13,18,M110000000100010010110000000000001101110000100111
11854,22,14,6,M110000000100010010110000000000001101110000100111
11855,22,15,9,M110000000100010010110000000000001101110000100111
11856,22,16,5,M110000000100010010110000000000001101110000100111
11857,22,17,1,M110000000100010010110000000000001101110000100111
11858,22,18,4,M110000000100010010110000000000001101110000100111
11859,22,19,26,M110000000100010010110000000000001101110000100111
11860,22,20,10,M110000000100010010110000000000001101110000100111
11861,22,21,13,M110000000100010010110000000000001101110000100111
11862,22,22,11,M110000000100010010110000000000001101110000100111
11863,22,23,3,M110000000100010010110000000000001101110000100111
11864,22,24,25,M110000000100010010110000000000001101110000100111
11865,22,25,30,M110000000100010010110000000000001101110000100111
11866,22,26,17,M110000000100010010110000000000001101110000100111
11867,22,27,28,M110000000100010010110000000000001101110000100111
11868,22,28,29,M110000000100010010110000000000001101110000100111
11869,22,29,31,M110000000100010010110000000000001101110000100111
11870,22,30,20,M110000000100010010110000000000001101110000100111
11871,22,31,12,M110000000100010010110000000000001101110000100111
11872,144,0,26,M010101010110000010011000010000101000000000011110
11873,144,1,20,M010101010110000010011000010000101000000000011110
11874,144,2,11,M010101010110000010011000010000101000000000011110
11875,144,3,21,M010101010110000010011000010000101000000000011110
11876,144,4,23,M010101010110000010011000010000101000000000011110
11877,144,5,25,M010101010110000010011000010000101000000000011110
11878,144,6,4,M010101010110000010011000010000101000000000011110
11879,144,7,10,M010101010110000010011000010000101000000000011110
11880,144,8,29,M010101010110000010011000010000101000000000011110
11881,144,9,3,M010101010110000010011000010000101000000000011110
11882,144,10,28,M010101010110000010011000010000101000000000011110
11883,144,11,18,M010101010110000010011000010000101000000000011110
11884,144,12,16,M010101010110000010011000010000101000000000011110
11885,144,13,19,M010101010110000010011000010000101000000000011110
11886,144,14,31,M010101010110000010011000010000101000000000011110
11887,144,15,30,M010101010110000010011000010000101000000000011110
11888,144,16,24,M010101010110000010011000010000101000000000011110
11889,144,17,14,M010101010110000010011000010000101000000000011110
11890,144,18,0,M010101010110000010011000010000101000000000011110
11891,144,19,17,M010101010110000010011000010000101000000000011110
11892,144,20,27,M010101010110000010011000010000101000000000011110
11893,144,21,5,M010101010110000010011000010000101000000000011110
11894,144,22,9,M010101010110000010011000010000101000000000011110
11895,144,23,6,M010101010110000010011000010000101000000000011110
11896,144,24,13,M010101010110000010011000010000101000000000011110
11897,144,25,2,M010101010110000010011000010000101000000000011110
11898,144,26,7,M010101010110000010011000010000101000000000011110
11899,144,27,22,M010101010110000010011000010000101000000000011110
11900,144,28,15,M010101010110000010011000010000101000000000011110
11901,144,29,1,M010101010110000010011000010000101000000000011110
11902,144,30,8,M010101010110000010011000010000101000000000011110
11903,144,31,12,M010101010110000010011000010000101000000000011110
11904,182,0,10,M111111100010000101000101000001000000100000001110
11905,182,1,1,M111111100010000101000101000001000000100000001110
11906,182,2,29,M111111100010000101000101000001000000100000001110
11907,182,3,15,M111111100010000101000101000001000000100000001110
11908,182,4,20,M111111100010000101000101000001000000100000001110
11909,182,5,5,M111111100010000101000101000001000000100000001110
11910,182,6,7,M111111100010000101000101000001000000100000001110
11911,182,7,12,M111111100010000101000101000001000000100000001110
11912,182,8,28,M111111100010000101000101000001000000100000001110
11913,182,9,6,M111111100010000101000101000001000000100000001110
11914,182,10,17,M111111100010000101000101000001000000100000001110
11915,182,11,0,M111111100010000101000101000001000000100000001110
11916,182,12,21,M111111100010000101000101000001000000100000001110
11917,182,13,18,M111111100010000101000101000001000000100000001110
11918,182,14,31,M111111100010000101000101000001000000100000001110
11919,182,15,25,M111111100010000101000101000001000000100000001110
11920,182,16,4,M111111100010000101000101000001000000100000001110
11921,182,17,9,M111111100010000101000101000001000000100000001110
11922,182,18,11,M111111100010000101000101000001000000100000001110
11923,182,19,23,M111111100010000101000101000001000000100000001110
11924,182,20,14,M111111100010000101000101000001000000100000001110
11925,182,21,22,M111111100010000101000101000001000000100000001110
11926,182,22,30,M111111100010000101000101000001000000100000001110
11927,182,23,19,M111111100010000101000101000001000000100000001110
11928,182,24,26,M111111100010000101000101000001000000100000001110
11929,182,25,3,M111111100010000101000101000001000000100000001110
11930,182,26,2,M111111100010000101000101000001000000100000001110
11931,182,27,16,M111111100010000101000101000001000000100000001110
11932,182,28,24,M111111100010000101000101000001000000100000001110
11933,182,29,27,M111111100010000101000101000001000000100000001110
11934,182,30,8,M111111100010000101000101000001000000100000001110
11935,182,31,13,M111111100010000101000101000001000000100000001110
11936,290,0,9,M100000101000010000001000101111010000000110101010
11937,290,1,0,M100000101000010000001000101111010000000110101010
11938,290,2,14,M100000101000010000001000101111010000000110101010
11939,290,3,12,M100000101000010000001000101111010000000110101010
11940,290,4,8,M100000101000010000001000101111010000000110101010
11941,290,5,23,M100000101000010000001000101111010000000110101010
11942,290,6,4,M100000101000010000001000101111010000000110101010
11943,290,7,5,M100000101000010000001000101111010000000110101010
11944,290,8,30,M100000101000010000001000101111010000000110101010
11945,290,9,18,M100000101000010000001000101111010000000110101010
11946,290,10,11,M100000101000010000001000101111010000000110101010
11947,290,11,26,M100000101000010000001000101111010000000110101010
11948,290,12,21,M100000101000010000001000101111010000000110101010
11949,290,13,6,M100000101000010000001000101111010000000110101010
11950,290,14,10,M100000101000010000001000101111010000000110101010
11951,290,15,27,M100000101000010000001000101111010000000110101010
11952,290,16,31,M100000101000010000001000101111010000000110101010
11953,290,17,17,M100000101000010000001000101111010000000110101010
11954,290,18,7,M100000101000010000001000101111010000000110101010
11955,290,19,20,M100000101000010000001000101111010000000110101010
11956,290,20,24,M100000101000010000001000101111010000000110101010
11957,290,21,28,M100000101000010000001000101111010000000110101010
11958,290,22,29,M100000101000010000001000101111010000000110101010
11959,290,23,15,M100000101000010000001000101111010000000110101010
11960,290,24,13,M100000101000010000001000101111010000000110101010
11961,290,25,25,M100000101000010000001000101111010000000110101010
11962,290,26,22,M100000101000010000001000101111010000000110101010
11963,290,27,2,M100000101000010000001000101111010000000110101010
11964,290,28,1,M100000101000010000001000101111010000000110101010
11965,290,29,16,M100000101000010000001000101111010000000110101010
11966,290,30,3,M100000101000010000001000101111010000000110101010
11967,290,31,19,M100000101000010000001000101111010000000110101010
11968,19,0,6,M001101100000010010101010000101000000000000111110
11969,19,1,14,M001101100000010010101010000101000000000000111110
11970,19,2,31,M001101100000010010101010000101000000000000111110
11971,19,3,21,M001101100000010010101010000101000000000000111110
11972,19,4,28,M001101100000010010101010000101000000000000111110
11973,19,5,25,M001101100000010010101010000101000000000000111110
11974,19,6,9,M001101100000010010101010000101000000000000111110
11975,19,7,7,M001101100000010010101010000101000000000000111110
11976,19,8,0,M001101100000010010101010000101000000000000111110
11977,19,9,24,M001101100000010010101010000101000000000000111110
11978,19,10,29,M001101100000010010101010000101000000000000111110
11979,19,11,19,M001101100000010010101010000101000000000000111110
11980,19,12,12,M001101100000010010101010000101000000000000111110
11981,19,13,4,M001101100000010010101010000101000000000000111110
11982,19,14,8,M001101100000010010101010000101000000000000111110
11983,19,15,2,M001101100000010010101010000101000000000000111110
11984,19,16,18,M001101100000010010101010000101000000000000111110
11985,19,17,11,M001101100000010010101010000101000000000000111110
11986,19,18,16,M001101100000010010101010000101000000000000111110
11987,19,19,23,M001101100000010010101010000101000000000000111110
11988,19,20,20,M001101100000010010101010000101000000000000111110
11989,19,21,5,M001101100000010010101010000101000000000000111110
11990,19,22,13,M001101100000010010101010000101000000000000111110
11991,19,23,3,M001101100000010010101010000101000000000000111110
11992,19,24,17,M001101100000010010101010000101000000000000111110
11993,19,25,10,M001101100000010010101010000101000000000000111110
11994,19,26,15,M001101100000010010101010000101000000000000111110
11995,19,27,1,M001101100000010010101010000101000000000000111110
11996,19,28,22,M001101100000010010101010000101000000000000111110
11997,19,29,30,M001101100000010010101010000101000000000000111110
11998,19,30,27,M001101100000010010101010000101000000000000111110
11999,19,31,26,M001101100000010010101010000101000000000000111110
12032,212,0,0,M101101110100000011100000001000000110000100100100
12033,212,1,13,M101101110100000011100000001000000110000100100100
12034,212,2,26,M101101110100000011100000001000000110000100100100
12035,212,3,6,M101101110100000011100000001000000110000100100100
12036,212,4,25,M101101110100000011100000001000000110000100100100
12037,212,5,14,M101101110100000011100000001000000110000100100100
12038,212,6,9,M101101110100000011100000001000000110000100100100
12039,212,7,5,M101101110100000011100000001000000110000100100100
12040,212,8,21,M101101110100000011100000001000000110000100100100
12041,212,9,20,M101101110100000011100000001000000110000100100100
12042,212,10,23,M101101110100000011100000001000000110000100100100
12043,212,11,15,M101101110100000011100000001000000110000100100100
12044,212,12,2,M101101110100000011100000001000000110000100100100
12045,212,13,7,M101101110100000011100000001000000110000100100100
12046,212,14,19,M101101110100000011100000001000000110000100100100
12047,212,15,17,M101101110100000011100000001000000110000100100100
12048,212,16,31,M101101110100000011100000001000000110000100100100
12049,212,17,28,M101101110100000011100000001000000110000100100100
12050,212,18,22,M101101110100000011100000001000000110000100100100
12051,212,19,29,M101101110100000011100000001000000110000100100100
12052,212,20,11,M101101110100000011100000001000000110000100100100
12053,212,21,30,M101101110100000011100000001000000110000100100100
12054,212,22,27,M101101110100000011100000001000000110000100100100
12055,212,23,8,M101101110100000011100000001000000110000100100100
12056,212,24,10,M101101110100000011100000001000000110000100100100
12057,212,25,16,M101101110100000011100000001000000110000100100100
12058,212,26,12,M101101110100000011100000001000000110000100100100
12059,212,27,1,M101101110100000011100000001000000110000100100100
12060,212,28,18,M101101110100000011100000001000000110000100100100
12061,212,29,4,M101101110100000011100000001000000110000100100100
12062,212,30,24,M101101110100000011100000001000000110000100100100
12063,212,31,3,M101101110100000011100000001000000110000100100100
12064,134,0,12,M010100110100001000011100011100000000000000010111
12065,134,1,1,M010100110100001000011100011100000000000000010111
12066,134,2,2,M010100110100001000011100011100000000000000010111
12067,134,3,14,M010100110100001000011100011100000000000000010111
12068,134,4,8,M010100110100001000011100011100000000000000010111
12069,134,5,20,M010100110100001000011100011100000000000000010111
12070,134,6,25,M010100110100001000011100011100000000000000010111
12071,134,7,30,M010100110100001000011100011100000000000000010111
12072,134,8,0,M010100110100001000011100011100000000000000010111
12073,134,9,17,M010100110100001000011100011100000000000000010111
12074,134,10,7,M010100110100001000011100011100000000000000010111
12075,134,11,31,M010100110100001000011100011100000000000000010111
12076,134,12,23,M010100110100001000011100011100000000000000010111
12077,134,13,19,M010100110100001000011100011100000000000000010111
12078,134,14,24,M010100110100001000011100011100000000000000010111
12079,134,15,15,M010100110100001000011100011100000000000000010111
12080,134,16,16,M010100110100001000011100011100000000000000010111
12081,134,17,27,M010100110100001000011100011100000000000000010111
12082,134,18,9,M010100110100001000011100011100000000000000010111
12083,134,19,29,M010100110100001000011100011100000000000000010111
12084,134,20,22,M010100110100001000011100011100000000000000010111
12085,134,21,21,M010100110100001000011100011100000000000000010111
12086,134,22,3,M010100110100001000011100011100000000000000010111
12087,134,23,6,M010100110100001000011100011100000000000000010111
12088,134,24,10,M010100110100001000011100011100000000000000010111
12089,134,25,4,M010100110100001000011100011100000000000000010111
12090,134,26,18,M010100110100001000011100011100000000000000010111
12091,134,27,26,M010100110100001000011100011100000000000000010111
12092,134,28,11,M010100110100001000011100011100000000000000010111
12093,134,29,28,M010100110100001000011100011100000000000000010111
12094,134,30,13,M010100110100001000011100011100000000000000010111
12095,134,31,5,M010100110100001000011100011100000000000000010111
12096,521,0,10,M010101001011000001000000100000000000101011011110
12097,521,1,21,M010101001011000001000000100000000000101011011110
12098,521,2,11,M010101001011000001000000100000000000101011011110
12099,521,3,2,M010101001011000001000000100000000000101011011110
12100,521,4,27,M010101001011000001000000100000000000101011011110
12101,521,5,6,M010101001011000001000000100000000000101011011110
12102,521,6,16,M010101001011000001000000100000000000101011011110
12103,521,7,3,M010101001011000001000000100000000000101011011110
12104,521,8,17,M010101001011000001000000100000000000101011011110
12105,521,9,19,M010101001011000001000000100000000000101011011110
12106,521,10,13,M010101001011000001000000100000000000101011011110
12107,521,11,26,M010101001011000001000000100000000000101011011110
12108,521,12,15,M010101001011000001000000100000000000101011011110
12109,521,13,0,M010101001011000001000000100000000000101011011110
12110,521,14,20,M010101001011000001000000100000000000101011011110
12111,521,15,7,M010101001011000001000000100000000000101011011110
12112,521,16,1,M010101001011000001000000100000000000101011011110
12113,521,17,14,M010101001011000001000000100000000000101011011110
12114,521,18,8,M010101001011000001000000100000000000101011011110
12115,521,19,24,M010101001011000001000000100000000000101011011110
12116,521,20,9,M010101001011000001000000100000000000101011011110
12117,521,21,4,M010101001011000001000000100000000000101011011110
12118,521,22,12,M010101001011000001000000100000000000101011011110
12119,521,23,23,M010101001011000001000000100000000000101011011110
12120,521,24,30,M010101001011000001000000100000000000101011011110
12121,521,25,29,M010101001011000001000000100000000000101011011110
12122,521,26,25,M010101001011000001000000100000000000101011011110
12123,521,27,18,M010101001011000001000000100000000000101011011110
12124,521,28,31,M010101001011000001000000100000000000101011011110
12125,521,29,28,M010101001011000001000000100000000000101011011110
12126,521,30,5,M010101001011000001000000100000000000101011011110
12127,521,31,22,M010101001011000001000000100000000000101011011110
12160,29,0,7,M101000000100010000010110000010010001100100011011
12161,29,1,25,M101000000100010000010110000010010001100100011011
12162,29,2,17,M101000000100010000010110000010010001100100011011
12163,29,3,31,M101000000100010000010110000010010001100100011011
12164,29,4,21,M101000000100010000010110000010010001100100011011
12165,29,5,18,M101000000100010000010110000010010001100100011011
12166,29,6,9,M101000000100010000010110000010010001100100011011
12167,29,7,11,M101000000100010000010110000010010001100100011011
12168,29,8,1,M101000000100010000010110000010010001100100011011
12169,29,9,8,M101000000100010000010110000010010001100100011011
12170,29,10,26,M101000000100010000010110000010010001100100011011
12171,29,11,3,M101000000100010000010110000010010001100100011011
12172,29,12,4,M101000000100010000010110000010010001100100011011
12173,29,13,14,M101000000100010000010110000010010001100100011011
12174,29,14,24,M101000000100010000010110000010010001100100011011
12175,29,15,16,M101000000100010000010110000010010001100100011011
12176,29,16,27,M101000000100010000010110000010010001100100011011
12177,29,17,22,M101000000100010000010110000010010001100100011011
12178,29,18,29,M101000000100010000010110000010010001100100011011
12179,29,19,12,M101000000100010000010110000010010001100100011011
12180,29,20,2,M101000000100010000010110000010010001100100011011
12181,29,21,15,M101000000100010000010110000010010001100100011011
12182,29,22,23,M101000000100010000010110000010010001100100011011
12183,29,23,0,M101000000100010000010110000010010001100100011011
12184,29,24,6,M101000000100010000010110000010010001100100011011
12185,29,25,20,M101000000100010000010110000010010001100100011011
12186,29,26,19,M101000000100010000010110000010010001100100011011
12187,29,27,30,M101000000100010000010110000010010001100100011011
12188,29,28,13,M101000000100010000010110000010010001100100011011
12189,29,29,10,M101000000100010000010110000010010001100100011011
12190,29,30,5,M101000000100010000010110000010010001100100011011
12191,29,31,28,M101000000100010000010110000010010001100100011011
12192,145,0,22,M000011101000000110100010000010000110000010001111
12193,145,1,10,M000011101000000110100010000010000110000010001111
12194,145,2,6,M000011101000000110100010000010000110000010001111
12195,145,3,26,M000011101000000110100010000010000110000010001111
12196,145,4,19,M000011101000000110100010000010000110000010001111
12197,145,5,2,M000011101000000110100010000010000110000010001111
12198,145,6,16,M000011101000000110100010000010000110000010001111
12199,145,7,12,M000011101000000110100010000010000110000010001111
12200,145,8,7,M000011101000000110100010000010000110000010001111
12201,145,9,3,M000011101000000110100010000010000110000010001111
12202,145,10,24,M000011101000000110100010000010000110000010001111
12203,145,11,25,M000011101000000110100010000010000110000010001111
12204,145,12,8,M000011101000000110100010000010000110000010001111
12205,145,13,17,M000011101000000110100010000010000110000010001111
12206,145,14,13,M000011101000000110100010000010000110000010001111
12207,145,15,15,M000011101000000110100010000010000110000010001111
12208,145,16,29,M000011101000000110100010000010000110000010001111
12209,145,17,31,M000011101000000110100010000010000110000010001111
12210,145,18,28,M000011101000000110100010000010000110000010001111
12211,145,19,5,M000011101000000110100010000010000110000010001111
12212,145,20,20,M000011101000000110100010000010000110000010001111
12213,145,21,14,M000011101000000110100010000010000110000010001111
12214,145,22,27,M000011101000000110100010000010000110000010001111
12215,145,23,4,M000011101000000110100010000010000110000010001111
12216,145,24,9,M000011101000000110100010000010000110000010001111
12217,145,25,0,M000011101000000110100010000010000110000010001111
12218,145,26,30,M000011101000000110100010000010000110000010001111
12219,145,27,21,M000011101000000110100010000010000110000010001111
12220,145,28,1,M000011101000000110100010000010000110000010001111
12221,145,29,23,M000011101000000110100010000010000110000010001111
12222,145,30,11,M000011101000000110100010000010000110000010001111
12223,145,31,18,M000011101000000110100010000010000110000010001111
12224,96,0,28,M101010011000100010000100100000000000010000111111
12225,96,1,16,M101010011000100010000100100000000000010000111111
12226,96,2,26,M101010011000100010000100100000000000010000111111
12227,96,3,9,M101010011000100010000100100000000000010000111111
12228,96,4,22,M101010011000100010000100100000000000010000111111
12229,96,5,11,M101010011000100010000100100000000000010000111111
12230,96,6,30,M101010011000100010000100100000000000010000111111
12231,96,7,3,M101010011000100010000100100000000000010000111111
12232,96,8,27,M101010011000100010000100100000000000010000111111
12233,96,9,25,M101010011000100010000100100000000000010000111111
12234,96,10,18,M101010011000100010000100100000000000010000111111
12235,96,11,10,M101010011000100010000100100000000000010000111111
12236,96,12,13,M101010011000100010000100100000000000010000111111
12237,96,13,17,M101010011000100010000100100000000000010000111111
12238,96,14,0,M101010011000100010000100100000000000010000111111
12239,96,15,8,M101010011000100010000100100000000000010000111111
12240,96,16,31,M101010011000100010000100100000000000010000111111
12241,96,17,24,M101010011000100010000100100000000000010000111111
12242,96,18,4,M101010011000100010000100100000000000010000111111
12243,96,19,1,M101010011000100010000100100000000000010000111111
12244,96,20,14,M101010011000100010000100100000000000010000111111
12245,96,21,2,M101010011000100010000100100000000000010000111111
12246,96,22,5,M101010011000100010000100100000000000010000111111
12247,96,23,23,M101010011000100010000100100000000000010000111111
12248,96,24,21,M101010011000100010000100100000000000010000111111
12249,96,25,15,M101010011000100010000100100000000000010000111111
12250,96,26,6,M101010011000100010000100100000000000010000111111
12251,96,27,12,M101010011000100010000100100000000000010000111111
12252,96,28,19,M101010011000100010000100100000000000010000111111
12253,96,29,7,M101010011000100010000100100000000000010000111111
12254,96,30,20,M101010011000100010000100100000000000010000111111
12255,96,31,29,M101010011000100010000100100000000000010000111111
12288,514,0,2,M011001000010000101000100100100100000100010111010
12289,514,1,14,M011001000010000101000100100100100000100010111010
12290,514,2,30,M011001000010000101000100100100100000100010111010
12291,514,3,29,M011001000010000101000100100100100000100010111010
12292,514,4,25,M011001000010000101000100100100100000100010111010
12293,514,5,16,M011001000010000101000100100100100000100010111010
12294,514,6,8,M011001000010000101000100100100100000100010111010
12295,514,7,20,M011001000010000101000100100100100000100010111010
12296,514,8,23,M011001000010000101000100100100100000100010111010
12297,514,9,11,M011001000010000101000100100100100000100010111010
12298,514,10,3,M011001000010000101000100100100100000100010111010
12299,514,11,19,M011001000010000101000100100100100000100010111010
12300,514,12,31,M011001000010000101000100100100100000100010111010
12301,514,13,6,M011001000010000101000100100100100000100010111010
12302,514,14,26,M011001000010000101000100100100100000100010111010
12303,514,15,27,M011001000010000101000100100100100000100010111010
12304,514,16,21,M011001000010000101000100100100100000100010111010
12305,514,17,22,M011001000010000101000100100100100000100010111010
12306,514,18,9,M011001000010000101000100100100100000100010111010
12307,514,19,5,M011001000010000101000100100100100000100010111010
12308,514,20,1,M011001000010000101000100100100100000100010111010
12309,514,21,10,M011001000010000101000100100100100000100010111010
12310,514,22,12,M011001000010000101000100100100100000100010111010
12311,514,23,13,M011001000010000101000100100100100000100010111010
12312,514,24,17,M011001000010000101000100100100100000100010111010
12313,514,25,24,M011001000010000101000100100100100000100010111010
12314,514,26,28,M011001000010000101000100100100100000100010111010
12315,514,27,7,M011001000010000101000100100100100000100010111010
12316,514,28,0,M011001000010000101000100100100100000100010111010
12317,514,29,18,M011001000010000101000100100100100000100010111010
12318,514,30,4,M011001000010000101000100100100100000100010111010
12319,514,31,15,M011001000010000101000100100100100000100010111010
12320,310,0,10,M111110000000000000010001100000101100000000101111
12321,310,1,7,M111110000000000000010001100000101100000000101111
12322,310,2,27,M111110000000000000010001100000101100000000101111
12323,310,3,18,M111110000000000000010001100000101100000000101111
12324,310,4,24,M111110000000000000010001100000101100000000101111
12325,310,5,28,M111110000000000000010001100000101100000000101111
12326,310,6,31,M111110000000000000010001100000101100000000101111
12327,310,7,11,M111110000000000000010001100000101100000000101111
12328,310,8,14,M111110000000000000010001100000101100000000101111
12329,310,9,6,M111110000000000000010001100000101100000000101111
12330,310,10,20,M111110000000000000010001100000101100000000101111
12331,310,11,30,M111110000000000000010001100000101100000000101111
12332,310,12,3,M111110000000000000010001100000101100000000101111
12333,310,13,29,M111110000000000000010001100000101100000000101111
12334,310,14,8,M111110000000000000010001100000101100000000101111
12335,310,15,12,M111110000000000000010001100000101100000000101111
12336,310,16,21,M111110000000000000010001100000101100000000101111
12337,310,17,13,M111110000000000000010001100000101100000000101111
12338,310,18,19,M111110000000000000010001100000101100000000101111
12339,310,19,16,M111110000000000000010001100000101100000000101111
12340,310,20,4,M111110000000000000010001100000101100000000101111
12341,310,21,2,M111110000000000000010001100000101100000000101111
12342,310,22,23,M111110000000000000010001100000101100000000101111
12343,310,23,1,M111110000000000000010001100000101100000000101111
12344,310,24,15,M111110000000000000010001100000101100000000101111
12345,310,25,22,M111110000000000000010001100000101100000000101111
12346,310,26,0,M111110000000000000010001100000101100000000101111
12347,310,27,25,M111110000000000000010001100000101100000000101111
12348,310,28,5,M111110000000000000010001100000101100000000101111
12349,310,29,26,M111110000000000000010001100000101100000000101111
12350,310,30,17,M111110000000000000010001100000101100000000101111
12351,310,31,9,M111110000000000000010001100000101100000000101111
12384,480,0,11,M010111100100100010011010000010100100001000000001
12385,480,1,26,M010111100100100010011010000010100100001000000001
12386,480,2,25,M010111100100100010011010000010100100001000000001
12387,480,3,14,M010111100100100010011010000010100100001000000001
12388,480,4,21,M010111100100100010011010000010100100001000000001
12389,480,5,19,M010111100100100010011010000010100100001000000001
12390,480,6,24,M010111100100100010011010000010100100001000000001
12391,480,7,16,M010111100100100010011010000010100100001000000001
12392,480,8,20,M010111100100100010011010000010100100001000000001
12393,480,9,31,M010111100100100010011010000010100100001000000001
12394,480,10,2,M010111100100100010011010000010100100001000000001
12395,480,11,17,M010111100100100010011010000010100100001000000001
12396,480,12,15,M010111100100100010011010000010100100001000000001
12397,480,13,8,M010111100100100010011010000010100100001000000001
12398,480,14,9,M010111100100100010011010000010100100001000000001
12399,480,15,7,M010111100100100010011010000010100100001000000001
12400,480,16,5,M010111100100100010011010000010100100001000000001
12401,480,17,4,M010111100100100010011010000010100100001000000001
12402,480,18,30,M010111100100100010011010000010100100001000000001
12403,480,19,27,M010111100100100010011010000010100100001000000001
12404,480,20,1,M010111100100100010011010000010100100001000000001
12405,480,21,0,M010111100100100010011010000010100100001000000001
12406,480,22,29,M010111100100100010011010000010100100001000000001
12407,480,23,10,M010111100100100010011010000010100100001000000001
12408,480,24,3,M010111100100100010011010000010100100001000000001
12409,480,25,18,M010111100100100010011010000010100100001000000001
12410,480,26,28,M010111100100100010011010000010100100001000000001
12411,480,27,13,M010111100100100010011010000010100100001000000001
12412,480,28,22,M010111100100100010011010000010100100001000000001
12413,480,29,6,M010111100100100010011010000010100100001000000001
12414,480,30,23,M010111100100100010011010000010100100001000000001
12415,480,31,12,M010111100100100010011010000010100100001000000001
12416,263,0,10,M110010100110000000010000000100000001100101111100
12417,263,1,2,M110010100110000000010000000100000001100101111100
12418,263,2,31,M110010100110000000010000000100000001100101111100
12419,263,3,18,M110010100110000000010000000100000001100101111100
12420,263,4,20,M110010100110000000010000000100000001100101111100
12421,263,5,13,M110010100110000000010000000100000001100101111100
12422,263,6,26,M110010100110000000010000000100000001100101111100
12423,263,7,23,M110010100110000000010000000100000001100101111100
12424,263,8,22,M110010100110000000010000000100000001100101111100
12425,263,9,0,M110010100110000000010000000100000001100101111100
12426,263,10,6,M110010100110000000010000000100000001100101111100
12427,263,11,28,M110010100110000000010000000100000001100101111100
12428,263,12,24,M110010100110000000010000000100000001100101111100
12429,263,13,16,M110010100110000000010000000100000001100101111100
12430,263,14,11,M110010100110000000010000000100000001100101111100
12431,263,15,19,M110010100110000000010000000100000001100101111100
12432,263,16,12,M110010100110000000010000000100000001100101111100
12433,263,17,3,M110010100110000000010000000100000001100101111100
12434,263,18,15,M110010100110000000010000000100000001100101111100
12435,263,19,8,M110010100110000000010000000100000001100101111100
12436,263,20,25,M110010100110000000010000000100000001100101111100
12437,263,21,7,M110010100110000000010000000100000001100101111100
12438,263,22,17,M110010100110000000010000000100000001100101111100
12439,263,23,4,M110010100110000000010000000100000001100101111100
12440,263,24,9,M110010100110000000010000000100000001100101111100
12441,263,25,27,M110010100110000000010000000100000001100101111100
12442,263,26,29,M110010100110000000010000000100000001100101111100
12443,263,27,30,M110010100110000000010000000100000001100101111100
12444,263,28,5,M110010100110000000010000000100000001100101111100
12445,263,29,21,M110010100110000000010000000100000001100101111100
12446,263,30,14,M110010100110000000010000000100000001100101111100
12447,263,31,1,M110010100110000000010000000100000001100101111100
12448,427,0,18,M101101000000000000000101001101110000001001110010
12449,427,1,2,M101101000000000000000101001101110000001001110010
12450,427,2,16,M101101000000000000000101001101110000001001110010
12451,427,3,6,M101101000000000000000101001101110000001001110010
12452,427,4,29,M101101000000000000000101001101110000001001110010
12453,427,5,11,M101101000000000000000101001101110000001001110010
12454,427,6,30,M101101000000000000000101001101110000001001110010
12455,427,7,10,M101101000000000000000101001101110000001001110010
12456,427,8,13,M101101000000000000000101001101110000001001110010
12457,427,9,23,M101101000000000000000101001101110000001001110010
12458,427,10,8,M101101000000000000000101001101110000001001110010
12459,427,11,22,M101101000000000000000101001101110000001001110010
12460,427,12,31,M101101000000000000000101001101110000001001110010
12461,427,13,15,M101101000000000000000101001101110000001001110010
12462,427,14,19,M101101000000000000000101001101110000001001110010
12463,427,15,25,M101101000000000000000101001101110000001001110010
12464,427,16,14,M101101000000000000000101001101110000001001110010
12465,427,17,17,M101101000000000000000101001101110000001001110010
12466,427,18,4,M101101000000000000000101001101110000001001110010
12467,427,19,0,M101101000000000000000101001101110000001001110010
12468,427,20,9,M101101000000000000000101001101110000001001110010
12469,427,21,7,M101101000000000000000101001101110000001001110010
12470,427,22,28,M101101000000000000000101001101110000001001110010
12471,427,23,12,M101101000000000000000101001101110000001001110010
12472,427,24,5,M101101000000000000000101001101110000001001110010
12473,427,25,1,M101101000000000000000101001101110000001001110010
12474,427,26,24,M101101000000000000000101001101110000001001110010
12475,427,27,21,M101101000000000000000101001101110000001001110010
12476,427,28,3,M101101000000000000000101001101110000001001110010
12477,427,29,26,M101101000000000000000101001101110000001001110010
12478,427,30,27,M101101000000000000000101001101110000001001110010
12479,427,31,20,M101101000000000000000101001101110000001001110010
12480,207,0,22,M111101100010001000001000000000010001001000101101
12481,207,1,26,M111101100010001000001000000000010001001000101101
12482,207,2,0,M111101100010001000001000000000010001001000101101
12483,207,3,14,M111101100010001000001000000000010001001000101101
12484,207,4,20,M111101100010001000001000000000010001001000101101
12485,207,5,2,M111101100010001000001000000000010001001000101101
12486,207,6,8,M111101100010001000001000000000010001001000101101
12487,207,7,17,M111101100010001000001000000000010001001000101101
12488,207,8,29,M111101100010001000001000000000010001001000101101
12489,207,9,30,M111101100010001000001000000000010001001000101101
12490,207,10,6,M111101100010001000001000000000010001001000101101
12491,207,11,23,M111101100010001000001000000000010001001000101101
12492,207,12,21,M111101100010001000001000000000010001001000101101
12493,207,13,24,M111101100010001000001000000000010001001000101101
12494,207,14,27,M111101100010001000001000000000010001001000101101
12495,207,15,12,M111101100010001000001000000000010001001000101101
12496,207,16,16,M111101100010001000001000000000010001001000101101
12497,207,17,9,M111101100010001000001000000000010001001000101101
12498,207,18,13,M111101100010001000001000000000010001001000101101
12499,207,19,11,M111101100010001000001000000000010001001000101101
12500,207,20,3,M111101100010001000001000000000010001001000101101
12501,207,21,19,M111101100010001000001000000000010001001000101101
12502,207,22,7,M111101100010001000001000000000010001001000101101
12503,207,23,1,M111101100010001000001000000000010001001000101101
12504,207,24,18,M111101100010001000001000000000010001001000101101
12505,207,25,31,M111101100010001000001000000000010001001000101101
12506,207,26,4,M111101100010001000001000000000010001001000101101
12507,207,27,25,M111101100010001000001000000000010001001000101101
12508,207,28,28,M111101100010001000001000000000010001001000101101
12509,207,29,10,M111101100010001000001000000000010001001000101101
12510,207,30,15,M111101100010001000001000000000010001001000101101
12511,207,31,5,M111101100010001000001000000000010001001000101101
12512,273,0,0,M111111001000001000101100000000000001010010100101
12513,273,1,14,M111111001000001000101100000000000001010010100101
12514,273,2,4,M111111001000001000101100000000000001010010100101
12515,273,3,3,M111111001000001000101100000000000001010010100101
12516,273,4,16,M111111001000001000101100000000000001010010100101
12517,273,5,18,M111111001000001000101100000000000001010010100101
12518,273,6,17,M111111001000001000101100000000000001010010100101
12519,273,7,22,M111111001000001000101100000000000001010010100101
12520,273,8,15,M111111001000001000101100000000000001010010100101
12521,273,9,26,M111111001000001000101100000000000001010010100101
12522,273,10,27,M111111001000001000101100000000000001010010100101
12523,273,11,28,M111111001000001000101100000000000001010010100101
12524,273,12,12,M111111001000001000101100000000000001010010100101
12525,273,13,29,M111111001000001000101100000000000001010010100101
12526,273,14,31,M111111001000001000101100000000000001010010100101
12527,273,15,2,M111111001000001000101100000000000001010010100101
12528,273,16,1,M111111001000001000101100000000000001010010100101
12529,273,17,21,M111111001000001000101100000000000001010010100101
12530,273,18,9,M111111001000001000101100000000000001010010100101
12531,273,19,19,M111111001000001000101100000000000001010010100101
12532,273,20,5,M111111001000001000101100000000000001010010100101
12533,273,21,23,M111111001000001000101100000000000001010010100101
12534,273,22,30,M111111001000001000101100000000000001010010100101
12535,273,23,13,M111111001000001000101100000000000001010010100101
12536,273,24,20,M111111001000001000101100000000000001010010100101
12537,273,25,6,M111111001000001000101100000000000001010010100101
12538,273,26,10,M111111001000001000101100000000000001010010100101
12539,273,27,8,M111111001000001000101100000000000001010010100101
12540,273,28,25,M111111001000001000101100000000000001010010100101
12541,273,29,7,M111111001000001000101100000000000001010010100101
12542,273,30,24,M111111001000001000101100000000000001010010100101
12543,273,31,11,M111111001000001000101100000000000001010010100101
12544,147,0,22,M011101000000001000001101000101001001001001001010
12545,147,1,9,M011101000000001000001101000101001001001001001010
12546,147,2,27,M011101000000001000001101000101001001001001001010
12547,147,3,12,M011101000000001000001101000101001001001001001010
12548,147,4,21,M011101000000001000001101000101001001001001001010
12549,147,5,16,M011101000000001000001101000101001001001001001010
12550,147,6,8,M011101000000001000001101000101001001001001001010
12551,147,7,5,M011101000000001000001101000101001001001001001010
12552,147,8,1,M011101000000001000001101000101001001001001001010
12553,147,9,4,M011101000000001000001101000101001001001001001010
12554,147,10,30,M011101000000001000001101000101001001001001001010
12555,147,11,0,M011101000000001000001101000101001001001001001010
12556,147,12,2,M011101000000001000001101000101001001001001001010
12557,147,13,28,M011101000000001000001101000101001001001001001010
12558,147,14,11,M011101000000001000001101000101001001001001001010
12559,147,15,18,M011101000000001000001101000101001001001001001010
12560,147,16,25,M011101000000001000001101000101001001001001001010
12561,147,17,7,M011101000000001000001101000101001001001001001010
12562,147,18,17,M011101000000001000001101000101001001001001001010
12563,147,19,3,M011101000000001000001101000101001001001001001010
12564,147,20,14,M011101000000001000001101000101001001001001001010
12565,147,21,19,M011101000000001000001101000101001001001001001010
12566,147,22,6,M011101000000001000001101000101001001001001001010
12567,147,23,13,M011101000000001000001101000101001001001001001010
12568,147,24,29,M011101000000001000001101000101001001001001001010
12569,147,25,26,M011101000000001000001101000101001001001001001010
12570,147,26,10,M011101000000001000001101000101001001001001001010
12571,147,27,31,M011101000000001000001101000101001001001001001010
12572,147,28,20,M011101000000001000001101000101001001001001001010
12573,147,29,24,M011101000000001000001101000101001001001001001010
12574,147,30,15,M011101000000001000001101000101001001001001001010
12575,147,31,23,M011101000000001000001101000101001001001001001010
12640,327,0,19,M001111001001010001000000000100010010001100101010
12641,327,1,25,M001111001001010001000000000100010010001100101010
12642,327,2,3,M001111001001010001000000000100010010001100101010
12643,327,3,23,M001111001001010001000000000100010010001100101010
12644,327,4,20,M001111001001010001000000000100010010001100101010
12645,327,5,28,M001111001001010001000000000100010010001100101010
12646,327,6,2,M001111001001010001000000000100010010001100101010
12647,327,7,24,M001111001001010001000000000100010010001100101010
12648,327,8,0,M001111001001010001000000000100010010001100101010
12649,327,9,12,M001111001001010001000000000100010010001100101010
12650,327,10,16,M001111001001010001000000000100010010001100101010
12651,327,11,21,M001111001001010001000000000100010010001100101010
12652,327,12,29,M001111001001010001000000000100010010001100101010
12653,327,13,7,M001111001001010001000000000100010010001100101010
12654,327,14,26,M001111001001010001000000000100010010001100101010
12655,327,15,17,M001111001001010001000000000100010010001100101010
12656,327,16,8,M001111001001010001000000000100010010001100101010
12657,327,17,18,M001111001001010001000000000100010010001100101010
12658,327,18,6,M001111001001010001000000000100010010001100101010
12659,327,19,22,M001111001001010001000000000100010010001100101010
12660,327,20,4,M001111001001010001000000000100010010001100101010
12661,327,21,30,M001111001001010001000000000100010010001100101010
12662,327,22,27,M001111001001010001000000000100010010001100101010
12663,327,23,13,M001111001001010001000000000100010010001100101010
12664,327,24,31,M001111001001010001000000000100010010001100101010
12665,327,25,5,M001111001001010001000000000100010010001100101010
12666,327,26,15,M001111001001010001000000000100010010001100101010
12667,327,27,14,M001111001001010001000000000100010010001100101010
12668,327,28,11,M001111001001010001000000000100010010001100101010
12669,327,29,9,M001111001001010001000000000100010010001100101010
12670,327,30,10,M001111001001010001000000000100010010001100101010
12671,327,31,1,M001111001001010001000000000100010010001100101010
12672,173,0,18,M101001011000001100010000010000010000000100111110
12673,173,1,24,M101001011000001100010000010000010000000100111110
12674,173,2,10,M101001011000001100010000010000010000000100111110
12675,173,3,28,M101001011000001100010000010000010000000100111110
12676,173,4,16,M101001011000001100010000010000010000000100111110
12677,173,5,15,M101001011000001100010000010000010000000100111110
12678,173,6,29,M101001011000001100010000010000010000000100111110
12679,173,7,2,M101001011000001100010000010000010000000100111110
12680,173,8,26,M101001011000001100010000010000010000000100111110
12681,173,9,19,M101001011000001100010000010000010000000100111110
12682,173,10,9,M101001011000001100010000010000010000000100111110
12683,173,11,11,M101001011000001100010000010000010000000100111110
12684,173,12,3,M101001011000001100010000010000010000000100111110
12685,173,13,5,M101001011000001100010000010000010000000100111110
12686,173,14,7,M101001011000001100010000010000010000000100111110
12687,173,15,13,M101001011000001100010000010000010000000100111110
12688,173,16,17,M101001011000001100010000010000010000000100111110
12689,173,17,20,M101001011000001100010000010000010000000100111110
12690,173,18,23,M101001011000001100010000010000010000000100111110
12691,173,19,25,M101001011000001100010000010000010000000100111110
12692,173,20,0,M101001011000001100010000010000010000000100111110
12693,173,21,31,M101001011000001100010000010000010000000100111110
12694,173,22,21,M101001011000001100010000010000010000000100111110
12695,173,23,12,M101001011000001100010000010000010000000100111110
12696,173,24,8,M101001011000001100010000010000010000000100111110
12697,173,25,14,M101001011000001100010000010000010000000100111110
12698,173,26,30,M101001011000001100010000010000010000000100111110
12699,173,27,1,M101001011000001100010000010000010000000100111110
12700,173,28,22,M101001011000001100010000010000010000000100111110
12701,173,29,4,M101001011000001100010000010000010000000100111110
12702,173,30,27,M101001011000001100010000010000010000000100111110
12703,173,31,6,M101001011000001100010000010000010000000100111110
12704,24,0,14,M111111000000001100101000000000001000000000111110
12705,24,1,10,M111111000000001100101000000000001000000000111110
12706,24,2,7,M111111000000001100101000000000001000000000111110
12707,24,3,13,M111111000000001100101000000000001000000000111110
12708,24,4,31,M111111000000001100101000000000001000000000111110
12709,24,5,25,M111111000000001100101000000000001000000000111110
12710,24,6,23,M111111000000001100101000000000001000000000111110
12711,24,7,11,M111111000000001100101000000000001000000000111110
12712,24,8,5,M111111000000001100101000000000001000000000111110
12713,24,9,18,M111111000000001100101000000000001000000000111110
12714,24,10,27,M111111000000001100101000000000001000000000111110
12715,24,11,29,M111111000000001100101000000000001000000000111110
12716,24,12,1,M111111000000001100101000000000001000000000111110
12717,24,13,2,M111111000000001100101000000000001000000000111110
12718,24,14,22,M111111000000001100101000000000001000000000111110
12719,24,15,17,M111111000000001100101000000000001000000000111110
12720,24,16,24,M111111000000001100101000000000001000000000111110
12721,24,17,8,M111111000000001100101000000000001000000000111110
12722,24,18,28,M111111000000001100101000000000001000000000111110
12723,24,19,0,M111111000000001100101000000000001000000000111110
12724,24,20,30,M111111000000001100101000000000001000000000111110
12725,24,21,6,M111111000000001100101000000000001000000000111110
12726,24,22,3,M111111000000001100101000000000001000000000111110
12727,24,23,12,M111111000000001100101000000000001000000000111110
12728,24,24,4,M111111000000001100101000000000001000000000111110
12729,24,25,26,M111111000000001100101000000000001000000000111110
12730,24,26,9,M111111000000001100101000000000001000000000111110
12731,24,27,21,M111111000000001100101000000000001000000000111110
12732,24,28,19,M111111000000001100101000000000001000000000111110
12733,24,29,16,M111111000000001100101000000000001000000000111110
12734,24,30,20,M111111000000001100101000000000001000000000111110
12735,24,31,15,M111111000000001100101000000000001000000000111110
12800,446,0,30,M110101000001000110001001000000000000000100111110
12801,446,1,14,M110101000001000110001001000000000000000100111110
12802,446,2,9,M110101000001000110001001000000000000000100111110
12803,446,3,2,M110101000001000110001001000000000000000100111110
12804,446,4,27,M110101000001000110001001000000000000000100111110
12805,446,5,4,M110101000001000110001001000000000000000100111110
12806,446,6,22,M110101000001000110001001000000000000000100111110
12807,446,7,28,M110101000001000110001001000000000000000100111110
12808,446,8,20,M110101000001000110001001000000000000000100111110
12809,446,9,31,M110101000001000110001001000000000000000100111110
12810,446,10,6,M110101000001000110001001000000000000000100111110
12811,446,11,8,M110101000001000110001001000000000000000100111110
12812,446,12,13,M110101000001000110001001000000000000000100111110
12813,446,13,1,M110101000001000110001001000000000000000100111110
12814,446,14,21,M110101000001000110001001000000000000000100111110
12815,446,15,0,M110101000001000110001001000000000000000100111110
12816,446,16,10,M110101000001000110001001000000000000000100111110
12817,446,17,12,M110101000001000110001001000000000000000100111110
12818,446,18,3,M110101000001000110001001000000000000000100111110
12819,446,19,24,M110101000001000110001001000000000000000100111110
12820,446,20,5,M110101000001000110001001000000000000000100111110
12821,446,21,26,M110101000001000110001001000000000000000100111110
12822,446,22,15,M110101000001000110001001000000000000000100111110
12823,446,23,19,M110101000001000110001001000000000000000100111110
12824,446,24,7,M110101000001000110001001000000000000000100111110
12825,446,25,29,M110101000001000110001001000000000000000100111110
12826,446,26,18,M110101000001000110001001000000000000000100111110
12827,446,27,16,M110101000001000110001001000000000000000100111110
12828,446,28,17,M110101000001000110001001000000000000000100111110
12829,446,29,25,M110101000001000110001001000000000000000100111110
12830,446,30,23,M110101000001000110001001000000000000000100111110
12831,446,31,11,M110101000001000110001001000000000000000100111110
12832,550,0,22,M100001101111000100000001101011000010000000010011
12833,550,1,31,M100001101111000100000001101011000010000000010011
12834,550,2,24,M100001101111000100000001101011000010000000010011
12835,550,3,14,M100001101111000100000001101011000010000000010011
12836,550,4,20,M100001101111000100000001101011000010000000010011
12837,550,5,13,M100001101111000100000001101011000010000000010011
12838,550,6,18,M100001101111000100000001101011000010000000010011
12839,550,7,12,M100001101111000100000001101011000010000000010011
12840,550,8,17,M100001101111000100000001101011000010000000010011
12841,550,9,23,M100001101111000100000001101011000010000000010011
12842,550,10,30,M100001101111000100000001101011000010000000010011
12843,550,11,21,M100001101111000100000001101011000010000000010011
12844,550,12,8,M100001101111000100000001101011000010000000010011
12845,550,13,15,M100001101111000100000001101011000010000000010011
12846,550,14,0,M100001101111000100000001101011000010000000010011
12847,550,15,11,M100001101111000100000001101011000010000000010011
12848,550,16,3,M100001101111000100000001101011000010000000010011
12849,550,17,10,M100001101111000100000001101011000010000000010011
12850,550,18,28,M100001101111000100000001101011000010000000010011
12851,550,19,1,M100001101111000100000001101011000010000000010011
12852,550,20,9,M100001101111000100000001101011000010000000010011
12853,550,21,2,M100001101111000100000001101011000010000000010011
12854,550,22,19,M100001101111000100000001101011000010000000010011
12855,550,23,6,M100001101111000100000001101011000010000000010011
12856,550,24,25,M100001101111000100000001101011000010000000010011
12857,550,25,26,M100001101111000100000001101011000010000000010011
12858,550,26,29,M100001101111000100000001101011000010000000010011
12859,550,27,4,M100001101111000100000001101011000010000000010011
12860,550,28,5,M100001101111000100000001101011000010000000010011
12861,550,29,27,M100001101111000100000001101011000010000000010011
12862,550,30,16,M100001101111000100000001101011000010000000010011
12863,550,31,7,M100001101111000100000001101011000010000000010011
12896,484,0,11,M001110001011001000000001010000010000000101011011
12897,484,1,22,M001110001011001000000001010000010000000101011011
12898,484,2,0,M001110001011001000000001010000010000000101011011
12899,484,3,18,M001110001011001000000001010000010000000101011011
12900,484,4,1,M001110001011001000000001010000010000000101011011
12901,484,5,19,M001110001011001000000001010000010000000101011011
12902,484,6,24,M001110001011001000000001010000010000000101011011
12903,484,7,27,M001110001011001000000001010000010000000101011011
12904,484,8,7,M001110001011001000000001010000010000000101011011
12905,484,9,8,M001110001011001000000001010000010000000101011011
12906,484,10,12,M001110001011001000000001010000010000000101011011
12907,484,11,31,M001110001011001000000001010000010000000101011011
12908,484,12,3,M001110001011001000000001010000010000000101011011
12909,484,13,4,M001110001011001000000001010000010000000101011011
12910,484,14,2,M001110001011001000000001010000010000000101011011
12911,484,15,15,M001110001011001000000001010000010000000101011011
12912,484,16,17,M001110001011001000000001010000010000000101011011
12913,484,17,23,M001110001011001000000001010000010000000101011011
12914,484,18,29,M001110001011001000000001010000010000000101011011
12915,484,19,30,M001110001011001000000001010000010000000101011011
12916,484,20,26,M001110001011001000000001010000010000000101011011
12917,484,21,6,M001110001011001000000001010000010000000101011011
12918,484,22,13,M001110001011001000000001010000010000000101011011
12919,484,23,9,M001110001011001000000001010000010000000101011011
12920,484,24,25,M001110001011001000000001010000010000000101011011
12921,484,25,20,M001110001011001000000001010000010000000101011011
12922,484,26,16,M001110001011001000000001010000010000000101011011
12923,484,27,28,M001110001011001000000001010000010000000101011011
12924,484,28,10,M001110001011001000000001010000010000000101011011
12925,484,29,5,M001110001011001000000001010000010000000101011011
12926,484,30,14,M001110001011001000000001010000010000000101011011
12927,484,31,21,M001110001011001000000001010000010000000101011011
12992,208,0,17,M000111000010010011100001000100100001010000011010
12993,208,1,19,M000111000010010011100001000100100001010000011010
12994,208,2,22,M000111000010010011100001000100100001010000011010
12995,208,3,20,M000111000010010011100001000100100001010000011010
12996,208,4,1,M000111000010010011100001000100100001010000011010
12997,208,5,23,M000111000010010011100001000100100001010000011010
12998,208,6,5,M000111000010010011100001000100100001010000011010
12999,208,7,14,M000111000010010011100001000100100001010000011010
13000,208,8,16,M000111000010010011100001000100100001010000011010
13001,208,9,11,M000111000010010011100001000100100001010000011010
13002,208,10,28,M000111000010010011100001000100100001010000011010
13003,208,11,24,M000111000010010011100001000100100001010000011010
13004,208,12,30,M000111000010010011100001000100100001010000011010
13005,208,13,25,M000111000010010011100001000100100001010000011010
13006,208,14,6,M000111000010010011100001000100100001010000011010
13007,208,15,18,M000111000010010011100001000100100001010000011010
13008,208,16,3,M000111000010010011100001000100100001010000011010
13009,208,17,0,M000111000010010011100001000100100001010000011010
13010,208,18,12,M000111000010010011100001000100100001010000011010
13011,208,19,2,M000111000010010011100001000100100001010000011010
13012,208,20,29,M000111000010010011100001000100100001010000011010
13013,208,21,31,M000111000010010011100001000100100001010000011010
13014,208,22,21,M000111000010010011100001000100100001010000011010
13015,208,23,9,M000111000010010011100001000100100001010000011010
13016,208,24,26,M000111000010010011100001000100100001010000011010
13017,208,25,13,M000111000010010011100001000100100001010000011010
13018,208,26,15,M000111000010010011100001000100100001010000011010
13019,208,27,10,M000111000010010011100001000100100001010000011010
13020,208,28,4,M000111000010010011100001000100100001010000011010
13021,208,29,8,M000111000010010011100001000100100001010000011010
13022,208,30,7,M000111000010010011100001000100100001010000011010
13023,208,31,27,M000111000010010011100001000100100001010000011010
13024,511,0,19,M011101100000010010000000001000010001001000101111
13025,511,1,2,M011101100000010010000000001000010001001000101111
13026,511,2,11,M011101100000010010000000001000010001001000101111
13027,511,3,9,M011101100000010010000000001000010001001000101111
13028,511,4,3,M011101100000010010000000001000010001001000101111
13029,511,5,17,M011101100000010010000000001000010001001000101111
13030,511,6,0,M011101100000010010000000001000010001001000101111
13031,511,7,6,M011101100000010010000000001000010001001000101111
13032,511,8,18,M011101100000010010000000001000010001001000101111
13033,511,9,30,M011101100000010010000000001000010001001000101111
13034,511,10,8,M011101100000010010000000001000010001001000101111
13035,511,11,23,M011101100000010010000000001000010001001000101111
13036,511,12,27,M011101100000010010000000001000010001001000101111
13037,511,13,26,M011101100000010010000000001000010001001000101111
13038,511,14,10,M011101100000010010000000001000010001001000101111
13039,511,15,14,M011101100000010010000000001000010001001000101111
13040,511,16,24,M011101100000010010000000001000010001001000101111
13041,511,17,4,M011101100000010010000000001000010001001000101111
13042,511,18,21,M011101100000010010000000001000010001001000101111
13043,511,19,7,M011101100000010010000000001000010001001000101111
13044,511,20,29,M011101100000010010000000001000010001001000101111
13045,511,21,16,M011101100000010010000000001000010001001000101111
13046,511,22,15,M011101100000010010000000001000010001001000101111
13047,511,23,20,M011101100000010010000000001000010001001000101111
13048,511,24,28,M011101100000010010000000001000010001001000101111
13049,511,25,12,M011101100000010010000000001000010001001000101111
13050,511,26,31,M011101100000010010000000001000010001001000101111
13051,511,27,1,M011101100000010010000000001000010001001000101111
13052,511,28,13,M011101100000010010000000001000010001001000101111
13053,511,29,22,M011101100000010010000000001000010001001000101111
13054,511,30,25,M011101100000010010000000001000010001001000101111
13055,511,31,5,M011101100000010010000000001000010001001000101111
13056,543,0,11,M010010001110000100011000100100011100000000100110
13057,543,1,16,M010010001110000100011000100100011100000000100110
13058,543,2,0,M010010001110000100011000100100011100000000100110
13059,543,3,8,M010010001110000100011000100100011100000000100110
13060,543,4,22,M010010001110000100011000100100011100000000100110
13061,543,5,17,M010010001110000100011000100100011100000000100110
13062,543,6,1,M010010001110000100011000100100011100000000100110
13063,543,7,19,M010010001110000100011000100100011100000000100110
13064,543,8,23,M010010001110000100011000100100011100000000100110
13065,543,9,4,M010010001110000100011000100100011100000000100110
13066,543,10,27,M010010001110000100011000100100011100000000100110
13067,543,11,14,M010010001110000100011000100100011100000000100110
13068,543,12,20,M010010001110000100011000100100011100000000100110
13069,543,13,9,M010010001110000100011000100100011100000000100110
13070,543,14,3,M010010001110000100011000100100011100000000100110
13071,543,15,18,M010010001110000100011000100100011100000000100110
13072,543,16,7,M010010001110000100011000100100011100000000100110
13073,543,17,28,M010010001110000100011000100100011100000000100110
13074,543,18,24,M010010001110000100011000100100011100000000100110
13075,543,19,13,M010010001110000100011000100100011100000000100110
13076,543,20,15,M010010001110000100011000100100011100000000100110
13077,543,21,6,M010010001110000100011000100100011100000000100110
13078,543,22,21,M010010001110000100011000100100011100000000100110
13079,543,23,31,M010010001110000100011000100100011100000000100110
13080,543,24,29,M010010001110000100011000100100011100000000100110
13081,543,25,5,M010010001110000100011000100100011100000000100110
13082,543,26,10,M010010001110000100011000100100011100000000100110
13083,543,27,30,M010010001110000100011000100100011100000000100110
13084,543,28,2,M010010001110000100011000100100011100000000100110
13085,543,29,12,M010010001110000100011000100100011100000000100110
13086,543,30,25,M010010001110000100011000100100011100000000100110
13087,543,31,26,M010010001110000100011000100100011100000000100110
13088,347,0,21,M010010001110010100001001101001001000100000010010
13089,347,1,2,M010010001110010100001001101001001000100000010010
13090,347,2,11,M010010001110010100001001101001001000100000010010
13091,347,3,15,M010010001110010100001001101001001000100000010010
13092,347,4,26,M010010001110010100001001101001001000100000010010
13093,347,5,10,M010010001110010100001001101001001000100000010010
13094,347,6,27,M010010001110010100001001101001001000100000010010
13095,347,7,24,M010010001110010100001001101001001000100000010010
13096,347,8,30,M010010001110010100001001101001001000100000010010
13097,347,9,8,M010010001110010100001001101001001000100000010010
13098,347,10,0,M010010001110010100001001101001001000100000010010
13099,347,11,16,M010010001110010100001001101001001000100000010010
13100,347,12,3,M010010001110010100001001101001001000100000010010
13101,347,13,31,M010010001110010100001001101001001000100000010010
13102,347,14,29,M010010001110010100001001101001001000100000010010
13103,347,15,12,M010010001110010100001001101001001000100000010010
13104,347,16,7,M010010001110010100001001101001001000100000010010
13105,347,17,28,M010010001110010100001001101001001000100000010010
13106,347,18,25,M010010001110010100001001101001001000100000010010
13107,347,19,9,M010010001110010100001001101001001000100000010010
13108,347,20,19,M010010001110010100001001101001001000100000010010
13109,347,21,17,M010010001110010100001001101001001000100000010010
13110,347,22,23,M010010001110010100001001101001001000100000010010
13111,347,23,22,M010010001110010100001001101001001000100000010010
13112,347,24,20,M010010001110010100001001101001001000100000010010
13113,347,25,18,M010010001110010100001001101001001000100000010010
13114,347,26,13,M010010001110010100001001101001001000100000010010
13115,347,27,4,M010010001110010100001001101001001000100000010010
13116,347,28,6,M010010001110010100001001101001001000100000010010
13117,347,29,5,M010010001110010100001001101001001000100000010010
13118,347,30,14,M010010001110010100001001101001001000100000010010
13119,347,31,1,M010010001110010100001001101001001000100000010010
13120,284,0,23,M111110010000100000000000110001000000100010100111
13121,284,1,7,M111110010000100000000000110001000000100010100111
13122,284,2,3,M111110010000100000000000110001000000100010100111
13123,284,3,12,M111110010000100000000000110001000000100010100111
13124,284,4,6,M111110010000100000000000110001000000100010100111
13125,284,5,24,M111110010000100000000000110001000000100010100111
13126,284,6,4,M111110010000100000000000110001000000100010100111
13127,284,7,17,M111110010000100000000000110001000000100010100111
13128,284,8,14,M111110010000100000000000110001000000100010100111
13129,284,9,10,M111110010000100000000000110001000000100010100111
13130,284,10,27,M111110010000100000000000110001000000100010100111
13131,284,11,25,M111110010000100000000000110001000000100010100111
13132,284,12,13,M111110010000100000000000110001000000100010100111
13133,284,13,0,M111110010000100000000000110001000000100010100111
13134,284,14,30,M111110010000100000000000110001000000100010100111
13135,284,15,22,M111110010000100000000000110001000000100010100111
13136,284,16,19,M111110010000100000000000110001000000100010100111
13137,284,17,26,M111110010000100000000000110001000000100010100111
13138,284,18,18,M111110010000100000000000110001000000100010100111
13139,284,19,20,M111110010000100000000000110001000000100010100111
13140,284,20,29,M111110010000100000000000110001000000100010100111
13141,284,21,21,M111110010000100000000000110001000000100010100111
13142,284,22,8,M111110010000100000000000110001000000100010100111
13143,284,23,15,M111110010000100000000000110001000000100010100111
13144,284,24,1,M111110010000100000000000110001000000100010100111
13145,284,25,28,M111110010000100000000000110001000000100010100111
13146,284,26,11,M111110010000100000000000110001000000100010100111
13147,284,27,5,M111110010000100000000000110001000000100010100111
13148,284,28,31,M111110010000100000000000110001000000100010100111
13149,284,29,9,M111110010000100000000000110001000000100010100111
13150,284,30,2,M111110010000100000000000110001000000100010100111
13151,284,31,16,M111110010000100000000000110001000000100010100111
13152,23,0,25,M000111011110001010101001010000010000010000000100
13153,23,1,12,M000111011110001010101001010000010000010000000100
13154,23,2,27,M000111011110001010101001010000010000010000000100
13155,23,3,19,M000111011110001010101001010000010000010000000100
13156,23,4,10,M000111011110001010101001010000010000010000000100
13157,23,5,14,M000111011110001010101001010000010000010000000100
13158,23,6,8,M000111011110001010101001010000010000010000000100
13159,23,7,22,M000111011110001010101001010000010000010000000100
13160,23,8,5,M000111011110001010101001010000010000010000000100
13161,23,9,31,M000111011110001010101001010000010000010000000100
13162,23,10,30,M000111011110001010101001010000010000010000000100
13163,23,11,29,M000111011110001010101001010000010000010000000100
13164,23,12,1,M000111011110001010101001010000010000010000000100
13165,23,13,2,M000111011110001010101001010000010000010000000100
13166,23,14,20,M000111011110001010101001010000010000010000000100
13167,23,15,13,M000111011110001010101001010000010000010000000100
13168,23,16,16,M000111011110001010101001010000010000010000000100
13169,23,17,18,M000111011110001010101001010000010000010000000100
13170,23,18,26,M000111011110001010101001010000010000010000000100
13171,23,19,9,M000111011110001010101001010000010000010000000100
13172,23,20,21,M000111011110001010101001010000010000010000000100
13173,23,21,0,M000111011110001010101001010000010000010000000100
13174,23,22,4,M000111011110001010101001010000010000010000000100
13175,23,23,24,M000111011110001010101001010000010000010000000100
13176,23,24,3,M000111011110001010101001010000010000010000000100
13177,23,25,15,M000111011110001010101001010000010000010000000100
13178,23,26,17,M000111011110001010101001010000010000010000000100
13179,23,27,6,M000111011110001010101001010000010000010000000100
13180,23,28,11,M000111011110001010101001010000010000010000000100
13181,23,29,28,M000111011110001010101001010000010000010000000100
13182,23,30,23,M000111011110001010101001010000010000010000000100
13183,23,31,7,M000111011110001010101001010000010000010000000100
13184,298,0,20,M011111101000000101000000000000001000000000111111
13185,298,1,7,M011111101000000101000000000000001000000000111111
13186,298,2,13,M011111101000000101000000000000001000000000111111
13187,298,3,11,M011111101000000101000000000000001000000000111111
13188,298,4,30,M011111101000000101000000000000001000000000111111
13189,298,5,22,M011111101000000101000000000000001000000000111111
13190,298,6,1,M011111101000000101000000000000001000000000111111
13191,298,7,2,M011111101000000101000000000000001000000000111111
13192,298,8,10,M011111101000000101000000000000001000000000111111
13193,298,9,17,M011111101000000101000000000000001000000000111111
13194,298,10,19,M011111101000000101000000000000001000000000111111
13195,298,11,26,M011111101000000101000000000000001000000000111111
13196,298,12,29,M011111101000000101000000000000001000000000111111
13197,298,13,4,M011111101000000101000000000000001000000000111111
13198,298,14,15,M011111101000000101000000000000001000000000111111
13199,298,15,8,M011111101000000101000000000000001000000000111111
13200,298,16,24,M011111101000000101000000000000001000000000111111
13201,298,17,0,M011111101000000101000000000000001000000000111111
13202,298,18,6,M011111101000000101000000000000001000000000111111
13203,298,19,9,M011111101000000101000000000000001000000000111111
13204,298,20,28,M011111101000000101000000000000001000000000111111
13205,298,21,3,M011111101000000101000000000000001000000000111111
13206,298,22,25,M011111101000000101000000000000001000000000111111
13207,298,23,23,M011111101000000101000000000000001000000000111111
13208,298,24,5,M011111101000000101000000000000001000000000111111
13209,298,25,21,M011111101000000101000000000000001000000000111111
13210,298,26,18,M011111101000000101000000000000001000000000111111
13211,298,27,16,M011111101000000101000000000000001000000000111111
13212,298,28,31,M011111101000000101000000000000001000000000111111
13213,298,29,27,M011111101000000101000000000000001000000000111111
13214,298,30,14,M011111101000000101000000000000001000000000111111
13215,298,31,12,M011111101000000101000000000000001000000000111111
13216,54,0,21,M100111111000101000000000000000000001000100111110
13217,54,1,10,M100111111000101000000000000000000001000100111110
13218,54,2,26,M100111111000101000000000000000000001000100111110
13219,54,3,30,M100111111000101000000000000000000001000100111110
13220,54,4,17,M100111111000101000000000000000000001000100111110
13221,54,5,11,M100111111000101000000000000000000001000100111110
13222,54,6,6,M100111111000101000000000000000000001000100111110
13223,54,7,28,M100111111000101000000000000000000001000100111110
13224,54,8,12,M100111111000101000000000000000000001000100111110
13225,54,9,24,M100111111000101000000000000000000001000100111110
13226,54,10,4,M100111111000101000000000000000000001000100111110
13227,54,11,5,M100111111000101000000000000000000001000100111110
13228,54,12,0,M100111111000101000000000000000000001000100111110
13229,54,13,3,M100111111000101000000000000000000001000100111110
13230,54,14,18,M100111111000101000000000000000000001000100111110
13231,54,15,22,M100111111000101000000000000000000001000100111110
13232,54,16,15,M100111111000101000000000000000000001000100111110
13233,54,17,20,M100111111000101000000000000000000001000100111110
13234,54,18,29,M100111111000101000000000000000000001000100111110
13235,54,19,7,M100111111000101000000000000000000001000100111110
13236,54,20,27,M100111111000101000000000000000000001000100111110
13237,54,21,23,M100111111000101000000000000000000001000100111110
13238,54,22,8,M100111111000101000000000000000000001000100111110
13239,54,23,1,M100111111000101000000000000000000001000100111110
13240,54,24,16,M100111111000101000000000000000000001000100111110
13241,54,25,14,M100111111000101000000000000000000001000100111110
13242,54,26,25,M100111111000101000000000000000000001000100111110
13243,54,27,2,M100111111000101000000000000000000001000100111110
13244,54,28,9,M100111111000101000000000000000000001000100111110
13245,54,29,13,M100111111000101000000000000000000001000100111110
13246,54,30,19,M100111111000101000000000000000000001000100111110
13247,54,31,31,M100111111000101000000000000000000001000100111110
13248,43,0,28,M000110000100000001001011000000100001100100110111
13249,43,1,27,M000110000100000001001011000000100001100100110111
13250,43,2,9,M000110000100000001001011000000100001100100110111
13251,43,3,15,M000110000100000001001011000000100001100100110111
13252,43,4,26,M000110000100000001001011000000100001100100110111
13253,43,5,4,M000110000100000001001011000000100001100100110111
13254,43,6,24,M000110000100000001001011000000100001100100110111
13255,43,7,29,M000110000100000001001011000000100001100100110111
13256,43,8,10,M000110000100000001001011000000100001100100110111
13257,43,9,20,M000110000100000001001011000000100001100100110111
13258,43,10,17,M000110000100000001001011000000100001100100110111
13259,43,11,2,M000110000100000001001011000000100001100100110111
13260,43,12,13,M000110000100000001001011000000100001100100110111
13261,43,13,0,M000110000100000001001011000000100001100100110111
13262,43,14,19,M000110000100000001001011000000100001100100110111
13263,43,15,1,M000110000100000001001011000000100001100100110111
13264,43,16,5,M000110000100000001001011000000100001100100110111
13265,43,17,14,M000110000100000001001011000000100001100100110111
13266,43,18,21,M000110000100000001001011000000100001100100110111
13267,43,19,7,M000110000100000001001011000000100001100100110111
13268,43,20,8,M000110000100000001001011000000100001100100110111
13269,43,21,30,M000110000100000001001011000000100001100100110111
13270,43,22,25,M000110000100000001001011000000100001100100110111
13271,43,23,3,M000110000100000001001011000000100001100100110111
13272,43,24,18,M000110000100000001001011000000100001100100110111
13273,43,25,12,M000110000100000001001011000000100001100100110111
13274,43,26,6,M000110000100000001001011000000100001100100110111
13275,43,27,23,M000110000100000001001011000000100001100100110111
13276,43,28,16,M000110000100000001001011000000100001100100110111
13277,43,29,11,M000110000100000001001011000000100001100100110111
13278,43,30,22,M000110000100000001001011000000100001100100110111
13279,43,31,31,M000110000100000001001011000000100001100100110111
13312,255,0,7,M110011010000001000000010001100001010101000101001
13313,255,1,0,M110011010000001000000010001100001010101000101001
13314,255,2,16,M110011010000001000000010001100001010101000101001
13315,255,3,23,M110011010000001000000010001100001010101000101001
13316,255,4,14,M110011010000001000000010001100001010101000101001
13317,255,5,13,M110011010000001000000010001100001010101000101001
13318,255,6,11,M110011010000001000000010001100001010101000101001
13319,255,7,19,M110011010000001000000010001100001010101000101001
13320,255,8,29,M110011010000001000000010001100001010101000101001
13321,255,9,15,M110011010000001000000010001100001010101000101001
13322,255,10,3,M110011010000001000000010001100001010101000101001
13323,255,11,10,M110011010000001000000010001100001010101000101001
13324,255,12,17,M110011010000001000000010001100001010101000101001
13325,255,13,24,M110011010000001000000010001100001010101000101001
13326,255,14,2,M110011010000001000000010001100001010101000101001
13327,255,15,4,M110011010000001000000010001100001010101000101001
13328,255,16,30,M110011010000001000000010001100001010101000101001
13329,255,17,18,M110011010000001000000010001100001010101000101001
13330,255,18,27,M110011010000001000000010001100001010101000101001
13331,255,19,9,M110011010000001000000010001100001010101000101001
13332,255,20,25,M110011010000001000000010001100001010101000101001
13333,255,21,12,M110011010000001000000010001100001010101000101001
13334,255,22,8,M110011010000001000000010001100001010101000101001
13335,255,23,22,M110011010000001000000010001100001010101000101001
13336,255,24,28,M110011010000001000000010001100001010101000101001
13337,255,25,1,M110011010000001000000010001100001010101000101001
13338,255,26,31,M110011010000001000000010001100001010101000101001
13339,255,27,20,M110011010000001000000010001100001010101000101001
13340,255,28,6,M110011010000001000000010001100001010101000101001
13341,255,29,21,M110011010000001000000010001100001010101000101001
13342,255,30,5,M110011010000001000000010001100001010101000101001
13343,255,31,26,M110011010000001000000010001100001010101000101001
13376,240,0,23,M100101011000000000000110110000000001010001100111
13377,240,1,27,M100101011000000000000110110000000001010001100111
13378,240,2,28,M100101011000000000000110110000000001010001100111
13379,240,3,17,M100101011000000000000110110000000001010001100111
13380,240,4,22,M100101011000000000000110110000000001010001100111
13381,240,5,8,M100101011000000000000110110000000001010001100111
13382,240,6,15,M100101011000000000000110110000000001010001100111
13383,240,7,9,M100101011000000000000110110000000001010001100111
13384,240,8,7,M100101011000000000000110110000000001010001100111
13385,240,9,29,M100101011000000000000110110000000001010001100111
13386,240,10,11,M100101011000000000000110110000000001010001100111
13387,240,11,0,M100101011000000000000110110000000001010001100111
13388,240,12,21,M100101011000000000000110110000000001010001100111
13389,240,13,18,M100101011000000000000110110000000001010001100111
13390,240,14,12,M100101011000000000000110110000000001010001100111
13391,240,15,26,M100101011000000000000110110000000001010001100111
13392,240,16,31,M100101011000000000000110110000000001010001100111
13393,240,17,10,M100101011000000000000110110000000001010001100111
13394,240,18,19,M100101011000000000000110110000000001010001100111
13395,240,19,13,M100101011000000000000110110000000001010001100111
13396,240,20,25,M100101011000000000000110110000000001010001100111
13397,240,21,6,M100101011000000000000110110000000001010001100111
13398,240,22,1,M100101011000000000000110110000000001010001100111
13399,240,23,30,M100101011000000000000110110000000001010001100111
13400,240,24,3,M100101011000000000000110110000000001010001100111
13401,240,25,2,M100101011000000000000110110000000001010001100111
13402,240,26,14,M100101011000000000000110110000000001010001100111
13403,240,27,4,M100101011000000000000110110000000001010001100111
13404,240,28,16,M100101011000000000000110110000000001010001100111
13405,240,29,20,M100101011000000000000110110000000001010001100111
13406,240,30,5,M100101011000000000000110110000000001010001100111
13407,240,31,24,M100101011000000000000110110000000001010001100111
13408,155,0,8,M111011100000001111000000101000000010000010000011
13409,155,1,26,M111011100000001111000000101000000010000010000011
13410,155,2,25,M111011100000001111000000101000000010000010000011
13411,155,3,7,M111011100000001111000000101000000010000010000011
13412,155,4,18,M111011100000001111000000101000000010000010000011
13413,155,5,0,M111011100000001111000000101000000010000010000011
13414,155,6,27,M111011100000001111000000101000000010000010000011
13415,155,7,22,M111011100000001111000000101000000010000010000011
13416,155,8,29,M111011100000001111000000101000000010000010000011
13417,155,9,9,M111011100000001111000000101000000010000010000011
13418,155,10,14,M111011100000001111000000101000000010000010000011
13419,155,11,17,M111011100000001111000000101000000010000010000011
13420,155,12,3,M111011100000001111000000101000000010000010000011
13421,155,13,13,M111011100000001111000000101000000010000010000011
13422,155,14,23,M111011100000001111000000101000000010000010000011
13423,155,15,28,M111011100000001111000000101000000010000010000011
13424,155,16,20,M111011100000001111000000101000000010000010000011
13425,155,17,5,M111011100000001111000000101000000010000010000011
13426,155,18,10,M111011100000001111000000101000000010000010000011
13427,155,19,15,M111011100000001111000000101000000010000010000011
13428,155,20,4,M111011100000001111000000101000000010000010000011
13429,155,21,1,M111011100000001111000000101000000010000010000011
13430,155,22,2,M111011100000001111000000101000000010000010000011
13431,155,23,30,M111011100000001111000000101000000010000010000011
13432,155,24,19,M111011100000001111000000101000000010000010000011
13433,155,25,6,M111011100000001111000000101000000010000010000011
13434,155,26,21,M111011100000001111000000101000000010000010000011
13435,155,27,11,M111011100000001111000000101000000010000010000011
13436,155,28,12,M111011100000001111000000101000000010000010000011
13437,155,29,31,M111011100000001111000000101000000010000010000011
13438,155,30,16,M111011100000001111000000101000000010000010000011
13439,155,31,24,M111011100000001111000000101000000010000010000011
13440,415,0,21,M111100010000100001000100100100100010000000111100
13441,415,1,24,M111100010000100001000100100100100010000000111100
13442,415,2,13,M111100010000100001000100100100100010000000111100
13443,415,3,6,M111100010000100001000100100100100010000000111100
13444,415,4,3,M111100010000100001000100100100100010000000111100
13445,415,5,17,M111100010000100001000100100100100010000000111100
13446,415,6,31,M111100010000100001000100100100100010000000111100
13447,415,7,16,M111100010000100001000100100100100010000000111100
13448,415,8,11,M111100010000100001000100100100100010000000111100
13449,415,9,9,M111100010000100001000100100100100010000000111100
13450,415,10,10,M111100010000100001000100100100100010000000111100
13451,415,11,2,M111100010000100001000100100100100010000000111100
13452,415,12,28,M111100010000100001000100100100100010000000111100
13453,415,13,14,M111100010000100001000100100100100010000000111100
13454,415,14,7,M111100010000100001000100100100100010000000111100
13455,415,15,19,M111100010000100001000100100100100010000000111100
13456,415,16,4,M111100010000100001000100100100100010000000111100
13457,415,17,8,M111100010000100001000100100100100010000000111100
13458,415,18,25,M111100010000100001000100100100100010000000111100
13459,415,19,12,M111100010000100001000100100100100010000000111100
13460,415,20,23,M111100010000100001000100100100100010000000111100
13461,415,21,27,M111100010000100001000100100100100010000000111100
13462,415,22,20,M111100010000100001000100100100100010000000111100
13463,415,23,30,M111100010000100001000100100100100010000000111100
13464,415,24,1,M111100010000100001000100100100100010000000111100
13465,415,25,5,M111100010000100001000100100100100010000000111100
13466,415,26,15,M111100010000100001000100100100100010000000111100
13467,415,27,22,M111100010000100001000100100100100010000000111100
13468,415,28,26,M111100010000100001000100100100100010000000111100
13469,415,29,0,M111100010000100001000100100100100010000000111100
13470,415,30,29,M111100010000100001000100100100100010000000111100
13471,415,31,18,M111100010000100001000100100100100010000000111100
13472,306,0,26,M100111000111100111000000000001100000001000010010
13473,306,1,2,M100111000111100111000000000001100000001000010010
13474,306,2,28,M100111000111100111000000000001100000001000010010
13475,306,3,14,M100111000111100111000000000001100000001000010010
13476,306,4,31,M100111000111100111000000000001100000001000010010
13477,306,5,23,M100111000111100111000000000001100000001000010010
13478,306,6,13,M100111000111100111000000000001100000001000010010
13479,306,7,12,M100111000111100111000000000001100000001000010010
13480,306,8,3,M100111000111100111000000000001100000001000010010
13481,306,9,25,M100111000111100111000000000001100000001000010010
13482,306,10,8,M100111000111100111000000000001100000001000010010
13483,306,11,10,M100111000111100111000000000001100000001000010010
13484,306,12,20,M100111000111100111000000000001100000001000010010
13485,306,13,17,M100111000111100111000000000001100000001000010010
13486,306,14,9,M100111000111100111000000000001100000001000010010
13487,306,15,4,M100111000111100111000000000001100000001000010010
13488,306,16,5,M100111000111100111000000000001100000001000010010
13489,306,17,6,M100111000111100111000000000001100000001000010010
13490,306,18,19,M100111000111100111000000000001100000001000010010
13491,306,19,21,M100111000111100111000000000001100000001000010010
13492,306,20,18,M100111000111100111000000000001100000001000010010
13493,306,21,27,M100111000111100111000000000001100000001000010010
13494,306,22,29,M100111000111100111000000000001100000001000010010
13495,306,23,7,M100111000111100111000000000001100000001000010010
13496,306,24,15,M100111000111100111000000000001100000001000010010
13497,306,25,11,M100111000111100111000000000001100000001000010010
13498,306,26,1,M100111000111100111000000000001100000001000010010
13499,306,27,30,M100111000111100111000000000001100000001000010010
13500,306,28,22,M100111000111100111000000000001100000001000010010
13501,306,29,24,M100111000111100111000000000001100000001000010010
13502,306,30,16,M100111000111100111000000000001100000001000010010
13503,306,31,0,M100111000111100111000000000001100000001000010010
13504,487,0,1,M010111000100001010100000001000100000111100011000
13505,487,1,10,M010111000100001010100000001000100000111100011000
13506,487,2,12,M010111000100001010100000001000100000111100011000
13507,487,3,13,M010111000100001010100000001000100000111100011000
13508,487,4,22,M010111000100001010100000001000100000111100011000
13509,487,5,14,M010111000100001010100000001000100000111100011000
13510,487,6,9,M010111000100001010100000001000100000111100011000
13511,487,7,29,M010111000100001010100000001000100000111100011000
13512,487,8,7,M010111000100001010100000001000100000111100011000
13513,487,9,6,M010111000100001010100000001000100000111100011000
13514,487,10,19,M010111000100001010100000001000100000111100011000
13515,487,11,4,M010111000100001010100000001000100000111100011000
13516,487,12,5,M010111000100001010100000001000100000111100011000
13517,487,13,2,M010111000100001010100000001000100000111100011000
13518,487,14,25,M010111000100001010100000001000100000111100011000
13519,487,15,27,M010111000100001010100000001000100000111100011000
13520,487,16,28,M010111000100001010100000001000100000111100011000
13521,487,17,11,M010111000100001010100000001000100000111100011000
13522,487,18,17,M010111000100001010100000001000100000111100011000
13523,487,19,31,M010111000100001010100000001000100000111100011000
13524,487,20,15,M010111000100001010100000001000100000111100011000
13525,487,21,18,M010111000100001010100000001000100000111100011000
13526,487,22,24,M010111000100001010100000001000100000111100011000
13527,487,23,20,M010111000100001010100000001000100000111100011000
13528,487,24,30,M010111000100001010100000001000100000111100011000
13529,487,25,0,M010111000100001010100000001000100000111100011000
13530,487,26,23,M010111000100001010100000001000100000111100011000
13531,487,27,3,M010111000100001010100000001000100000111100011000
13532,487,28,8,M010111000100001010100000001000100000111100011000
13533,487,29,16,M010111000100001010100000001000100000111100011000
13534,487,30,21,M010111000100001010100000001000100000111100011000
13535,487,31,26,M010111000100001010100000001000100000111100011000
13536,308,0,13,M010101001000001100000000001001010000001101111010
13537,308,1,12,M010101001000001100000000001001010000001101111010
13538,308,2,14,M010101001000001100000000001001010000001101111010
13539,308,3,5,M010101001000001100000000001001010000001101111010
13540,308,4,9,M010101001000001100000000001001010000001101111010
13541,308,5,22,M010101001000001100000000001001010000001101111010
13542,308,6,26,M010101001000001100000000001001010000001101111010
13543,308,7,3,M010101001000001100000000001001010000001101111010
13544,308,8,8,M010101001000001100000000001001010000001101111010
13545,308,9,0,M010101001000001100000000001001010000001101111010
13546,308,10,2,M010101001000001100000000001001010000001101111010
13547,308,11,11,M010101001000001100000000001001010000001101111010
13548,308,12,23,M010101001000001100000000001001010000001101111010
13549,308,13,25,M010101001000001100000000001001010000001101111010
13550,308,14,7,M010101001000001100000000001001010000001101111010
13551,308,15,1,M010101001000001100000000001001010000001101111010
13552,308,16,15,M010101001000001100000000001001010000001101111010
13553,308,17,4,M010101001000001100000000001001010000001101111010
13554,308,18,20,M010101001000001100000000001001010000001101111010
13555,308,19,27,M010101001000001100000000001001010000001101111010
13556,308,20,10,M010101001000001100000000001001010000001101111010
13557,308,21,19,M010101001000001100000000001001010000001101111010
13558,308,22,17,M010101001000001100000000001001010000001101111010
13559,308,23,16,M010101001000001100000000001001010000001101111010
13560,308,24,18,M010101001000001100000000001001010000001101111010
13561,308,25,28,M010101001000001100000000001001010000001101111010
13562,308,26,21,M010101001000001100000000001001010000001101111010
13563,308,27,31,M010101001000001100000000001001010000001101111010
13564,308,28,30,M010101001000001100000000001001010000001101111010
13565,308,29,6,M010101001000001100000000001001010000001101111010
13566,308,30,24,M010101001000001100000000001001010000001101111010
13567,308,31,29,M010101001000001100000000001001010000001101111010
13568,554,0,30,M011111000001000101000000100010000100000000101111
13569,554,1,24,M011111000001000101000000100010000100000000101111
13570,554,2,6,M011111000001000101000000100010000100000000101111
13571,554,3,12,M011111000001000101000000100010000100000000101111
13572,554,4,27,M011111000001000101000000100010000100000000101111
13573,554,5,9,M011111000001000101000000100010000100000000101111
13574,554,6,14,M011111000001000101000000100010000100000000101111
13575,554,7,11,M011111000001000101000000100010000100000000101111
13576,554,8,13,M011111000001000101000000100010000100000000101111
13577,554,9,7,M011111000001000101000000100010000100000000101111
13578,554,10,3,M011111000001000101000000100010000100000000101111
13579,554,11,31,M011111000001000101000000100010000100000000101111
13580,554,12,17,M011111000001000101000000100010000100000000101111
13581,554,13,26,M011111000001000101000000100010000100000000101111
13582,554,14,19,M011111000001000101000000100010000100000000101111
13583,554,15,1,M011111000001000101000000100010000100000000101111
13584,554,16,0,M011111000001000101000000100010000100000000101111
13585,554,17,16,M011111000001000101000000100010000100000000101111
13586,554,18,21,M011111000001000101000000100010000100000000101111
13587,554,19,8,M011111000001000101000000100010000100000000101111
13588,554,20,23,M011111000001000101000000100010000100000000101111
13589,554,21,22,M011111000001000101000000100010000100000000101111
13590,554,22,15,M011111000001000101000000100010000100000000101111
13591,554,23,5,M011111000001000101000000100010000100000000101111
13592,554,24,28,M011111000001000101000000100010000100000000101111
13593,554,25,4,M011111000001000101000000100010000100000000101111
13594,554,26,2,M011111000001000101000000100010000100000000101111
13595,554,27,29,M011111000001000101000000100010000100000000101111
13596,554,28,10,M011111000001000101000000100010000100000000101111
13597,554,29,20,M011111000001000101000000100010000100000000101111
13598,554,30,25,M011111000001000101000000100010000100000000101111
13599,554,31,18,M011111000001000101000000100010000100000000101111
13600,346,0,16,M001110000111010100010100000000110000000000110011
13601,346,1,2,M001110000111010100010100000000110000000000110011
13602,346,2,3,M001110000111010100010100000000110000000000110011
13603,346,3,17,M001110000111010100010100000000110000000000110011
13604,346,4,24,M001110000111010100010100000000110000000000110011
13605,346,5,19,M001110000111010100010100000000110000000000110011
13606,346,6,0,M001110000111010100010100000000110000000000110011
13607,346,7,22,M001110000111010100010100000000110000000000110011
13608,346,8,21,M001110000111010100010100000000110000000000110011
13609,346,9,30,M001110000111010100010100000000110000000000110011
13610,346,10,15,M001110000111010100010100000000110000000000110011
13611,346,11,25,M001110000111010100010100000000110000000000110011
13612,346,12,11,M001110000111010100010100000000110000000000110011
13613,346,13,9,M001110000111010100010100000000110000000000110011
13614,346,14,31,M001110000111010100010100000000110000000000110011
13615,346,15,8,M001110000111010100010100000000110000000000110011
13616,346,16,5,M001110000111010100010100000000110000000000110011
13617,346,17,23,M001110000111010100010100000000110000000000110011
13618,346,18,6,M001110000111010100010100000000110000000000110011
13619,346,19,27,M001110000111010100010100000000110000000000110011
13620,346,20,29,M001110000111010100010100000000110000000000110011
13621,346,21,1,M001110000111010100010100000000110000000000110011
13622,346,22,14,M001110000111010100010100000000110000000000110011
13623,346,23,7,M001110000111010100010100000000110000000000110011
13624,346,24,12,M001110000111010100010100000000110000000000110011
13625,346,25,4,M001110000111010100010100000000110000000000110011
13626,346,26,13,M001110000111010100010100000000110000000000110011
13627,346,27,28,M001110000111010100010100000000110000000000110011
13628,346,28,18,M001110000111010100010100000000110000000000110011
13629,346,29,26,M001110000111010100010100000000110000000000110011
13630,346,30,10,M001110000111010100010100000000110000000000110011
13631,346,31,20,M001110000111010100010100000000110000000000110011
13632,227,0,29,M100010010110000010000100101000001100000001010111
13633,227,1,30,M100010010110000010000100101000001100000001010111
13634,227,2,9,M100010010110000010000100101000001100000001010111
13635,227,3,31,M100010010110000010000100101000001100000001010111
13636,227,4,10,M100010010110000010000100101000001100000001010111
13637,227,5,13,M100010010110000010000100101000001100000001010111
13638,227,6,12,M100010010110000010000100101000001100000001010111
13639,227,7,5,M100010010110000010000100101000001100000001010111
13640,227,8,19,M100010010110000010000100101000001100000001010111
13641,227,9,1,M100010010110000010000100101000001100000001010111
13642,227,10,4,M100010010110000010000100101000001100000001010111
13643,227,11,24,M100010010110000010000100101000001100000001010111
13644,227,12,2,M100010010110000010000100101000001100000001010111
13645,227,13,27,M100010010110000010000100101000001100000001010111
13646,227,14,0,M100010010110000010000100101000001100000001010111
13647,227,15,20,M100010010110000010000100101000001100000001010111
13648,227,16,16,M100010010110000010000100101000001100000001010111
13649,227,17,15,M100010010110000010000100101000001100000001010111
13650,227,18,3,M100010010110000010000100101000001100000001010111
13651,227,19,17,M100010010110000010000100101000001100000001010111
13652,227,20,7,M100010010110000010000100101000001100000001010111
13653,227,21,18,M100010010110000010000100101000001100000001010111
13654,227,22,8,M100010010110000010000100101000001100000001010111
13655,227,23,23,M100010010110000010000100101000001100000001010111
13656,227,24,6,M100010010110000010000100101000001100000001010111
13657,227,25,28,M100010010110000010000100101000001100000001010111
13658,227,26,21,M100010010110000010000100101000001100000001010111
13659,227,27,22,M100010010110000010000100101000001100000001010111
13660,227,28,25,M100010010110000010000100101000001100000001010111
13661,227,29,26,M100010010110000010000100101000001100000001010111
13662,227,30,11,M100010010110000010000100101000001100000001010111
13663,227,31,14,M100010010110000010000100101000001100000001010111
13664,239,0,10,M110011100001000001000101011000000000100011101000
13665,239,1,30,M110011100001000001000101011000000000100011101000
13666,239,2,7,M110011100001000001000101011000000000100011101000
13667,239,3,16,M110011100001000001000101011000000000100011101000
13668,239,4,13,M110011100001000001000101011000000000100011101000
13669,239,5,6,M110011100001000001000101011000000000100011101000
13670,239,6,27,M110011100001000001000101011000000000100011101000
13671,239,7,25,M110011100001000001000101011000000000100011101000
13672,239,8,4,M110011100001000001000101011000000000100011101000
13673,239,9,15,M110011100001000001000101011000000000100011101000
13674,239,10,31,M110011100001000001000101011000000000100011101000
13675,239,11,24,M110011100001000001000101011000000000100011101000
13676,239,12,22,M110011100001000001000101011000000000100011101000
13677,239,13,12,M110011100001000001000101011000000000100011101000
13678,239,14,2,M110011100001000001000101011000000000100011101000
13679,239,15,0,M110011100001000001000101011000000000100011101000
13680,239,16,3,M110011100001000001000101011000000000100011101000
13681,239,17,29,M110011100001000001000101011000000000100011101000
13682,239,18,21,M110011100001000001000101011000000000100011101000
13683,239,19,11,M110011100001000001000101011000000000100011101000
13684,239,20,18,M110011100001000001000101011000000000100011101000
13685,239,21,19,M110011100001000001000101011000000000100011101000
13686,239,22,23,M110011100001000001000101011000000000100011101000
13687,239,23,1,M110011100001000001000101011000000000100011101000
13688,239,24,17,M110011100001000001000101011000000000100011101000
13689,239,25,14,M110011100001000001000101011000000000100011101000
13690,239,26,9,M110011100001000001000101011000000000100011101000
13691,239,27,8,M110011100001000001000101011000000000100011101000
13692,239,28,28,M110011100001000001000101011000000000100011101000
13693,239,29,26,M110011100001000001000101011000000000100011101000
13694,239,30,5,M110011100001000001000101011000000000100011101000
13695,239,31,20,M110011100001000001000101011000000000100011101000
13696,116,0,4,M100001000100000001101000000010001010010001011111
13697,116,1,0,M100001000100000001101000000010001010010001011111
13698,116,2,14,M100001000100000001101000000010001010010001011111
13699,116,3,7,M100001000100000001101000000010001010010001011111
13700,116,4,30,M100001000100000001101000000010001010010001011111
13701,116,5,27,M100001000100000001101000000010001010010001011111
13702,116,6,3,M100001000100000001101000000010001010010001011111
13703,116,7,8,M100001000100000001101000000010001010010001011111
13704,116,8,6,M100001000100000001101000000010001010010001011111
13705,116,9,13,M100001000100000001101000000010001010010001011111
13706,116,10,31,M100001000100000001101000000010001010010001011111
13707,116,11,16,M100001000100000001101000000010001010010001011111
13708,116,12,12,M100001000100000001101000000010001010010001011111
13709,116,13,15,M100001000100000001101000000010001010010001011111
13710,116,14,28,M100001000100000001101000000010001010010001011111
13711,116,15,9,M100001000100000001101000000010001010010001011111
13712,116,16,22,M100001000100000001101000000010001010010001011111
13713,116,17,29,M100001000100000001101000000010001010010001011111
13714,116,18,1,M100001000100000001101000000010001010010001011111
13715,116,19,2,M100001000100000001101000000010001010010001011111
13716,116,20,21,M100001000100000001101000000010001010010001011111
13717,116,21,25,M100001000100000001101000000010001010010001011111
13718,116,22,10,M100001000100000001101000000010001010010001011111
13719,116,23,18,M100001000100000001101000000010001010010001011111
13720,116,24,20,M100001000100000001101000000010001010010001011111
13721,116,25,24,M100001000100000001101000000010001010010001011111
13722,116,26,19,M100001000100000001101000000010001010010001011111
13723,116,27,11,M100001000100000001101000000010001010010001011111
13724,116,28,17,M100001000100000001101000000010001010010001011111
13725,116,29,5,M100001000100000001101000000010001010010001011111
13726,116,30,23,M100001000100000001101000000010001010010001011111
13727,116,31,26,M100001000100000001101000000010001010010001011111
13728,337,0,27,M111111000001000000100000000100110000000011110100
13729,337,1,8,M111111000001000000100000000100110000000011110100
13730,337,2,2,M111111000001000000100000000100110000000011110100
13731,337,3,11,M111111000001000000100000000100110000000011110100
13732,337,4,1,M111111000001000000100000000100110000000011110100
13733,337,5,0,M111111000001000000100000000100110000000011110100
13734,337,6,20,M111111000001000000100000000100110000000011110100
13735,337,7,23,M111111000001000000100000000100110000000011110100
13736,337,8,25,M111111000001000000100000000100110000000011110100
13737,337,9,15,M111111000001000000100000000100110000000011110100
13738,337,10,7,M111111000001000000100000000100110000000011110100
13739,337,11,3,M111111000001000000100000000100110000000011110100
13740,337,12,30,M111111000001000000100000000100110000000011110100
13741,337,13,19,M111111000001000000100000000100110000000011110100
13742,337,14,18,M111111000001000000100000000100110000000011110100
13743,337,15,31,M111111000001000000100000000100110000000011110100
13744,337,16,12,M111111000001000000100000000100110000000011110100
13745,337,17,13,M111111000001000000100000000100110000000011110100
13746,337,18,21,M111111000001000000100000000100110000000011110100
13747,337,19,29,M111111000001000000100000000100110000000011110100
13748,337,20,26,M111111000001000000100000000100110000000011110100
13749,337,21,10,M111111000001000000100000000100110000000011110100
13750,337,22,17,M111111000001000000100000000100110000000011110100
13751,337,23,6,M111111000001000000100000000100110000000011110100
13752,337,24,24,M111111000001000000100000000100110000000011110100
13753,337,25,14,M111111000001000000100000000100110000000011110100
13754,337,26,22,M111111000001000000100000000100110000000011110100
13755,337,27,9,M111111000001000000100000000100110000000011110100
13756,337,28,5,M111111000001000000100000000100110000000011110100
13757,337,29,4,M111111000001000000100000000100110000000011110100
13758,337,30,16,M111111000001000000100000000100110000000011110100
13759,337,31,28,M111111000001000000100000000100110000000011110100
13760,401,0,28,M101110000010001000010010011000000000011000011011
13761,401,1,16,M101110000010001000010010011000000000011000011011
13762,401,2,24,M101110000010001000010010011000000000011000011011
13763,401,3,12,M101110000010001000010010011000000000011000011011
13764,401,4,18,M101110000010001000010010011000000000011000011011
13765,401,5,2,M101110000010001000010010011000000000011000011011
13766,401,6,4,M101110000010001000010010011000000000011000011011
13767,401,7,27,M101110000010001000010010011000000000011000011011
13768,401,8,5,M101110000010001000010010011000000000011000011011
13769,401,9,13,M101110000010001000010010011000000000011000011011
13770,401,10,15,M101110000010001000010010011000000000011000011011
13771,401,11,3,M101110000010001000010010011000000000011000011011
13772,401,12,14,M101110000010001000010010011000000000011000011011
13773,401,13,11,M101110000010001000010010011000000000011000011011
13774,401,14,17,M101110000010001000010010011000000000011000011011
13775,401,15,10,M101110000010001000010010011000000000011000011011
13776,401,16,29,M101110000010001000010010011000000000011000011011
13777,401,17,22,M101110000010001000010010011000000000011000011011
13778,401,18,1,M101110000010001000010010011000000000011000011011
13779,401,19,30,M101110000010001000010010011000000000011000011011
13780,401,20,9,M101110000010001000010010011000000000011000011011
13781,401,21,0,M101110000010001000010010011000000000011000011011
13782,401,22,6,M101110000010001000010010011000000000011000011011
13783,401,23,21,M101110000010001000010010011000000000011000011011
13784,401,24,7,M101110000010001000010010011000000000011000011011
13785,401,25,25,M101110000010001000010010011000000000011000011011
13786,401,26,20,M101110000010001000010010011000000000011000011011
13787,401,27,8,M101110000010001000010010011000000000011000011011
13788,401,28,23,M101110000010001000010010011000000000011000011011
13789,401,29,31,M101110000010001000010010011000000000011000011011
13790,401,30,19,M101110000010001000010010011000000000011000011011
13791,401,31,26,M101110000010001000010010011000000000011000011011
13792,522,0,28,M111101110001010000000000010001000000100001100011
13793,522,1,10,M111101110001010000000000010001000000100001100011
13794,522,2,29,M111101110001010000000000010001000000100001100011
13795,522,3,6,M111101110001010000000000010001000000100001100011
13796,522,4,14,M111101110001010000000000010001000000100001100011
13797,522,5,24,M111101110001010000000000010001000000100001100011
13798,522,6,22,M111101110001010000000000010001000000100001100011
13799,522,7,1,M111101110001010000000000010001000000100001100011
13800,522,8,26,M111101110001010000000000010001000000100001100011
13801,522,9,16,M111101110001010000000000010001000000100001100011
13802,522,10,2,M111101110001010000000000010001000000100001100011
13803,522,11,15,M111101110001010000000000010001000000100001100011
13804,522,12,9,M111101110001010000000000010001000000100001100011
13805,522,13,3,M111101110001010000000000010001000000100001100011
13806,522,14,30,M111101110001010000000000010001000000100001100011
13807,522,15,0,M111101110001010000000000010001000000100001100011
13808,522,16,13,M111101110001010000000000010001000000100001100011
13809,522,17,17,M111101110001010000000000010001000000100001100011
13810,522,18,23,M111101110001010000000000010001000000100001100011
13811,522,19,20,M111101110001010000000000010001000000100001100011
13812,522,20,8,M111101110001010000000000010001000000100001100011
13813,522,21,25,M111101110001010000000000010001000000100001100011
13814,522,22,12,M111101110001010000000000010001000000100001100011
13815,522,23,21,M111101110001010000000000010001000000100001100011
13816,522,24,4,M111101110001010000000000010001000000100001100011
13817,522,25,27,M111101110001010000000000010001000000100001100011
13818,522,26,19,M111101110001010000000000010001000000100001100011
13819,522,27,18,M111101110001010000000000010001000000100001100011
13820,522,28,31,M111101110001010000000000010001000000100001100011
13821,522,29,5,M111101110001010000000000010001000000100001100011
13822,522,30,11,M111101110001010000000000010001000000100001100011
13823,522,31,7,M111101110001010000000000010001000000100001100011
13824,206,0,31,M011101010011001010101000100000100000000100101000
13825,206,1,18,M011101010011001010101000100000100000000100101000
13826,206,2,6,M011101010011001010101000100000100000000100101000
13827,206,3,26,M011101010011001010101000100000100000000100101000
13828,206,4,4,M011101010011001010101000100000100000000100101000
13829,206,5,5,M011101010011001010101000100000100000000100101000
13830,206,6,20,M011101010011001010101000100000100000000100101000
13831,206,7,9,M011101010011001010101000100000100000000100101000
13832,206,8,16,M011101010011001010101000100000100000000100101000
13833,206,9,17,M011101010011001010101000100000100000000100101000
13834,206,10,24,M011101010011001010101000100000100000000100101000
13835,206,11,30,M011101010011001010101000100000100000000100101000
13836,206,12,8,M011101010011001010101000100000100000000100101000
13837,206,13,15,M011101010011001010101000100000100000000100101000
13838,206,14,10,M011101010011001010101000100000100000000100101000
13839,206,15,2,M011101010011001010101000100000100000000100101000
13840,206,16,1,M011101010011001010101000100000100000000100101000
13841,206,17,19,M011101010011001010101000100000100000000100101000
13842,206,18,12,M011101010011001010101000100000100000000100101000
13843,206,19,11,M011101010011001010101000100000100000000100101000
13844,206,20,29,M011101010011001010101000100000100000000100101000
13845,206,21,23,M011101010011001010101000100000100000000100101000
13846,206,22,7,M011101010011001010101000100000100000000100101000
13847,206,23,22,M011101010011001010101000100000100000000100101000
13848,206,24,25,M011101010011001010101000100000100000000100101000
13849,206,25,14,M011101010011001010101000100000100000000100101000
13850,206,26,21,M011101010011001010101000100000100000000100101000
13851,206,27,28,M011101010011001010101000100000100000000100101000
13852,206,28,3,M011101010011001010101000100000100000000100101000
13853,206,29,13,M011101010011001010101000100000100000000100101000
13854,206,30,0,M011101010011001010101000100000100000000100101000
13855,206,31,27,M011101010011001010101000100000100000000100101000
13856,278,0,0,M001111000010000010010010000000100010001100011011
13857,278,1,20,M001111000010000010010010000000100010001100011011
13858,278,2,6,M001111000010000010010010000000100010001100011011
13859,278,3,18,M001111000010000010010010000000100010001100011011
13860,278,4,23,M001111000010000010010010000000100010001100011011
13861,278,5,7,M001111000010000010010010000000100010001100011011
13862,278,6,19,M001111000010000010010010000000100010001100011011
13863,278,7,17,M001111000010000010010010000000100010001100011011
13864,278,8,31,M001111000010000010010010000000100010001100011011
13865,278,9,3,M001111000010000010010010000000100010001100011011
13866,278,10,4,M001111000010000010010010000000100010001100011011
13867,278,11,25,M001111000010000010010010000000100010001100011011
13868,278,12,11,M001111000010000010010010000000100010001100011011
13869,278,13,2,M001111000010000010010010000000100010001100011011
13870,278,14,10,M001111000010000010010010000000100010001100011011
13871,278,15,14,M001111000010000010010010000000100010001100011011
13872,278,16,16,M001111000010000010010010000000100010001100011011
13873,278,17,29,M001111000010000010010010000000100010001100011011
13874,278,18,5,M001111000010000010010010000000100010001100011011
13875,278,19,12,M001111000010000010010010000000100010001100011011
13876,278,20,9,M001111000010000010010010000000100010001100011011
13877,278,21,22,M001111000010000010010010000000100010001100011011
13878,278,22,15,M001111000010000010010010000000100010001100011011
13879,278,23,1,M001111000010000010010010000000100010001100011011
13880,278,24,30,M001111000010000010010010000000100010001100011011
13881,278,25,21,M001111000010000010010010000000100010001100011011
13882,278,26,28,M001111000010000010010010000000100010001100011011
13883,278,27,13,M001111000010000010010010000000100010001100011011
13884,278,28,8,M001111000010000010010010000000100010001100011011
13885,278,29,27,M001111000010000010010010000000100010001100011011
13886,278,30,26,M001111000010000010010010000000100010001100011011
13887,278,31,24,M001111000010000010010010000000100010001100011011
13952,476,0,0,M110110000100100101101000000000100000110001001011
13953,476,1,15,M110110000100100101101000000000100000110001001011
13954,476,2,7,M110110000100100101101000000000100000110001001011
13955,476,3,11,M110110000100100101101000000000100000110001001011
13956,476,4,18,M110110000100100101101000000000100000110001001011
13957,476,5,22,M110110000100100101101000000000100000110001001011
13958,476,6,10,M110110000100100101101000000000100000110001001011
13959,476,7,29,M110110000100100101101000000000100000110001001011
13960,476,8,2,M110110000100100101101000000000100000110001001011
13961,476,9,9,M110110000100100101101000000000100000110001001011
13962,476,10,1,M110110000100100101101000000000100000110001001011
13963,476,11,25,M110110000100100101101000000000100000110001001011
13964,476,12,19,M110110000100100101101000000000100000110001001011
13965,476,13,17,M110110000100100101101000000000100000110001001011
13966,476,14,30,M110110000100100101101000000000100000110001001011
13967,476,15,26,M110110000100100101101000000000100000110001001011
13968,476,16,4,M110110000100100101101000000000100000110001001011
13969,476,17,3,M110110000100100101101000000000100000110001001011
13970,476,18,31,M110110000100100101101000000000100000110001001011
13971,476,19,6,M110110000100100101101000000000100000110001001011
13972,476,20,23,M110110000100100101101000000000100000110001001011
13973,476,21,21,M110110000100100101101000000000100000110001001011
13974,476,22,13,M110110000100100101101000000000100000110001001011
13975,476,23,27,M110110000100100101101000000000100000110001001011
13976,476,24,28,M110110000100100101101000000000100000110001001011
13977,476,25,8,M110110000100100101101000000000100000110001001011
13978,476,26,16,M110110000100100101101000000000100000110001001011
13979,476,27,12,M110110000100100101101000000000100000110001001011
13980,476,28,20,M110110000100100101101000000000100000110001001011
13981,476,29,24,M110110000100100101101000000000100000110001001011
13982,476,30,5,M110110000100100101101000000000100000110001001011
13983,476,31,14,M110110000100100101101000000000100000110001001011
13984,400,0,30,M000111000001001000000101000000110010000110101101
13985,400,1,7,M000111000001001000000101000000110010000110101101
13986,400,2,3,M000111000001001000000101000000110010000110101101
13987,400,3,17,M000111000001001000000101000000110010000110101101
13988,400,4,10,M000111000001001000000101000000110010000110101101
13989,400,5,9,M000111000001001000000101000000110010000110101101
13990,400,6,25,M000111000001001000000101000000110010000110101101
13991,400,7,13,M000111000001001000000101000000110010000110101101
13992,400,8,19,M000111000001001000000101000000110010000110101101
13993,400,9,21,M000111000001001000000101000000110010000110101101
13994,400,10,11,M000111000001001000000101000000110010000110101101
13995,400,11,4,M000111000001001000000101000000110010000110101101
13996,400,12,29,M000111000001001000000101000000110010000110101101
13997,400,13,24,M000111000001001000000101000000110010000110101101
13998,400,14,8,M000111000001001000000101000000110010000110101101
13999,400,15,31,M000111000001001000000101000000110010000110101101
14000,400,16,2,M000111000001001000000101000000110010000110101101
14001,400,17,27,M000111000001001000000101000000110010000110101101
14002,400,18,5,M000111000001001000000101000000110010000110101101
14003,400,19,1,M000111000001001000000101000000110010000110101101
14004,400,20,20,M000111000001001000000101000000110010000110101101
14005,400,21,22,M000111000001001000000101000000110010000110101101
14006,400,22,18,M000111000001001000000101000000110010000110101101
14007,400,23,14,M000111000001001000000101000000110010000110101101
14008,400,24,15,M000111000001001000000101000000110010000110101101
14009,400,25,6,M000111000001001000000101000000110010000110101101
14010,400,26,28,M000111000001001000000101000000110010000110101101
14011,400,27,0,M000111000001001000000101000000110010000110101101
14012,400,28,23,M000111000001001000000101000000110010000110101101
14013,400,29,12,M000111000001001000000101000000110010000110101101
14014,400,30,26,M000111000001001000000101000000110010000110101101
14015,400,31,16,M000111000001001000000101000000110010000110101101
14016,541,0,1,M010011101100010100100000100000001010000100001011
14017,541,1,0,M010011101100010100100000100000001010000100001011
14018,541,2,10,M010011101100010100100000100000001010000100001011
14019,541,3,23,M010011101100010100100000100000001010000100001011
14020,541,4,7,M010011101100010100100000100000001010000100001011
14021,541,5,16,M010011101100010100100000100000001010000100001011
14022,541,6,30,M010011101100010100100000100000001010000100001011
14023,541,7,19,M010011101100010100100000100000001010000100001011
14024,541,8,18,M010011101100010100100000100000001010000100001011
14025,541,9,2,M010011101100010100100000100000001010000100001011
14026,541,10,28,M010011101100010100100000100000001010000100001011
14027,541,11,27,M010011101100010100100000100000001010000100001011
14028,541,12,6,M010011101100010100100000100000001010000100001011
14029,541,13,25,M010011101100010100100000100000001010000100001011
14030,541,14,26,M010011101100010100100000100000001010000100001011
14031,541,15,5,M010011101100010100100000100000001010000100001011
14032,541,16,8,M010011101100010100100000100000001010000100001011
14033,541,17,11,M010011101100010100100000100000001010000100001011
14034,541,18,17,M010011101100010100100000100000001010000100001011
14035,541,19,14,M010011101100010100100000100000001010000100001011
14036,541,20,22,M010011101100010100100000100000001010000100001011
14037,541,21,9,M010011101100010100100000100000001010000100001011
14038,541,22,3,M010011101100010100100000100000001010000100001011
14039,541,23,13,M010011101100010100100000100000001010000100001011
14040,541,24,31,M010011101100010100100000100000001010000100001011
14041,541,25,29,M010011101100010100100000100000001010000100001011
14042,541,26,20,M010011101100010100100000100000001010000100001011
14043,541,27,21,M010011101100010100100000100000001010000100001011
14044,541,28,4,M010011101100010100100000100000001010000100001011
14045,541,29,15,M010011101100010100100000100000001010000100001011
14046,541,30,24,M010011101100010100100000100000001010000100001011
14047,541,31,12,M010011101100010100100000100000001010000100001011
14048,265,0,13,M000001001000000000001010011101000001001011110101
14049,265,1,10,M000001001000000000001010011101000001001011110101
14050,265,2,23,M000001001000000000001010011101000001001011110101
14051,265,3,25,M000001001000000000001010011101000001001011110101
14052,265,4,26,M000001001000000000001010011101000001001011110101
14053,265,5,28,M000001001000000000001010011101000001001011110101
14054,265,6,0,M000001001000000000001010011101000001001011110101
14055,265,7,22,M000001001000000000001010011101000001001011110101
14056,265,8,4,M000001001000000000001010011101000001001011110101
14057,265,9,29,M000001001000000000001010011101000001001011110101
14058,265,10,8,M000001001000000000001010011101000001001011110101
14059,265,11,19,M000001001000000000001010011101000001001011110101
14060,265,12,21,M000001001000000000001010011101000001001011110101
14061,265,13,3,M000001001000000000001010011101000001001011110101
14062,265,14,5,M000001001000000000001010011101000001001011110101
14063,265,15,9,M000001001000000000001010011101000001001011110101
14064,265,16,1,M000001001000000000001010011101000001001011110101
14065,265,17,15,M000001001000000000001010011101000001001011110101
14066,265,18,18,M000001001000000000001010011101000001001011110101
14067,265,19,20,M000001001000000000001010011101000001001011110101
14068,265,20,16,M000001001000000000001010011101000001001011110101
14069,265,21,12,M000001001000000000001010011101000001001011110101
14070,265,22,30,M000001001000000000001010011101000001001011110101
14071,265,23,2,M000001001000000000001010011101000001001011110101
14072,265,24,7,M000001001000000000001010011101000001001011110101
14073,265,25,17,M000001001000000000001010011101000001001011110101
14074,265,26,11,M000001001000000000001010011101000001001011110101
14075,265,27,14,M000001001000000000001010011101000001001011110101
14076,265,28,6,M000001001000000000001010011101000001001011110101
14077,265,29,27,M000001001000000000001010011101000001001011110101
14078,265,30,24,M000001001000000000001010011101000001001011110101
14079,265,31,31,M000001001000000000001010011101000001001011110101
14080,266,0,8,M100100101000001000000100010101100010110000001101
14081,266,1,25,M100100101000001000000100010101100010110000001101
14082,266,2,18,M100100101000001000000100010101100010110000001101
14083,266,3,28,M100100101000001000000100010101100010110000001101
14084,266,4,6,M100100101000001000000100010101100010110000001101
14085,266,5,2,M100100101000001000000100010101100010110000001101
14086,266,6,1,M100100101000001000000100010101100010110000001101
14087,266,7,4,M100100101000001000000100010101100010110000001101
14088,266,8,22,M100100101000001000000100010101100010110000001101
14089,266,9,31,M100100101000001000000100010101100010110000001101
14090,266,10,20,M100100101000001000000100010101100010110000001101
14091,266,11,5,M100100101000001000000100010101100010110000001101
14092,266,12,13,M100100101000001000000100010101100010110000001101
14093,266,13,17,M100100101000001000000100010101100010110000001101
14094,266,14,16,M100100101000001000000100010101100010110000001101
14095,266,15,9,M100100101000001000000100010101100010110000001101
14096,266,16,12,M100100101000001000000100010101100010110000001101
14097,266,17,0,M100100101000001000000100010101100010110000001101
14098,266,18,3,M100100101000001000000100010101100010110000001101
14099,266,19,26,M100100101000001000000100010101100010110000001101
14100,266,20,11,M100100101000001000000100010101100010110000001101
14101,266,21,10,M100100101000001000000100010101100010110000001101
14102,266,22,23,M100100101000001000000100010101100010110000001101
14103,266,23,7,M100100101000001000000100010101100010110000001101
14104,266,24,21,M100100101000001000000100010101100010110000001101
14105,266,25,27,M100100101000001000000100010101100010110000001101
14106,266,26,24,M100100101000001000000100010101100010110000001101
14107,266,27,19,M100100101000001000000100010101100010110000001101
14108,266,28,30,M100100101000001000000100010101100010110000001101
14109,266,29,29,M100100101000001000000100010101100010110000001101
14110,266,30,14,M100100101000001000000100010101100010110000001101
14111,266,31,15,M100100101000001000000100010101100010110000001101
14112,250,0,7,M011001000010000001001010001101000000000110110011
14113,250,1,26,M011001000010000001001010001101000000000110110011
14114,250,2,23,M011001000010000001001010001101000000000110110011
14115,250,3,11,M011001000010000001001010001101000000000110110011
14116,250,4,16,M011001000010000001001010001101000000000110110011
14117,250,5,8,M011001000010000001001010001101000000000110110011
14118,250,6,15,M011001000010000001001010001101000000000110110011
14119,250,7,21,M011001000010000001001010001101000000000110110011
14120,250,8,1,M011001000010000001001010001101000000000110110011
14121,250,9,13,M011001000010000001001010001101000000000110110011
14122,250,10,5,M011001000010000001001010001101000000000110110011
14123,250,11,20,M011001000010000001001010001101000000000110110011
14124,250,12,12,M011001000010000001001010001101000000000110110011
14125,250,13,10,M011001000010000001001010001101000000000110110011
14126,250,14,22,M011001000010000001001010001101000000000110110011
14127,250,15,25,M011001000010000001001010001101000000000110110011
14128,250,16,18,M011001000010000001001010001101000000000110110011
14129,250,17,24,M011001000010000001001010001101000000000110110011
14130,250,18,30,M011001000010000001001010001101000000000110110011
14131,250,19,3,M011001000010000001001010001101000000000110110011
14132,250,20,19,M011001000010000001001010001101000000000110110011
14133,250,21,0,M011001000010000001001010001101000000000110110011
14134,250,22,31,M011001000010000001001010001101000000000110110011
14135,250,23,6,M011001000010000001001010001101000000000110110011
14136,250,24,14,M011001000010000001001010001101000000000110110011
14137,250,25,9,M011001000010000001001010001101000000000110110011
14138,250,26,17,M011001000010000001001010001101000000000110110011
14139,250,27,28,M011001000010000001001010001101000000000110110011
14140,250,28,27,M011001000010000001001010001101000000000110110011
14141,250,29,29,M011001000010000001001010001101000000000110110011
14142,250,30,4,M011001000010000001001010001101000000000110110011
14143,250,31,2,M011001000010000001001010001101000000000110110011
14144,38,0,10,M101000101100000001010100000110011000000010101000
14145,38,1,26,M101000101100000001010100000110011000000010101000
14146,38,2,15,M101000101100000001010100000110011000000010101000
14147,38,3,19,M101000101100000001010100000110011000000010101000
14148,38,4,7,M101000101100000001010100000110011000000010101000
14149,38,5,25,M101000101100000001010100000110011000000010101000
14150,38,6,1,M101000101100000001010100000110011000000010101000
14151,38,7,22,M101000101100000001010100000110011000000010101000
14152,38,8,17,M101000101100000001010100000110011000000010101000
14153,38,9,29,M101000101100000001010100000110011000000010101000
14154,38,10,0,M101000101100000001010100000110011000000010101000
14155,38,11,23,M101000101100000001010100000110011000000010101000
14156,38,12,31,M101000101100000001010100000110011000000010101000
14157,38,13,20,M101000101100000001010100000110011000000010101000
14158,38,14,11,M101000101100000001010100000110011000000010101000
14159,38,15,24,M101000101100000001010100000110011000000010101000
14160,38,16,8,M101000101100000001010100000110011000000010101000
14161,38,17,21,M101000101100000001010100000110011000000010101000
14162,38,18,18,M101000101100000001010100000110011000000010101000
14163,38,19,28,M101000101100000001010100000110011000000010101000
14164,38,20,2,M101000101100000001010100000110011000000010101000
14165,38,21,5,M101000101100000001010100000110011000000010101000
14166,38,22,4,M101000101100000001010100000110011000000010101000
14167,38,23,30,M101000101100000001010100000110011000000010101000
14168,38,24,3,M101000101100000001010100000110011000000010101000
14169,38,25,16,M101000101100000001010100000110011000000010101000
14170,38,26,9,M101000101100000001010100000110011000000010101000
14171,38,27,14,M101000101100000001010100000110011000000010101000
14172,38,28,6,M101000101100000001010100000110011000000010101000
14173,38,29,27,M101000101100000001010100000110011000000010101000
14174,38,30,13,M101000101100000001010100000110011000000010101000
14175,38,31,12,M101000101100000001010100000110011000000010101000
14208,579,0,31,M101011010000000001010101001000000001000100111001
14209,579,1,20,M101011010000000001010101001000000001000100111001
14210,579,2,16,M101011010000000001010101001000000001000100111001
14211,579,3,18,M101011010000000001010101001000000001000100111001
14212,579,4,9,M101011010000000001010101001000000001000100111001
14213,579,5,29,M101011010000000001010101001000000001000100111001
14214,579,6,3,M101011010000000001010101001000000001000100111001
14215,579,7,12,M101011010000000001010101001000000001000100111001
14216,579,8,25,M101011010000000001010101001000000001000100111001
14217,579,9,22,M101011010000000001010101001000000001000100111001
14218,579,10,28,M101011010000000001010101001000000001000100111001
14219,579,11,13,M101011010000000001010101001000000001000100111001
14220,579,12,26,M101011010000000001010101001000000001000100111001
14221,579,13,2,M101011010000000001010101001000000001000100111001
14222,579,14,21,M101011010000000001010101001000000001000100111001
14223,579,15,0,M101011010000000001010101001000000001000100111001
14224,579,16,14,M101011010000000001010101001000000001000100111001
14225,579,17,11,M101011010000000001010101001000000001000100111001
14226,579,18,5,M101011010000000001010101001000000001000100111001
14227,579,19,17,M101011010000000001010101001000000001000100111001
14228,579,20,30,M101011010000000001010101001000000001000100111001
14229,579,21,6,M101011010000000001010101001000000001000100111001
14230,579,22,4,M101011010000000001010101001000000001000100111001
14231,579,23,10,M101011010000000001010101001000000001000100111001
14232,579,24,27,M101011010000000001010101001000000001000100111001
14233,579,25,19,M101011010000000001010101001000000001000100111001
14234,579,26,7,M101011010000000001010101001000000001000100111001
14235,579,27,1,M101011010000000001010101001000000001000100111001
14236,579,28,15,M101011010000000001010101001000000001000100111001
14237,579,29,23,M101011010000000001010101001000000001000100111001
14238,579,30,24,M101011010000000001010101001000000001000100111001
14239,579,31,8,M101011010000000001010101001000000001000100111001
14272,420,0,2,M010110100100000001101101000000100010000000010111
14273,420,1,1,M010110100100000001101101000000100010000000010111
14274,420,2,8,M010110100100000001101101000000100010000000010111
14275,420,3,7,M010110100100000001101101000000100010000000010111
14276,420,4,14,M010110100100000001101101000000100010000000010111
14277,420,5,24,M010110100100000001101101000000100010000000010111
14278,420,6,0,M010110100100000001101101000000100010000000010111
14279,420,7,3,M010110100100000001101101000000100010000000010111
14280,420,8,4,M010110100100000001101101000000100010000000010111
14281,420,9,22,M010110100100000001101101000000100010000000010111
14282,420,10,15,M010110100100000001101101000000100010000000010111
14283,420,11,20,M010110100100000001101101000000100010000000010111
14284,420,12,29,M010110100100000001101101000000100010000000010111
14285,420,13,9,M010110100100000001101101000000100010000000010111
14286,420,14,25,M010110100100000001101101000000100010000000010111
14287,420,15,6,M010110100100000001101101000000100010000000010111
14288,420,16,16,M010110100100000001101101000000100010000000010111
14289,420,17,19,M010110100100000001101101000000100010000000010111
14290,420,18,10,M010110100100000001101101000000100010000000010111
14291,420,19,13,M010110100100000001101101000000100010000000010111
14292,420,20,31,M010110100100000001101101000000100010000000010111
14293,420,21,11,M010110100100000001101101000000100010000000010111
14294,420,22,17,M010110100100000001101101000000100010000000010111
14295,420,23,26,M010110100100000001101101000000100010000000010111
14296,420,24,21,M010110100100000001101101000000100010000000010111
14297,420,25,12,M010110100100000001101101000000100010000000010111
14298,420,26,5,M010110100100000001101101000000100010000000010111
14299,420,27,28,M010110100100000001101101000000100010000000010111
14300,420,28,18,M010110100100000001101101000000100010000000010111
14301,420,29,30,M010110100100000001101101000000100010000000010111
14302,420,30,27,M010110100100000001101101000000100010000000010111
14303,420,31,23,M010110100100000001101101000000100010000000010111
14304,110,0,16,M011110010000100010010000010001001000110000011010
14305,110,1,13,M011110010000100010010000010001001000110000011010
14306,110,2,22,M011110010000100010010000010001001000110000011010
14307,110,3,30,M011110010000100010010000010001001000110000011010
14308,110,4,0,M011110010000100010010000010001001000110000011010
14309,110,5,17,M011110010000100010010000010001001000110000011010
14310,110,6,28,M011110010000100010010000010001001000110000011010
14311,110,7,10,M011110010000100010010000010001001000110000011010
14312,110,8,1,M011110010000100010010000010001001000110000011010
14313,110,9,8,M011110010000100010010000010001001000110000011010
14314,110,10,23,M011110010000100010010000010001001000110000011010
14315,110,11,15,M011110010000100010010000010001001000110000011010
14316,110,12,6,M011110010000100010010000010001001000110000011010
14317,110,13,2,M011110010000100010010000010001001000110000011010
14318,110,14,26,M011110010000100010010000010001001000110000011010
14319,110,15,31,M011110010000100010010000010001001000110000011010
14320,110,16,18,M011110010000100010010000010001001000110000011010
14321,110,17,25,M011110010000100010010000010001001000110000011010
14322,110,18,9,M011110010000100010010000010001001000110000011010
14323,110,19,21,M011110010000100010010000010001001000110000011010
14324,110,20,27,M011110010000100010010000010001001000110000011010
14325,110,21,29,M011110010000100010010000010001001000110000011010
14326,110,22,3,M011110010000100010010000010001001000110000011010
14327,110,23,12,M011110010000100010010000010001001000110000011010
14328,110,24,4,M011110010000100010010000010001001000110000011010
14329,110,25,5,M011110010000100010010000010001001000110000011010
14330,110,26,24,M011110010000100010010000010001001000110000011010
14331,110,27,20,M011110010000100010010000010001001000110000011010
14332,110,28,11,M011110010000100010010000010001001000110000011010
14333,110,29,14,M011110010000100010010000010001001000110000011010
14334,110,30,7,M011110010000100010010000010001001000110000011010
14335,110,31,19,M011110010000100010010000010001001000110000011010
14336,371,0,15,M111100000100000000000101000011100001000011101001
14337,371,1,26,M111100000100000000000101000011100001000011101001
14338,371,2,12,M111100000100000000000101000011100001000011101001
14339,371,3,13,M111100000100000000000101000011100001000011101001
14340,371,4,1,M111100000100000000000101000011100001000011101001
14341,371,5,28,M111100000100000000000101000011100001000011101001
14342,371,6,21,M111100000100000000000101000011100001000011101001
14343,371,7,19,M111100000100000000000101000011100001000011101001
14344,371,8,6,M111100000100000000000101000011100001000011101001
14345,371,9,5,M111100000100000000000101000011100001000011101001
14346,371,10,9,M111100000100000000000101000011100001000011101001
14347,371,11,2,M111100000100000000000101000011100001000011101001
14348,371,12,11,M111100000100000000000101000011100001000011101001
14349,371,13,18,M111100000100000000000101000011100001000011101001
14350,371,14,3,M111100000100000000000101000011100001000011101001
14351,371,15,25,M111100000100000000000101000011100001000011101001
14352,371,16,17,M111100000100000000000101000011100001000011101001
14353,371,17,7,M111100000100000000000101000011100001000011101001
14354,371,18,31,M111100000100000000000101000011100001000011101001
14355,371,19,0,M111100000100000000000101000011100001000011101001
14356,371,20,14,M111100000100000000000101000011100001000011101001
14357,371,21,24,M111100000100000000000101000011100001000011101001
14358,371,22,23,M111100000100000000000101000011100001000011101001
14359,371,23,16,M111100000100000000000101000011100001000011101001
14360,371,24,8,M111100000100000000000101000011100001000011101001
14361,371,25,22,M111100000100000000000101000011100001000011101001
14362,371,26,30,M111100000100000000000101000011100001000011101001
14363,371,27,29,M111100000100000000000101000011100001000011101001
14364,371,28,20,M111100000100000000000101000011100001000011101001
14365,371,29,4,M111100000100000000000101000011100001000011101001
14366,371,30,10,M111100000100000000000101000011100001000011101001
14367,371,31,27,M111100000100000000000101000011100001000011101001
14368,433,0,14,M011110100000011000011000000001010100000000101011
14369,433,1,10,M011110100000011000011000000001010100000000101011
14370,433,2,27,M011110100000011000011000000001010100000000101011
14371,433,3,7,M011110100000011000011000000001010100000000101011
14372,433,4,18,M011110100000011000011000000001010100000000101011
14373,433,5,25,M011110100000011000011000000001010100000000101011
14374,433,6,22,M011110100000011000011000000001010100000000101011
14375,433,7,24,M011110100000011000011000000001010100000000101011
14376,433,8,20,M011110100000011000011000000001010100000000101011
14377,433,9,3,M011110100000011000011000000001010100000000101011
14378,433,10,21,M011110100000011000011000000001010100000000101011
14379,433,11,2,M011110100000011000011000000001010100000000101011
14380,433,12,8,M011110100000011000011000000001010100000000101011
14381,433,13,28,M011110100000011000011000000001010100000000101011
14382,433,14,16,M011110100000011000011000000001010100000000101011
14383,433,15,29,M011110100000011000011000000001010100000000101011
14384,433,16,30,M011110100000011000011000000001010100000000101011
14385,433,17,12,M011110100000011000011000000001010100000000101011
14386,433,18,1,M011110100000011000011000000001010100000000101011
14387,433,19,26,M011110100000011000011000000001010100000000101011
14388,433,20,31,M011110100000011000011000000001010100000000101011
14389,433,21,11,M011110100000011000011000000001010100000000101011
14390,433,22,4,M011110100000011000011000000001010100000000101011
14391,433,23,0,M011110100000011000011000000001010100000000101011
14392,433,24,5,M011110100000011000011000000001010100000000101011
14393,433,25,17,M011110100000011000011000000001010100000000101011
14394,433,26,6,M011110100000011000011000000001010100000000101011
14395,433,27,15,M011110100000011000011000000001010100000000101011
14396,433,28,19,M011110100000011000011000000001010100000000101011
14397,433,29,13,M011110100000011000011000000001010100000000101011
14398,433,30,23,M011110100000011000011000000001010100000000101011
14399,433,31,9,M011110100000011000011000000001010100000000101011
14400,417,0,27,M010110001000000001010010100100000000000100111111
14401,417,1,21,M010110001000000001010010100100000000000100111111
14402,417,2,19,M010110001000000001010010100100000000000100111111
14403,417,3,31,M010110001000000001010010100100000000000100111111
14404,417,4,22,M010110001000000001010010100100000000000100111111
14405,417,5,16,M010110001000000001010010100100000000000100111111
14406,417,6,30,M010110001000000001010010100100000000000100111111
14407,417,7,28,M010110001000000001010010100100000000000100111111
14408,417,8,15,M010110001000000001010010100100000000000100111111
14409,417,9,24,M010110001000000001010010100100000000000100111111
14410,417,10,10,M010110001000000001010010100100000000000100111111
14411,417,11,2,M010110001000000001010010100100000000000100111111
14412,417,12,29,M010110001000000001010010100100000000000100111111
14413,417,13,7,M010110001000000001010010100100000000000100111111
14414,417,14,18,M010110001000000001010010100100000000000100111111
14415,417,15,20,M010110001000000001010010100100000000000100111111
14416,417,16,25,M010110001000000001010010100100000000000100111111
14417,417,17,8,M010110001000000001010010100100000000000100111111
14418,417,18,13,M010110001000000001010010100100000000000100111111
14419,417,19,6,M010110001000000001010010100100000000000100111111
14420,417,20,26,M010110001000000001010010100100000000000100111111
14421,417,21,3,M010110001000000001010010100100000000000100111111
14422,417,22,11,M010110001000000001010010100100000000000100111111
14423,417,23,1,M010110001000000001010010100100000000000100111111
14424,417,24,9,M010110001000000001010010100100000000000100111111
14425,417,25,4,M010110001000000001010010100100000000000100111111
14426,417,26,0,M010110001000000001010010100100000000000100111111
14427,417,27,17,M010110001000000001010010100100000000000100111111
14428,417,28,23,M010110001000000001010010100100000000000100111111
14429,417,29,5,M010110001000000001010010100100000000000100111111
14430,417,30,14,M010110001000000001010010100100000000000100111111
14431,417,31,12,M010110001000000001010010100100000000000100111111
14432,451,0,13,M111011000010000000000000001000100010000011111110
14433,451,1,16,M111011000010000000000000001000100010000011111110
14434,451,2,25,M111011000010000000000000001000100010000011111110
14435,451,3,23,M111011000010000000000000001000100010000011111110
14436,451,4,20,M111011000010000000000000001000100010000011111110
14437,451,5,26,M111011000010000000000000001000100010000011111110
14438,451,6,2,M111011000010000000000000001000100010000011111110
14439,451,7,3,M111011000010000000000000001000100010000011111110
14440,451,8,5,M111011000010000000000000001000100010000011111110
14441,451,9,12,M111011000010000000000000001000100010000011111110
14442,451,10,10,M111011000010000000000000001000100010000011111110
14443,451,11,15,M111011000010000000000000001000100010000011111110
14444,451,12,8,M111011000010000000000000001000100010000011111110
14445,451,13,18,M111011000010000000000000001000100010000011111110
14446,451,14,11,M111011000010000000000000001000100010000011111110
14447,451,15,27,M111011000010000000000000001000100010000011111110
14448,451,16,9,M111011000010000000000000001000100010000011111110
14449,451,17,29,M111011000010000000000000001000100010000011111110
14450,451,18,21,M111011000010000000000000001000100010000011111110
14451,451,19,24,M111011000010000000000000001000100010000011111110
14452,451,20,30,M111011000010000000000000001000100010000011111110
14453,451,21,31,M111011000010000000000000001000100010000011111110
14454,451,22,0,M111011000010000000000000001000100010000011111110
14455,451,23,7,M111011000010000000000000001000100010000011111110
14456,451,24,17,M111011000010000000000000001000100010000011111110
14457,451,25,1,M111011000010000000000000001000100010000011111110
14458,451,26,4,M111011000010000000000000001000100010000011111110
14459,451,27,6,M111011000010000000000000001000100010000011111110
14460,451,28,28,M111011000010000000000000001000100010000011111110
14461,451,29,14,M111011000010000000000000001000100010000011111110
14462,451,30,19,M111011000010000000000000001000100010000011111110
14463,451,31,22,M111011000010000000000000001000100010000011111110
14464,172,0,14,M111101101001000000010010001000011000000000011100
14465,172,1,15,M111101101001000000010010001000011000000000011100
14466,172,2,28,M111101101001000000010010001000011000000000011100
14467,172,3,2,M111101101001000000010010001000011000000000011100
14468,172,4,31,M111101101001000000010010001000011000000000011100
14469,172,5,10,M111101101001000000010010001000011000000000011100
14470,172,6,0,M111101101001000000010010001000011000000000011100
14471,172,7,3,M111101101001000000010010001000011000000000011100
14472,172,8,26,M111101101001000000010010001000011000000000011100
14473,172,9,16,M111101101001000000010010001000011000000000011100
14474,172,10,6,M111101101001000000010010001000011000000000011100
14475,172,11,4,M111101101001000000010010001000011000000000011100
14476,172,12,29,M111101101001000000010010001000011000000000011100
14477,172,13,7,M111101101001000000010010001000011000000000011100
14478,172,14,12,M111101101001000000010010001000011000000000011100
14479,172,15,19,M111101101001000000010010001000011000000000011100
14480,172,16,20,M111101101001000000010010001000011000000000011100
14481,172,17,17,M111101101001000000010010001000011000000000011100
14482,172,18,11,M111101101001000000010010001000011000000000011100
14483,172,19,8,M111101101001000000010010001000011000000000011100
14484,172,20,22,M111101101001000000010010001000011000000000011100
14485,172,21,5,M111101101001000000010010001000011000000000011100
14486,172,22,21,M111101101001000000010010001000011000000000011100
14487,172,23,18,M111101101001000000010010001000011000000000011100
14488,172,24,27,M111101101001000000010010001000011000000000011100
14489,172,25,23,M111101101001000000010010001000011000000000011100
14490,172,26,1,M111101101001000000010010001000011000000000011100
14491,172,27,24,M111101101001000000010010001000011000000000011100
14492,172,28,9,M111101101001000000010010001000011000000000011100
14493,172,29,13,M111101101001000000010010001000011000000000011100
14494,172,30,30,M111101101001000000010010001000011000000000011100
14495,172,31,25,M111101101001000000010010001000011000000000011100
14496,64,0,18,M111011100000001000011000010000000001000110010011
14497,64,1,9,M111011100000001000011000010000000001000110010011
14498,64,2,16,M111011100000001000011000010000000001000110010011
14499,64,3,7,M111011100000001000011000010000000001000110010011
14500,64,4,19,M111011100000001000011000010000000001000110010011
14501,64,5,11,M111011100000001000011000010000000001000110010011
14502,64,6,13,M111011100000001000011000010000000001000110010011
14503,64,7,6,M111011100000001000011000010000000001000110010011
14504,64,8,17,M111011100000001000011000010000000001000110010011
14505,64,9,25,M111011100000001000011000010000000001000110010011
14506,64,10,24,M111011100000001000011000010000000001000110010011
14507,64,11,10,M111011100000001000011000010000000001000110010011
14508,64,12,26,M111011100000001000011000010000000001000110010011
14509,64,13,3,M111011100000001000011000010000000001000110010011
14510,64,14,15,M111011100000001000011000010000000001000110010011
14511,64,15,29,M111011100000001000011000010000000001000110010011
14512,64,16,1,M111011100000001000011000010000000001000110010011
14513,64,17,31,M111011100000001000011000010000000001000110010011
14514,64,18,12,M111011100000001000011000010000000001000110010011
14515,64,19,0,M111011100000001000011000010000000001000110010011
14516,64,20,8,M111011100000001000011000010000000001000110010011
14517,64,21,2,M111011100000001000011000010000000001000110010011
14518,64,22,30,M111011100000001000011000010000000001000110010011
14519,64,23,20,M111011100000001000011000010000000001000110010011
14520,64,24,5,M111011100000001000011000010000000001000110010011
14521,64,25,28,M111011100000001000011000010000000001000110010011
14522,64,26,22,M111011100000001000011000010000000001000110010011
14523,64,27,23,M111011100000001000011000010000000001000110010011
14524,64,28,27,M111011100000001000011000010000000001000110010011
14525,64,29,14,M111011100000001000011000010000000001000110010011
14526,64,30,4,M111011100000001000011000010000000001000110010011
14527,64,31,21,M111011100000001000011000010000000001000110010011
14528,105,0,3,M111111000000010000001100000001000010000000111011
14529,105,1,2,M111111000000010000001100000001000010000000111011
14530,105,2,1,M111111000000010000001100000001000010000000111011
14531,105,3,28,M111111000000010000001100000001000010000000111011
14532,105,4,12,M111111000000010000001100000001000010000000111011
14533,105,5,29,M111111000000010000001100000001000010000000111011
14534,105,6,27,M111111000000010000001100000001000010000000111011
14535,105,7,17,M111111000000010000001100000001000010000000111011
14536,105,8,21,M111111000000010000001100000001000010000000111011
14537,105,9,22,M111111000000010000001100000001000010000000111011
14538,105,10,8,M111111000000010000001100000001000010000000111011
14539,105,11,16,M111111000000010000001100000001000010000000111011
14540,105,12,25,M111111000000010000001100000001000010000000111011
14541,105,13,23,M111111000000010000001100000001000010000000111011
14542,105,14,0,M111111000000010000001100000001000010000000111011
14543,105,15,20,M111111000000010000001100000001000010000000111011
14544,105,16,13,M111111000000010000001100000001000010000000111011
14545,105,17,9,M111111000000010000001100000001000010000000111011
14546,105,18,18,M111111000000010000001100000001000010000000111011
14547,105,19,5,M111111000000010000001100000001000010000000111011
14548,105,20,14,M111111000000010000001100000001000010000000111011
14549,105,21,31,M111111000000010000001100000001000010000000111011
14550,105,22,30,M111111000000010000001100000001000010000000111011
14551,105,23,7,M111111000000010000001100000001000010000000111011
14552,105,24,26,M111111000000010000001100000001000010000000111011
14553,105,25,4,M111111000000010000001100000001000010000000111011
14554,105,26,6,M111111000000010000001100000001000010000000111011
14555,105,27,10,M111111000000010000001100000001000010000000111011
14556,105,28,19,M111111000000010000001100000001000010000000111011
14557,105,29,24,M111111000000010000001100000001000010000000111011
14558,105,30,15,M111111000000010000001100000001000010000000111011
14559,105,31,11,M111111000000010000001100000001000010000000111011
14560,572,0,20,M101001000000010101000110001000000000010001110111
14561,572,1,9,M101001000000010101000110001000000000010001110111
14562,572,2,19,M101001000000010101000110001000000000010001110111
14563,572,3,3,M101001000000010101000110001000000000010001110111
14564,572,4,27,M101001000000010101000110001000000000010001110111
14565,572,5,5,M101001000000010101000110001000000000010001110111
14566,572,6,21,M101001000000010101000110001000000000010001110111
14567,572,7,16,M101001000000010101000110001000000000010001110111
14568,572,8,18,M101001000000010101000110001000000000010001110111
14569,572,9,6,M101001000000010101000110001000000000010001110111
14570,572,10,25,M101001000000010101000110001000000000010001110111
14571,572,11,13,M101001000000010101000110001000000000010001110111
14572,572,12,30,M101001000000010101000110001000000000010001110111
14573,572,13,2,M101001000000010101000110001000000000010001110111
14574,572,14,26,M101001000000010101000110001000000000010001110111
14575,572,15,4,M101001000000010101000110001000000000010001110111
14576,572,16,11,M101001000000010101000110001000000000010001110111
14577,572,17,24,M101001000000010101000110001000000000010001110111
14578,572,18,12,M101001000000010101000110001000000000010001110111
14579,572,19,22,M101001000000010101000110001000000000010001110111
14580,572,20,17,M101001000000010101000110001000000000010001110111
14581,572,21,10,M101001000000010101000110001000000000010001110111
14582,572,22,28,M101001000000010101000110001000000000010001110111
14583,572,23,0,M101001000000010101000110001000000000010001110111
14584,572,24,14,M101001000000010101000110001000000000010001110111
14585,572,25,23,M101001000000010101000110001000000000010001110111
14586,572,26,1,M101001000000010101000110001000000000010001110111
14587,572,27,7,M101001000000010101000110001000000000010001110111
14588,572,28,29,M101001000000010101000110001000000000010001110111
14589,572,29,15,M101001000000010101000110001000000000010001110111
14590,572,30,8,M101001000000010101000110001000000000010001110111
14591,572,31,31,M101001000000010101000110001000000000010001110111
14656,556,0,18,M010011010000011000000100001000000100101000110111
14657,556,1,11,M010011010000011000000100001000000100101000110111
14658,556,2,30,M010011010000011000000100001000000100101000110111
14659,556,3,1,M010011010000011000000100001000000100101000110111
14660,556,4,2,M010011010000011000000100001000000100101000110111
14661,556,5,22,M010011010000011000000100001000000100101000110111
14662,556,6,31,M010011010000011000000100001000000100101000110111
14663,556,7,3,M010011010000011000000100001000000100101000110111
14664,556,8,6,M010011010000011000000100001000000100101000110111
14665,556,9,0,M010011010000011000000100001000000100101000110111
14666,556,10,20,M010011010000011000000100001000000100101000110111
14667,556,11,24,M010011010000011000000100001000000100101000110111
14668,556,12,25,M010011010000011000000100001000000100101000110111
14669,556,13,19,M010011010000011000000100001000000100101000110111
14670,556,14,16,M010011010000011000000100001000000100101000110111
14671,556,15,28,M010011010000011000000100001000000100101000110111
14672,556,16,27,M010011010000011000000100001000000100101000110111
14673,556,17,9,M010011010000011000000100001000000100101000110111
14674,556,18,26,M010011010000011000000100001000000100101000110111
14675,556,19,17,M010011010000011000000100001000000100101000110111
14676,556,20,5,M010011010000011000000100001000000100101000110111
14677,556,21,21,M010011010000011000000100001000000100101000110111
14678,556,22,23,M010011010000011000000100001000000100101000110111
14679,556,23,10,M010011010000011000000100001000000100101000110111
14680,556,24,13,M010011010000011000000100001000000100101000110111
14681,556,25,29,M010011010000011000000100001000000100101000110111
14682,556,26,12,M010011010000011000000100001000000100101000110111
14683,556,27,8,M010011010000011000000100001000000100101000110111
14684,556,28,14,M010011010000011000000100001000000100101000110111
14685,556,29,7,M010011010000011000000100001000000100101000110111
14686,556,30,15,M010011010000011000000100001000000100101000110111
14687,556,31,4,M010011010000011000000100001000000100101000110111
14688,14,0,13,M011011001011000001100000000000000000100111000111
14689,14,1,17,M011011001011000001100000000000000000100111000111
14690,14,2,12,M011011001011000001100000000000000000100111000111
14691,14,3,24,M011011001011000001100000000000000000100111000111
14692,14,4,18,M011011001011000001100000000000000000100111000111
14693,14,5,19,M011011001011000001100000000000000000100111000111
14694,14,6,10,M011011001011000001100000000000000000100111000111
14695,14,7,5,M011011001011000001100000000000000000100111000111
14696,14,8,14,M011011001011000001100000000000000000100111000111
14697,14,9,7,M011011001011000001100000000000000000100111000111
14698,14,10,21,M011011001011000001100000000000000000100111000111
14699,14,11,30,M011011001011000001100000000000000000100111000111
14700,14,12,9,M011011001011000001100000000000000000100111000111
14701,14,13,16,M011011001011000001100000000000000000100111000111
14702,14,14,31,M011011001011000001100000000000000000100111000111
14703,14,15,27,M011011001011000001100000000000000000100111000111
14704,14,16,0,M011011001011000001100000000000000000100111000111
14705,14,17,15,M011011001011000001100000000000000000100111000111
14706,14,18,20,M011011001011000001100000000000000000100111000111
14707,14,19,1,M011011001011000001100000000000000000100111000111
14708,14,20,3,M011011001011000001100000000000000000100111000111
14709,14,21,26,M011011001011000001100000000000000000100111000111
14710,14,22,2,M011011001011000001100000000000000000100111000111
14711,14,23,29,M011011001011000001100000000000000000100111000111
14712,14,24,22,M011011001011000001100000000000000000100111000111
14713,14,25,6,M011011001011000001100000000000000000100111000111
14714,14,26,23,M011011001011000001100000000000000000100111000111
14715,14,27,11,M011011001011000001100000000000000000100111000111
14716,14,28,4,M011011001011000001100000000000000000100111000111
14717,14,29,28,M011011001011000001100000000000000000100111000111
14718,14,30,8,M011011001011000001100000000000000000100111000111
14719,14,31,25,M011011001011000001100000000000000000100111000111
14720,300,0,3,M100010000000011100000011100100000000000010111111
14721,300,1,17,M100010000000011100000011100100000000000010111111
14722,300,2,2,M100010000000011100000011100100000000000010111111
14723,300,3,10,M100010000000011100000011100100000000000010111111
14724,300,4,30,M100010000000011100000011100100000000000010111111
14725,300,5,9,M100010000000011100000011100100000000000010111111
14726,300,6,29,M100010000000011100000011100100000000000010111111
14727,300,7,20,M100010000000011100000011100100000000000010111111
14728,300,8,15,M100010000000011100000011100100000000000010111111
14729,300,9,13,M100010000000011100000011100100000000000010111111
14730,300,10,21,M100010000000011100000011100100000000000010111111
14731,300,11,18,M100010000000011100000011100100000000000010111111
14732,300,12,16,M100010000000011100000011100100000000000010111111
14733,300,13,26,M100010000000011100000011100100000000000010111111
14734,300,14,11,M100010000000011100000011100100000000000010111111
14735,300,15,24,M100010000000011100000011100100000000000010111111
14736,300,16,28,M100010000000011100000011100100000000000010111111
14737,300,17,4,M100010000000011100000011100100000000000010111111
14738,300,18,8,M100010000000011100000011100100000000000010111111
14739,300,19,22,M100010000000011100000011100100000000000010111111
14740,300,20,5,M100010000000011100000011100100000000000010111111
14741,300,21,6,M100010000000011100000011100100000000000010111111
14742,300,22,12,M100010000000011100000011100100000000000010111111
14743,300,23,7,M100010000000011100000011100100000000000010111111
14744,300,24,0,M100010000000011100000011100100000000000010111111
14745,300,25,27,M100010000000011100000011100100000000000010111111
14746,300,26,1,M100010000000011100000011100100000000000010111111
14747,300,27,23,M100010000000011100000011100100000000000010111111
14748,300,28,14,M100010000000011100000011100100000000000010111111
14749,300,29,31,M100010000000011100000011100100000000000010111111
14750,300,30,19,M100010000000011100000011100100000000000010111111
14751,300,31,25,M100010000000011100000011100100000000000010111111
14784,274,0,8,M100100100000111000100100000001101100000100011001
14785,274,1,20,M100100100000111000100100000001101100000100011001
14786,274,2,29,M100100100000111000100100000001101100000100011001
14787,274,3,14,M100100100000111000100100000001101100000100011001
14788,274,4,7,M100100100000111000100100000001101100000100011001
14789,274,5,10,M100100100000111000100100000001101100000100011001
14790,274,6,31,M100100100000111000100100000001101100000100011001
14791,274,7,5,M100100100000111000100100000001101100000100011001
14792,274,8,15,M100100100000111000100100000001101100000100011001
14793,274,9,22,M100100100000111000100100000001101100000100011001
14794,274,10,24,M100100100000111000100100000001101100000100011001
14795,274,11,18,M100100100000111000100100000001101100000100011001
14796,274,12,2,M100100100000111000100100000001101100000100011001
14797,274,13,13,M100100100000111000100100000001101100000100011001
14798,274,14,30,M100100100000111000100100000001101100000100011001
14799,274,15,11,M100100100000111000100100000001101100000100011001
14800,274,16,23,M100100100000111000100100000001101100000100011001
14801,274,17,0,M100100100000111000100100000001101100000100011001
14802,274,18,1,M100100100000111000100100000001101100000100011001
14803,274,19,3,M100100100000111000100100000001101100000100011001
14804,274,20,9,M100100100000111000100100000001101100000100011001
14805,274,21,16,M100100100000111000100100000001101100000100011001
14806,274,22,17,M100100100000111000100100000001101100000100011001
14807,274,23,28,M100100100000111000100100000001101100000100011001
14808,274,24,21,M100100100000111000100100000001101100000100011001
14809,274,25,27,M100100100000111000100100000001101100000100011001
14810,274,26,6,M100100100000111000100100000001101100000100011001
14811,274,27,26,M100100100000111000100100000001101100000100011001
14812,274,28,25,M100100100000111000100100000001101100000100011001
14813,274,29,4,M100100100000111000100100000001101100000100011001
14814,274,30,19,M100100100000111000100100000001101100000100011001
14815,274,31,12,M100100100000111000100100000001101100000100011001
14848,68,0,24,M001011001100000000000000010101001000001010111011
14849,68,1,1,M001011001100000000000000010101001000001010111011
14850,68,2,22,M001011001100000000000000010101001000001010111011
14851,68,3,14,M001011001100000000000000010101001000001010111011
14852,68,4,15,M001011001100000000000000010101001000001010111011
14853,68,5,8,M001011001100000000000000010101001000001010111011
14854,68,6,27,M001011001100000000000000010101001000001010111011
14855,68,7,9,M001011001100000000000000010101001000001010111011
14856,68,8,31,M001011001100000000000000010101001000001010111011
14857,68,9,13,M001011001100000000000000010101001000001010111011
14858,68,10,25,M001011001100000000000000010101001000001010111011
14859,68,11,11,M001011001100000000000000010101001000001010111011
14860,68,12,21,M001011001100000000000000010101001000001010111011
14861,68,13,19,M001011001100000000000000010101001000001010111011
14862,68,14,28,M001011001100000000000000010101001000001010111011
14863,68,15,17,M001011001100000000000000010101001000001010111011
14864,68,16,18,M001011001100000000000000010101001000001010111011
14865,68,17,20,M001011001100000000000000010101001000001010111011
14866,68,18,5,M001011001100000000000000010101001000001010111011
14867,68,19,7,M001011001100000000000000010101001000001010111011
14868,68,20,10,M001011001100000000000000010101001000001010111011
14869,68,21,2,M001011001100000000000000010101001000001010111011
14870,68,22,29,M001011001100000000000000010101001000001010111011
14871,68,23,23,M001011001100000000000000010101001000001010111011
14872,68,24,12,M001011001100000000000000010101001000001010111011
14873,68,25,16,M001011001100000000000000010101001000001010111011
14874,68,26,0,M001011001100000000000000010101001000001010111011
14875,68,27,6,M001011001100000000000000010101001000001010111011
14876,68,28,26,M001011001100000000000000010101001000001010111011
14877,68,29,30,M001011001100000000000000010101001000001010111011
14878,68,30,3,M001011001100000000000000010101001000001010111011
14879,68,31,4,M001011001100000000000000010101001000001010111011
14880,223,0,12,M001011001010001000101001000010000000001011110010
14881,223,1,10,M001011001010001000101001000010000000001011110010
14882,223,2,8,M001011001010001000101001000010000000001011110010
14883,223,3,22,M001011001010001000101001000010000000001011110010
14884,223,4,9,M001011001010001000101001000010000000001011110010
14885,223,5,28,M001011001010001000101001000010000000001011110010
14886,223,6,17,M001011001010001000101001000010000000001011110010
14887,223,7,25,M001011001010001000101001000010000000001011110010
14888,223,8,15,M001011001010001000101001000010000000001011110010
14889,223,9,1,M001011001010001000101001000010000000001011110010
14890,223,10,31,M001011001010001000101001000010000000001011110010
14891,223,11,13,M001011001010001000101001000010000000001011110010
14892,223,12,0,M001011001010001000101001000010000000001011110010
14893,223,13,5,M001011001010001000101001000010000000001011110010
14894,223,14,16,M001011001010001000101001000010000000001011110010
14895,223,15,29,M001011001010001000101001000010000000001011110010
14896,223,16,4,M001011001010001000101001000010000000001011110010
14897,223,17,20,M001011001010001000101001000010000000001011110010
14898,223,18,23,M001011001010001000101001000010000000001011110010
14899,223,19,24,M001011001010001000101001000010000000001011110010
14900,223,20,21,M001011001010001000101001000010000000001011110010
14901,223,21,26,M001011001010001000101001000010000000001011110010
14902,223,22,18,M001011001010001000101001000010000000001011110010
14903,223,23,7,M001011001010001000101001000010000000001011110010
14904,223,24,27,M001011001010001000101001000010000000001011110010
14905,223,25,14,M001011001010001000101001000010000000001011110010
14906,223,26,2,M001011001010001000101001000010000000001011110010
14907,223,27,3,M001011001010001000101001000010000000001011110010
14908,223,28,30,M001011001010001000101001000010000000001011110010
14909,223,29,19,M001011001010001000101001000010000000001011110010
14910,223,30,11,M001011001010001000101001000010000000001011110010
14911,223,31,6,M001011001010001000101001000010000000001011110010
14912,474,0,12,M010011100100100100000010000010000010001001101110
14913,474,1,7,M010011100100100100000010000010000010001001101110
14914,474,2,17,M010011100100100100000010000010000010001001101110
14915,474,3,24,M010011100100100100000010000010000010001001101110
14916,474,4,18,M010011100100100100000010000010000010001001101110
14917,474,5,1,M010011100100100100000010000010000010001001101110
14918,474,6,28,M010011100100100100000010000010000010001001101110
14919,474,7,27,M010011100100100100000010000010000010001001101110
14920,474,8,9,M010011100100100100000010000010000010001001101110
14921,474,9,16,M010011100100100100000010000010000010001001101110
14922,474,10,10,M010011100100100100000010000010000010001001101110
14923,474,11,4,M010011100100100100000010000010000010001001101110
14924,474,12,5,M010011100100100100000010000010000010001001101110
14925,474,13,11,M010011100100100100000010000010000010001001101110
14926,474,14,23,M010011100100100100000010000010000010001001101110
14927,474,15,26,M010011100100100100000010000010000010001001101110
14928,474,16,29,M010011100100100100000010000010000010001001101110
14929,474,17,3,M010011100100100100000010000010000010001001101110
14930,474,18,19,M010011100100100100000010000010000010001001101110
14931,474,19,21,M010011100100100100000010000010000010001001101110
14932,474,20,13,M010011100100100100000010000010000010001001101110
14933,474,21,8,M010011100100100100000010000010000010001001101110
14934,474,22,2,M010011100100100100000010000010000010001001101110
14935,474,23,25,M010011100100100100000010000010000010001001101110
14936,474,24,20,M010011100100100100000010000010000010001001101110
14937,474,25,0,M010011100100100100000010000010000010001001101110
14938,474,26,15,M010011100100100100000010000010000010001001101110
14939,474,27,30,M010011100100100100000010000010000010001001101110
14940,474,28,22,M010011100100100100000010000010000010001001101110
14941,474,29,6,M010011100100100100000010000010000010001001101110
14942,474,30,14,M010011100100100100000010000010000010001001101110
14943,474,31,31,M010011100100100100000010000010000010001001101110
14944,505,0,4,M110101101000001110001000000000101000000110001100
14945,505,1,28,M110101101000001110001000000000101000000110001100
14946,505,2,18,M110101101000001110001000000000101000000110001100
14947,505,3,17,M110101101000001110001000000000101000000110001100
14948,505,4,27,M110101101000001110001000000000101000000110001100
14949,505,5,9,M110101101000001110001000000000101000000110001100
14950,505,6,5,M110101101000001110001000000000101000000110001100
14951,505,7,6,M110101101000001110001000000000101000000110001100
14952,505,8,1,M110101101000001110001000000000101000000110001100
14953,505,9,14,M110101101000001110001000000000101000000110001100
14954,505,10,13,M110101101000001110001000000000101000000110001100
14955,505,11,2,M110101101000001110001000000000101000000110001100
14956,505,12,12,M110101101000001110001000000000101000000110001100
14957,505,13,0,M110101101000001110001000000000101000000110001100
14958,505,14,31,M110101101000001110001000000000101000000110001100
14959,505,15,29,M110101101000001110001000000000101000000110001100
14960,505,16,11,M110101101000001110001000000000101000000110001100
14961,505,17,22,M110101101000001110001000000000101000000110001100
14962,505,18,20,M110101101000001110001000000000101000000110001100
14963,505,19,10,M110101101000001110001000000000101000000110001100
14964,505,20,24,M110101101000001110001000000000101000000110001100
14965,505,21,8,M110101101000001110001000000000101000000110001100
14966,505,22,3,M110101101000001110001000000000101000000110001100
14967,505,23,25,M110101101000001110001000000000101000000110001100
14968,505,24,30,M110101101000001110001000000000101000000110001100
14969,505,25,26,M110101101000001110001000000000101000000110001100
14970,505,26,15,M110101101000001110001000000000101000000110001100
14971,505,27,21,M110101101000001110001000000000101000000110001100
14972,505,28,19,M110101101000001110001000000000101000000110001100
14973,505,29,23,M110101101000001110001000000000101000000110001100
14974,505,30,16,M110101101000001110001000000000101000000110001100
14975,505,31,7,M110101101000001110001000000000101000000110001100
14976,127,0,29,M111011000011000100000000100010000011000000001111
14977,127,1,15,M111011000011000100000000100010000011000000001111
14978,127,2,24,M111011000011000100000000100010000011000000001111
14979,127,3,3,M111011000011000100000000100010000011000000001111
14980,127,4,16,M111011000011000100000000100010000011000000001111
14981,127,5,20,M111011000011000100000000100010000011000000001111
14982,127,6,31,M111011000011000100000000100010000011000000001111
14983,127,7,25,M111011000011000100000000100010000011000000001111
14984,127,8,26,M111011000011000100000000100010000011000000001111
14985,127,9,27,M111011000011000100000000100010000011000000001111
14986,127,10,21,M111011000011000100000000100010000011000000001111
14987,127,11,2,M111011000011000100000000100010000011000000001111
14988,127,12,4,M111011000011000100000000100010000011000000001111
14989,127,13,8,M111011000011000100000000100010000011000000001111
14990,127,14,17,M111011000011000100000000100010000011000000001111
14991,127,15,19,M111011000011000100000000100010000011000000001111
14992,127,16,1,M111011000011000100000000100010000011000000001111
14993,127,17,5,M111011000011000100000000100010000011000000001111
14994,127,18,13,M111011000011000100000000100010000011000000001111
14995,127,19,12,M111011000011000100000000100010000011000000001111
14996,127,20,22,M111011000011000100000000100010000011000000001111
14997,127,21,14,M111011000011000100000000100010000011000000001111
14998,127,22,11,M111011000011000100000000100010000011000000001111
14999,127,23,30,M111011000011000100000000100010000011000000001111
15000,127,24,18,M111011000011000100000000100010000011000000001111
15001,127,25,23,M111011000011000100000000100010000011000000001111
15002,127,26,9,M111011000011000100000000100010000011000000001111
15003,127,27,6,M111011000011000100000000100010000011000000001111
15004,127,28,0,M111011000011000100000000100010000011000000001111
15005,127,29,28,M111011000011000100000000100010000011000000001111
15006,127,30,7,M111011000011000100000000100010000011000000001111
15007,127,31,10,M111011000011000100000000100010000011000000001111
15008,349,0,9,M100001010000000100101000100001010011000011101010
15009,349,1,6,M100001010000000100101000100001010011000011101010
15010,349,2,17,M100001010000000100101000100001010011000011101010
15011,349,3,25,M100001010000000100101000100001010011000011101010
15012,349,4,31,M100001010000000100101000100001010011000011101010
15013,349,5,30,M100001010000000100101000100001010011000011101010
15014,349,6,0,M100001010000000100101000100001010011000011101010
15015,349,7,4,M100001010000000100101000100001010011000011101010
15016,349,8,18,M100001010000000100101000100001010011000011101010
15017,349,9,5,M100001010000000100101000100001010011000011101010
15018,349,10,11,M100001010000000100101000100001010011000011101010
15019,349,11,10,M100001010000000100101000100001010011000011101010
15020,349,12,20,M100001010000000100101000100001010011000011101010
15021,349,13,15,M100001010000000100101000100001010011000011101010
15022,349,14,8,M100001010000000100101000100001010011000011101010
15023,349,15,28,M100001010000000100101000100001010011000011101010
15024,349,16,14,M100001010000000100101000100001010011000011101010
15025,349,17,23,M100001010000000100101000100001010011000011101010
15026,349,18,2,M100001010000000100101000100001010011000011101010
15027,349,19,13,M100001010000000100101000100001010011000011101010
15028,349,20,7,M100001010000000100101000100001010011000011101010
15029,349,21,22,M100001010000000100101000100001010011000011101010
15030,349,22,24,M100001010000000100101000100001010011000011101010
15031,349,23,27,M100001010000000100101000100001010011000011101010
15032,349,24,1,M100001010000000100101000100001010011000011101010
15033,349,25,21,M100001010000000100101000100001010011000011101010
15034,349,26,3,M100001010000000100101000100001010011000011101010
15035,349,27,26,M100001010000000100101000100001010011000011101010
15036,349,28,19,M100001010000000100101000100001010011000011101010
15037,349,29,12,M100001010000000100101000100001010011000011101010
15038,349,30,16,M100001010000000100101000100001010011000011101010
15039,349,31,29,M100001010000000100101000100001010011000011101010
15040,418,0,1,M001101000000010110001010000000101010100010101010
15041,418,1,18,M001101000000010110001010000000101010100010101010
15042,418,2,3,M001101000000010110001010000000101010100010101010
15043,418,3,31,M001101000000010110001010000000101010100010101010
15044,418,4,10,M001101000000010110001010000000101010100010101010
15045,418,5,9,M001101000000010110001010000000101010100010101010
15046,418,6,23,M001101000000010110001010000000101010100010101010
15047,418,7,24,M001101000000010110001010000000101010100010101010
15048,418,8,21,M001101000000010110001010000000101010100010101010
15049,418,9,5,M001101000000010110001010000000101010100010101010
15050,418,10,2,M001101000000010110001010000000101010100010101010
15051,418,11,27,M001101000000010110001010000000101010100010101010
15052,418,12,4,M001101000000010110001010000000101010100010101010
15053,418,13,17,M001101000000010110001010000000101010100010101010
15054,418,14,20,M001101000000010110001010000000101010100010101010
15055,418,15,8,M001101000000010110001010000000101010100010101010
15056,418,16,14,M001101000000010110001010000000101010100010101010
15057,418,17,12,M001101000000010110001010000000101010100010101010
15058,418,18,0,M001101000000010110001010000000101010100010101010
15059,418,19,13,M001101000000010110001010000000101010100010101010
15060,418,20,28,M001101000000010110001010000000101010100010101010
15061,418,21,29,M001101000000010110001010000000101010100010101010
15062,418,22,16,M001101000000010110001010000000101010100010101010
15063,418,23,15,M001101000000010110001010000000101010100010101010
15064,418,24,22,M001101000000010110001010000000101010100010101010
15065,418,25,26,M001101000000010110001010000000101010100010101010
15066,418,26,25,M001101000000010110001010000000101010100010101010
15067,418,27,6,M001101000000010110001010000000101010100010101010
15068,418,28,11,M001101000000010110001010000000101010100010101010
15069,418,29,30,M001101000000010110001010000000101010100010101010
15070,418,30,19,M001101000000010110001010000000101010100010101010
15071,418,31,7,M001101000000010110001010000000101010100010101010
15072,470,0,31,M110110000000010000000111001000001010000000101111
15073,470,1,20,M110110000000010000000111001000001010000000101111
15074,470,2,29,M110110000000010000000111001000001010000000101111
15075,470,3,22,M110110000000010000000111001000001010000000101111
15076,470,4,26,M110110000000010000000111001000001010000000101111
15077,470,5,5,M110110000000010000000111001000001010000000101111
15078,470,6,16,M110110000000010000000111001000001010000000101111
15079,470,7,11,M110110000000010000000111001000001010000000101111
15080,470,8,19,M110110000000010000000111001000001010000000101111
15081,470,9,27,M110110000000010000000111001000001010000000101111
15082,470,10,17,M110110000000010000000111001000001010000000101111
15083,470,11,0,M110110000000010000000111001000001010000000101111
15084,470,12,2,M110110000000010000000111001000001010000000101111
15085,470,13,23,M110110000000010000000111001000001010000000101111
15086,470,14,13,M110110000000010000000111001000001010000000101111
15087,470,15,28,M110110000000010000000111001000001010000000101111
15088,470,16,10,M110110000000010000000111001000001010000000101111
15089,470,17,8,M110110000000010000000111001000001010000000101111
15090,470,18,21,M110110000000010000000111001000001010000000101111
15091,470,19,12,M110110000000010000000111001000001010000000101111
15092,470,20,3,M110110000000010000000111001000001010000000101111
15093,470,21,14,M110110000000010000000111001000001010000000101111
15094,470,22,18,M110110000000010000000111001000001010000000101111
15095,470,23,30,M110110000000010000000111001000001010000000101111
15096,470,24,24,M110110000000010000000111001000001010000000101111
15097,470,25,25,M110110000000010000000111001000001010000000101111
15098,470,26,1,M110110000000010000000111001000001010000000101111
15099,470,27,15,M110110000000010000000111001000001010000000101111
15100,470,28,7,M110110000000010000000111001000001010000000101111
15101,470,29,6,M110110000000010000000111001000001010000000101111
15102,470,30,9,M110110000000010000000111001000001010000000101111
15103,470,31,4,M110110000000010000000111001000001010000000101111
15104,203,0,19,M011101100010101000001100000000010000010000111001
15105,203,1,14,M011101100010101000001100000000010000010000111001
15106,203,2,17,M011101100010101000001100000000010000010000111001
15107,203,3,30,M011101100010101000001100000000010000010000111001
15108,203,4,8,M011101100010101000001100000000010000010000111001
15109,203,5,24,M011101100010101000001100000000010000010000111001
15110,203,6,2,M011101100010101000001100000000010000010000111001
15111,203,7,11,M011101100010101000001100000000010000010000111001
15112,203,8,20,M011101100010101000001100000000010000010000111001
15113,203,9,4,M011101100010101000001100000000010000010000111001
15114,203,10,1,M011101100010101000001100000000010000010000111001
15115,203,11,3,M011101100010101000001100000000010000010000111001
15116,203,12,26,M011101100010101000001100000000010000010000111001
15117,203,13,29,M011101100010101000001100000000010000010000111001
15118,203,14,21,M011101100010101000001100000000010000010000111001
15119,203,15,25,M011101100010101000001100000000010000010000111001
15120,203,16,10,M011101100010101000001100000000010000010000111001
15121,203,17,5,M011101100010101000001100000000010000010000111001
15122,203,18,23,M011101100010101000001100000000010000010000111001
15123,203,19,16,M011101100010101000001100000000010000010000111001
15124,203,20,9,M011101100010101000001100000000010000010000111001
15125,203,21,6,M011101100010101000001100000000010000010000111001
15126,203,22,27,M011101100010101000001100000000010000010000111001
15127,203,23,28,M011101100010101000001100000000010000010000111001
15128,203,24,12,M011101100010101000001100000000010000010000111001
15129,203,25,0,M011101100010101000001100000000010000010000111001
15130,203,26,18,M011101100010101000001100000000010000010000111001
15131,203,27,31,M011101100010101000001100000000010000010000111001
15132,203,28,13,M011101100010101000001100000000010000010000111001
15133,203,29,15,M011101100010101000001100000000010000010000111001
15134,203,30,22,M011101100010101000001100000000010000010000111001
15135,203,31,7,M011101100010101000001100000000010000010000111001
15136,393,0,25,M111010000000001100001111100000110000000000011001
15137,393,1,1,M111010000000001100001111100000110000000000011001
15138,393,2,10,M111010000000001100001111100000110000000000011001
15139,393,3,20,M111010000000001100001111100000110000000000011001
15140,393,4,29,M111010000000001100001111100000110000000000011001
15141,393,5,22,M111010000000001100001111100000110000000000011001
15142,393,6,0,M111010000000001100001111100000110000000000011001
15143,393,7,19,M111010000000001100001111100000110000000000011001
15144,393,8,15,M111010000000001100001111100000110000000000011001
15145,393,9,28,M111010000000001100001111100000110000000000011001
15146,393,10,30,M111010000000001100001111100000110000000000011001
15147,393,11,17,M111010000000001100001111100000110000000000011001
15148,393,12,7,M111010000000001100001111100000110000000000011001
15149,393,13,16,M111010000000001100001111100000110000000000011001
15150,393,14,23,M111010000000001100001111100000110000000000011001
15151,393,15,31,M111010000000001100001111100000110000000000011001
15152,393,16,21,M111010000000001100001111100000110000000000011001
15153,393,17,18,M111010000000001100001111100000110000000000011001
15154,393,18,9,M111010000000001100001111100000110000000000011001
15155,393,19,26,M111010000000001100001111100000110000000000011001
15156,393,20,3,M111010000000001100001111100000110000000000011001
15157,393,21,5,M111010000000001100001111100000110000000000011001
15158,393,22,2,M111010000000001100001111100000110000000000011001
15159,393,23,8,M111010000000001100001111100000110000000000011001
15160,393,24,12,M111010000000001100001111100000110000000000011001
15161,393,25,6,M111010000000001100001111100000110000000000011001
15162,393,26,13,M111010000000001100001111100000110000000000011001
15163,393,27,4,M111010000000001100001111100000110000000000011001
15164,393,28,11,M111010000000001100001111100000110000000000011001
15165,393,29,24,M111010000000001100001111100000110000000000011001
15166,393,30,14,M111010000000001100001111100000110000000000011001
15167,393,31,27,M111010000000001100001111100000110000000000011001
15200,458,0,12,M011000110001000000001010000001000100000010111111
15201,458,1,15,M011000110001000000001010000001000100000010111111
15202,458,2,25,M011000110001000000001010000001000100000010111111
15203,458,3,21,M011000110001000000001010000001000100000010111111
15204,458,4,6,M011000110001000000001010000001000100000010111111
15205,458,5,19,M011000110001000000001010000001000100000010111111
15206,458,6,22,M011000110001000000001010000001000100000010111111
15207,458,7,18,M011000110001000000001010000001000100000010111111
15208,458,8,26,M011000110001000000001010000001000100000010111111
15209,458,9,14,M011000110001000000001010000001000100000010111111
15210,458,10,5,M011000110001000000001010000001000100000010111111
15211,458,11,7,M011000110001000000001010000001000100000010111111
15212,458,12,31,M011000110001000000001010000001000100000010111111
15213,458,13,8,M011000110001000000001010000001000100000010111111
15214,458,14,24,M011000110001000000001010000001000100000010111111
15215,458,15,27,M011000110001000000001010000001000100000010111111
15216,458,16,30,M011000110001000000001010000001000100000010111111
15217,458,17,4,M011000110001000000001010000001000100000010111111
15218,458,18,10,M011000110001000000001010000001000100000010111111
15219,458,19,13,M011000110001000000001010000001000100000010111111
15220,458,20,28,M011000110001000000001010000001000100000010111111
15221,458,21,11,M011000110001000000001010000001000100000010111111
15222,458,22,9,M011000110001000000001010000001000100000010111111
15223,458,23,0,M011000110001000000001010000001000100000010111111
15224,458,24,16,M011000110001000000001010000001000100000010111111
15225,458,25,17,M011000110001000000001010000001000100000010111111
15226,458,26,29,M011000110001000000001010000001000100000010111111
15227,458,27,20,M011000110001000000001010000001000100000010111111
15228,458,28,2,M011000110001000000001010000001000100000010111111
15229,458,29,3,M011000110001000000001010000001000100000010111111
15230,458,30,23,M011000110001000000001010000001000100000010111111
15231,458,31,1,M011000110001000000001010000001000100000010111111
15232,185,0,22,M100100000101110000001000000100100111000100011001
15233,185,1,12,M100100000101110000001000000100100111000100011001
15234,185,2,28,M100100000101110000001000000100100111000100011001
15235,185,3,15,M100100000101110000001000000100100111000100011001
15236,185,4,18,M100100000101110000001000000100100111000100011001
15237,185,5,24,M100100000101110000001000000100100111000100011001
15238,185,6,19,M100100000101110000001000000100100111000100011001
15239,185,7,9,M100100000101110000001000000100100111000100011001
15240,185,8,26,M100100000101110000001000000100100111000100011001
15241,185,9,3,M100100000101110000001000000100100111000100011001
15242,185,10,30,M100100000101110000001000000100100111000100011001
15243,185,11,14,M100100000101110000001000000100100111000100011001
15244,185,12,13,M100100000101110000001000000100100111000100011001
15245,185,13,4,M100100000101110000001000000100100111000100011001
15246,185,14,23,M100100000101110000001000000100100111000100011001
15247,185,15,5,M100100000101110000001000000100100111000100011001
15248,185,16,10,M100100000101110000001000000100100111000100011001
15249,185,17,6,M100100000101110000001000000100100111000100011001
15250,185,18,7,M100100000101110000001000000100100111000100011001
15251,185,19,16,M100100000101110000001000000100100111000100011001
15252,185,20,11,M100100000101110000001000000100100111000100011001
15253,185,21,29,M100100000101110000001000000100100111000100011001
15254,185,22,20,M100100000101110000001000000100100111000100011001
15255,185,23,8,M100100000101110000001000000100100111000100011001
15256,185,24,2,M100100000101110000001000000100100111000100011001
15257,185,25,27,M100100000101110000001000000100100111000100011001
15258,185,26,31,M100100000101110000001000000100100111000100011001
15259,185,27,1,M100100000101110000001000000100100111000100011001
15260,185,28,25,M100100000101110000001000000100100111000100011001
15261,185,29,0,M100100000101110000001000000100100111000100011001
15262,185,30,21,M100100000101110000001000000100100111000100011001
15263,185,31,17,M100100000101110000001000000100100111000100011001
15264,8,0,15,M100100010101011000100110100010000010100000001001
15265,8,1,12,M100100010101011000100110100010000010100000001001
15266,8,2,4,M100100010101011000100110100010000010100000001001
15267,8,3,17,M100100010101011000100110100010000010100000001001
15268,8,4,7,M100100010101011000100110100010000010100000001001
15269,8,5,18,M100100010101011000100110100010000010100000001001
15270,8,6,8,M100100010101011000100110100010000010100000001001
15271,8,7,16,M100100010101011000100110100010000010100000001001
15272,8,8,3,M100100010101011000100110100010000010100000001001
15273,8,9,31,M100100010101011000100110100010000010100000001001
15274,8,10,21,M100100010101011000100110100010000010100000001001
15275,8,11,30,M100100010101011000100110100010000010100000001001
15276,8,12,11,M100100010101011000100110100010000010100000001001
15277,8,13,1,M100100010101011000100110100010000010100000001001
15278,8,14,14,M100100010101011000100110100010000010100000001001
15279,8,15,24,M100100010101011000100110100010000010100000001001
15280,8,16,0,M100100010101011000100110100010000010100000001001
15281,8,17,20,M100100010101011000100110100010000010100000001001
15282,8,18,23,M100100010101011000100110100010000010100000001001
15283,8,19,26,M100100010101011000100110100010000010100000001001
15284,8,20,28,M100100010101011000100110100010000010100000001001
15285,8,21,5,M100100010101011000100110100010000010100000001001
15286,8,22,22,M100100010101011000100110100010000010100000001001
15287,8,23,6,M100100010101011000100110100010000010100000001001
15288,8,24,27,M100100010101011000100110100010000010100000001001
15289,8,25,25,M100100010101011000100110100010000010100000001001
15290,8,26,10,M100100010101011000100110100010000010100000001001
15291,8,27,9,M100100010101011000100110100010000010100000001001
15292,8,28,19,M100100010101011000100110100010000010100000001001
15293,8,29,2,M100100010101011000100110100010000010100000001001
15294,8,30,29,M100100010101011000100110100010000010100000001001
15295,8,31,13,M100100010101011000100110100010000010100000001001
15296,194,0,14,M101101010000010000100101001010010010000000011100
15297,194,1,31,M101101010000010000100101001010010010000000011100
15298,194,2,13,M101101010000010000100101001010010010000000011100
15299,194,3,24,M101101010000010000100101001010010010000000011100
15300,194,4,29,M101101010000010000100101001010010010000000011100
15301,194,5,21,M101101010000010000100101001010010010000000011100
15302,194,6,18,M101101010000010000100101001010010010000000011100
15303,194,7,2,M101101010000010000100101001010010010000000011100
15304,194,8,20,M101101010000010000100101001010010010000000011100
15305,194,9,11,M101101010000010000100101001010010010000000011100
15306,194,10,12,M101101010000010000100101001010010010000000011100
15307,194,11,7,M101101010000010000100101001010010010000000011100
15308,194,12,5,M101101010000010000100101001010010010000000011100
15309,194,13,1,M101101010000010000100101001010010010000000011100
15310,194,14,8,M101101010000010000100101001010010010000000011100
15311,194,15,0,M101101010000010000100101001010010010000000011100
15312,194,16,3,M101101010000010000100101001010010010000000011100
15313,194,17,6,M101101010000010000100101001010010010000000011100
15314,194,18,27,M101101010000010000100101001010010010000000011100
15315,194,19,10,M101101010000010000100101001010010010000000011100
15316,194,20,22,M101101010000010000100101001010010010000000011100
15317,194,21,16,M101101010000010000100101001010010010000000011100
15318,194,22,28,M101101010000010000100101001010010010000000011100
15319,194,23,17,M101101010000010000100101001010010010000000011100
15320,194,24,15,M101101010000010000100101001010010010000000011100
15321,194,25,26,M101101010000010000100101001010010010000000011100
15322,194,26,9,M101101010000010000100101001010010010000000011100
15323,194,27,19,M101101010000010000100101001010010010000000011100
15324,194,28,23,M101101010000010000100101001010010010000000011100
15325,194,29,30,M101101010000010000100101001010010010000000011100
15326,194,30,25,M101101010000010000100101001010010010000000011100
15327,194,31,4,M101101010000010000100101001010010010000000011100
15360,363,0,18,M110011010010100000000010001100100100000101001010
15361,363,1,11,M110011010010100000000010001100100100000101001010
15362,363,2,26,M110011010010100000000010001100100100000101001010
15363,363,3,25,M110011010010100000000010001100100100000101001010
15364,363,4,28,M110011010010100000000010001100100100000101001010
15365,363,5,13,M110011010010100000000010001100100100000101001010
15366,363,6,29,M110011010010100000000010001100100100000101001010
15367,363,7,30,M110011010010100000000010001100100100000101001010
15368,363,8,4,M110011010010100000000010001100100100000101001010
15369,363,9,8,M110011010010100000000010001100100100000101001010
15370,363,10,14,M110011010010100000000010001100100100000101001010
15371,363,11,3,M110011010010100000000010001100100100000101001010
15372,363,12,1,M110011010010100000000010001100100100000101001010
15373,363,13,7,M110011010010100000000010001100100100000101001010
15374,363,14,17,M110011010010100000000010001100100100000101001010
15375,363,15,6,M110011010010100000000010001100100100000101001010
15376,363,16,22,M110011010010100000000010001100100100000101001010
15377,363,17,16,M110011010010100000000010001100100100000101001010
15378,363,18,0,M110011010010100000000010001100100100000101001010
15379,363,19,2,M110011010010100000000010001100100100000101001010
15380,363,20,19,M110011010010100000000010001100100100000101001010
15381,363,21,24,M110011010010100000000010001100100100000101001010
15382,363,22,5,M110011010010100000000010001100100100000101001010
15383,363,23,27,M110011010010100000000010001100100100000101001010
15384,363,24,15,M110011010010100000000010001100100100000101001010
15385,363,25,10,M110011010010100000000010001100100100000101001010
15386,363,26,20,M110011010010100000000010001100100100000101001010
15387,363,27,23,M110011010010100000000010001100100100000101001010
15388,363,28,31,M110011010010100000000010001100100100000101001010
15389,363,29,12,M110011010010100000000010001100100100000101001010
15390,363,30,9,M110011010010100000000010001100100100000101001010
15391,363,31,21,M110011010010100000000010001100100100000101001010
15392,156,0,29,M110010010000011000000010010010110000000010011011
15393,156,1,9,M110010010000011000000010010010110000000010011011
15394,156,2,8,M110010010000011000000010010010110000000010011011
15395,156,3,5,M110010010000011000000010010010110000000010011011
15396,156,4,6,M110010010000011000000010010010110000000010011011
15397,156,5,1,M110010010000011000000010010010110000000010011011
15398,156,6,2,M110010010000011000000010010010110000000010011011
15399,156,7,19,M110010010000011000000010010010110000000010011011
15400,156,8,21,M110010010000011000000010010010110000000010011011
15401,156,9,18,M110010010000011000000010010010110000000010011011
15402,156,10,16,M110010010000011000000010010010110000000010011011
15403,156,11,17,M110010010000011000000010010010110000000010011011
15404,156,12,22,M110010010000011000000010010010110000000010011011
15405,156,13,30,M110010010000011000000010010010110000000010011011
15406,156,14,7,M110010010000011000000010010010110000000010011011
15407,156,15,0,M110010010000011000000010010010110000000010011011
15408,156,16,11,M110010010000011000000010010010110000000010011011
15409,156,17,31,M110010010000011000000010010010110000000010011011
15410,156,18,25,M110010010000011000000010010010110000000010011011
15411,156,19,28,M110010010000011000000010010010110000000010011011
15412,156,20,3,M110010010000011000000010010010110000000010011011
15413,156,21,10,M110010010000011000000010010010110000000010011011
15414,156,22,24,M110010010000011000000010010010110000000010011011
15415,156,23,4,M110010010000011000000010010010110000000010011011
15416,156,24,23,M110010010000011000000010010010110000000010011011
15417,156,25,20,M110010010000011000000010010010110000000010011011
15418,156,26,14,M110010010000011000000010010010110000000010011011
15419,156,27,13,M110010010000011000000010010010110000000010011011
15420,156,28,26,M110010010000011000000010010010110000000010011011
15421,156,29,27,M110010010000011000000010010010110000000010011011
15422,156,30,12,M110010010000011000000010010010110000000010011011
15423,156,31,15,M110010010000011000000010010010110000000010011011
15424,465,0,7,M010110110000000101001000110001000001000000101011
15425,465,1,27,M010110110000000101001000110001000001000000101011
15426,465,2,12,M010110110000000101001000110001000001000000101011
15427,465,3,10,M010110110000000101001000110001000001000000101011
15428,465,4,30,M010110110000000101001000110001000001000000101011
15429,465,5,2,M010110110000000101001000110001000001000000101011
15430,465,6,25,M010110110000000101001000110001000001000000101011
15431,465,7,22,M010110110000000101001000110001000001000000101011
15432,465,8,9,M010110110000000101001000110001000001000000101011
15433,465,9,26,M010110110000000101001000110001000001000000101011
15434,465,10,14,M010110110000000101001000110001000001000000101011
15435,465,11,24,M010110110000000101001000110001000001000000101011
15436,465,12,4,M010110110000000101001000110001000001000000101011
15437,465,13,29,M010110110000000101001000110001000001000000101011
15438,465,14,13,M010110110000000101001000110001000001000000101011
15439,465,15,1,M010110110000000101001000110001000001000000101011
15440,465,16,17,M010110110000000101001000110001000001000000101011
15441,465,17,19,M010110110000000101001000110001000001000000101011
15442,465,18,16,M010110110000000101001000110001000001000000101011
15443,465,19,31,M010110110000000101001000110001000001000000101011
15444,465,20,23,M010110110000000101001000110001000001000000101011
15445,465,21,8,M010110110000000101001000110001000001000000101011
15446,465,22,20,M010110110000000101001000110001000001000000101011
15447,465,23,21,M010110110000000101001000110001000001000000101011
15448,465,24,11,M010110110000000101001000110001000001000000101011
15449,465,25,28,M010110110000000101001000110001000001000000101011
15450,465,26,18,M010110110000000101001000110001000001000000101011
15451,465,27,15,M010110110000000101001000110001000001000000101011
15452,465,28,6,M010110110000000101001000110001000001000000101011
15453,465,29,5,M010110110000000101001000110001000001000000101011
15454,465,30,3,M010110110000000101001000110001000001000000101011
15455,465,31,0,M010110110000000101001000110001000001000000101011
15456,486,0,16,M000101000000111100100000000000010110001110011100
15457,486,1,13,M000101000000111100100000000000010110001110011100
15458,486,2,29,M000101000000111100100000000000010110001110011100
15459,486,3,15,M000101000000111100100000000000010110001110011100
15460,486,4,31,M000101000000111100100000000000010110001110011100
15461,486,5,3,M000101000000111100100000000000010110001110011100
15462,486,6,5,M000101000000111100100000000000010110001110011100
15463,486,7,27,M000101000000111100100000000000010110001110011100
15464,486,8,26,M000101000000111100100000000000010110001110011100
15465,486,9,20,M000101000000111100100000000000010110001110011100
15466,486,10,2,M000101000000111100100000000000010110001110011100
15467,486,11,9,M000101000000111100100000000000010110001110011100
15468,486,12,23,M000101000000111100100000000000010110001110011100
15469,486,13,4,M000101000000111100100000000000010110001110011100
15470,486,14,7,M000101000000111100100000000000010110001110011100
15471,486,15,11,M000101000000111100100000000000010110001110011100
15472,486,16,17,M000101000000111100100000000000010110001110011100
15473,486,17,0,M000101000000111100100000000000010110001110011100
15474,486,18,18,M000101000000111100100000000000010110001110011100
15475,486,19,10,M000101000000111100100000000000010110001110011100
15476,486,20,25,M000101000000111100100000000000010110001110011100
15477,486,21,28,M000101000000111100100000000000010110001110011100
15478,486,22,22,M000101000000111100100000000000010110001110011100
15479,486,23,21,M000101000000111100100000000000010110001110011100
15480,486,24,1,M000101000000111100100000000000010110001110011100
15481,486,25,6,M000101000000111100100000000000010110001110011100
15482,486,26,30,M000101000000111100100000000000010110001110011100
15483,486,27,14,M000101000000111100100000000000010110001110011100
15484,486,28,12,M000101000000111100100000000000010110001110011100
15485,486,29,8,M000101000000111100100000000000010110001110011100
15486,486,30,24,M000101000000111100100000000000010110001110011100
15487,486,31,19,M000101000000111100100000000000010110001110011100
15488,160,0,18,M101001000000110000100001100010000110011000110100
15489,160,1,7,M101001000000110000100001100010000110011000110100
15490,160,2,8,M101001000000110000100001100010000110011000110100
15491,160,3,10,M101001000000110000100001100010000110011000110100
15492,160,4,22,M101001000000110000100001100010000110011000110100
15493,160,5,20,M101001000000110000100001100010000110011000110100
15494,160,6,4,M101001000000110000100001100010000110011000110100
15495,160,7,14,M101001000000110000100001100010000110011000110100
15496,160,8,24,M101001000000110000100001100010000110011000110100
15497,160,9,12,M101001000000110000100001100010000110011000110100
15498,160,10,9,M101001000000110000100001100010000110011000110100
15499,160,11,19,M101001000000110000100001100010000110011000110100
15500,160,12,13,M101001000000110000100001100010000110011000110100
15501,160,13,2,M101001000000110000100001100010000110011000110100
15502,160,14,31,M101001000000110000100001100010000110011000110100
15503,160,15,29,M101001000000110000100001100010000110011000110100
15504,160,16,28,M101001000000110000100001100010000110011000110100
15505,160,17,11,M101001000000110000100001100010000110011000110100
15506,160,18,30,M101001000000110000100001100010000110011000110100
15507,160,19,16,M101001000000110000100001100010000110011000110100
15508,160,20,1,M101001000000110000100001100010000110011000110100
15509,160,21,17,M101001000000110000100001100010000110011000110100
15510,160,22,5,M101001000000110000100001100010000110011000110100
15511,160,23,26,M101001000000110000100001100010000110011000110100
15512,160,24,0,M101001000000110000100001100010000110011000110100
15513,160,25,25,M101001000000110000100001100010000110011000110100
15514,160,26,15,M101001000000110000100001100010000110011000110100
15515,160,27,27,M101001000000110000100001100010000110011000110100
15516,160,28,21,M101001000000110000100001100010000110011000110100
15517,160,29,3,M101001000000110000100001100010000110011000110100
15518,160,30,6,M101001000000110000100001100010000110011000110100
15519,160,31,23,M101001000000110000100001100010000110011000110100
15520,540,0,0,M011100000000101000000010101000000010100011001111
15521,540,1,16,M011100000000101000000010101000000010100011001111
15522,540,2,31,M011100000000101000000010101000000010100011001111
15523,540,3,25,M011100000000101000000010101000000010100011001111
15524,540,4,27,M011100000000101000000010101000000010100011001111
15525,540,5,2,M011100000000101000000010101000000010100011001111
15526,540,6,12,M011100000000101000000010101000000010100011001111
15527,540,7,17,M011100000000101000000010101000000010100011001111
15528,540,8,5,M011100000000101000000010101000000010100011001111
15529,540,9,10,M011100000000101000000010101000000010100011001111
15530,540,10,21,M011100000000101000000010101000000010100011001111
15531,540,11,8,M011100000000101000000010101000000010100011001111
15532,540,12,26,M011100000000101000000010101000000010100011001111
15533,540,13,15,M011100000000101000000010101000000010100011001111
15534,540,14,24,M011100000000101000000010101000000010100011001111
15535,540,15,1,M011100000000101000000010101000000010100011001111
15536,540,16,11,M011100000000101000000010101000000010100011001111
15537,540,17,3,M011100000000101000000010101000000010100011001111
15538,540,18,9,M011100000000101000000010101000000010100011001111
15539,540,19,6,M011100000000101000000010101000000010100011001111
15540,540,20,22,M011100000000101000000010101000000010100011001111
15541,540,21,19,M011100000000101000000010101000000010100011001111
15542,540,22,28,M011100000000101000000010101000000010100011001111
15543,540,23,14,M011100000000101000000010101000000010100011001111
15544,540,24,4,M011100000000101000000010101000000010100011001111
15545,540,25,23,M011100000000101000000010101000000010100011001111
15546,540,26,20,M011100000000101000000010101000000010100011001111
15547,540,27,18,M011100000000101000000010101000000010100011001111
15548,540,28,13,M011100000000101000000010101000000010100011001111
15549,540,29,29,M011100000000101000000010101000000010100011001111
15550,540,30,30,M011100000000101000000010101000000010100011001111
15551,540,31,7,M011100000000101000000010101000000010100011001111
15552,181,0,23,M110110010001100010001100000000001111000000100010
15553,181,1,5,M110110010001100010001100000000001111000000100010
15554,181,2,27,M110110010001100010001100000000001111000000100010
15555,181,3,31,M110110010001100010001100000000001111000000100010
15556,181,4,15,M110110010001100010001100000000001111000000100010
15557,181,5,28,M110110010001100010001100000000001111000000100010
15558,181,6,25,M110110010001100010001100000000001111000000100010
15559,181,7,12,M110110010001100010001100000000001111000000100010
15560,181,8,16,M110110010001100010001100000000001111000000100010
15561,181,9,18,M110110010001100010001100000000001111000000100010
15562,181,10,30,M110110010001100010001100000000001111000000100010
15563,181,11,24,M110110010001100010001100000000001111000000100010
15564,181,12,20,M110110010001100010001100000000001111000000100010
15565,181,13,4,M110110010001100010001100000000001111000000100010
15566,181,14,9,M110110010001100010001100000000001111000000100010
15567,181,15,22,M110110010001100010001100000000001111000000100010
15568,181,16,8,M110110010001100010001100000000001111000000100010
15569,181,17,0,M110110010001100010001100000000001111000000100010
15570,181,18,7,M110110010001100010001100000000001111000000100010
15571,181,19,19,M110110010001100010001100000000001111000000100010
15572,181,20,1,M110110010001100010001100000000001111000000100010
15573,181,21,29,M110110010001100010001100000000001111000000100010
15574,181,22,13,M110110010001100010001100000000001111000000100010
15575,181,23,3,M110110010001100010001100000000001111000000100010
15576,181,24,26,M110110010001100010001100000000001111000000100010
15577,181,25,11,M110110010001100010001100000000001111000000100010
15578,181,26,2,M110110010001100010001100000000001111000000100010
15579,181,27,10,M110110010001100010001100000000001111000000100010
15580,181,28,21,M110110010001100010001100000000001111000000100010
15581,181,29,14,M110110010001100010001100000000001111000000100010
15582,181,30,6,M110110010001100010001100000000001111000000100010
15583,181,31,17,M110110010001100010001100000000001111000000100010
15584,366,0,15,M010000001000001000001010010101100000100101111001
15585,366,1,26,M010000001000001000001010010101100000100101111001
15586,366,2,20,M010000001000001000001010010101100000100101111001
15587,366,3,18,M010000001000001000001010010101100000100101111001
15588,366,4,30,M010000001000001000001010010101100000100101111001
15589,366,5,11,M010000001000001000001010010101100000100101111001
15590,366,6,0,M010000001000001000001010010101100000100101111001
15591,366,7,28,M010000001000001000001010010101100000100101111001
15592,366,8,21,M010000001000001000001010010101100000100101111001
15593,366,9,9,M010000001000001000001010010101100000100101111001
15594,366,10,31,M010000001000001000001010010101100000100101111001
15595,366,11,13,M010000001000001000001010010101100000100101111001
15596,366,12,7,M010000001000001000001010010101100000100101111001
15597,366,13,3,M010000001000001000001010010101100000100101111001
15598,366,14,6,M010000001000001000001010010101100000100101111001
15599,366,15,4,M010000001000001000001010010101100000100101111001
15600,366,16,14,M010000001000001000001010010101100000100101111001
15601,366,17,19,M010000001000001000001010010101100000100101111001
15602,366,18,12,M010000001000001000001010010101100000100101111001
15603,366,19,1,M010000001000001000001010010101100000100101111001
15604,366,20,16,M010000001000001000001010010101100000100101111001
15605,366,21,5,M010000001000001000001010010101100000100101111001
15606,366,22,29,M010000001000001000001010010101100000100101111001
15607,366,23,22,M010000001000001000001010010101100000100101111001
15608,366,24,8,M010000001000001000001010010101100000100101111001
15609,366,25,25,M010000001000001000001010010101100000100101111001
15610,366,26,10,M010000001000001000001010010101100000100101111001
15611,366,27,2,M010000001000001000001010010101100000100101111001
15612,366,28,24,M010000001000001000001010010101100000100101111001
15613,366,29,17,M010000001000001000001010010101100000100101111001
15614,366,30,27,M010000001000001000001010010101100000100101111001
15615,366,31,23,M010000001000001000001010010101100000100101111001
15616,364,0,19,M110101011100100000010000101001000000100100010100
15617,364,1,8,M110101011100100000010000101001000000100100010100
15618,364,2,17,M110101011100100000010000101001000000100100010100
15619,364,3,5,M110101011100100000010000101001000000100100010100
15620,364,4,12,M110101011100100000010000101001000000100100010100
15621,364,5,27,M110101011100100000010000101001000000100100010100
15622,364,6,31,M110101011100100000010000101001000000100100010100
15623,364,7,14,M110101011100100000010000101001000000100100010100
15624,364,8,23,M110101011100100000010000101001000000100100010100
15625,364,9,4,M110101011100100000010000101001000000100100010100
15626,364,10,16,M110101011100100000010000101001000000100100010100
15627,364,11,2,M110101011100100000010000101001000000100100010100
15628,364,12,21,M110101011100100000010000101001000000100100010100
15629,364,13,25,M110101011100100000010000101001000000100100010100
15630,364,14,0,M110101011100100000010000101001000000100100010100
15631,364,15,15,M110101011100100000010000101001000000100100010100
15632,364,16,1,M110101011100100000010000101001000000100100010100
15633,364,17,29,M110101011100100000010000101001000000100100010100
15634,364,18,11,M110101011100100000010000101001000000100100010100
15635,364,19,7,M110101011100100000010000101001000000100100010100
15636,364,20,9,M110101011100100000010000101001000000100100010100
15637,364,21,10,M110101011100100000010000101001000000100100010100
15638,364,22,26,M110101011100100000010000101001000000100100010100
15639,364,23,13,M110101011100100000010000101001000000100100010100
15640,364,24,18,M110101011100100000010000101001000000100100010100
15641,364,25,6,M110101011100100000010000101001000000100100010100
15642,364,26,24,M110101011100100000010000101001000000100100010100
15643,364,27,28,M110101011100100000010000101001000000100100010100
15644,364,28,20,M110101011100100000010000101001000000100100010100
15645,364,29,3,M110101011100100000010000101001000000100100010100
15646,364,30,22,M110101011100100000010000101001000000100100010100
15647,364,31,30,M110101011100100000010000101001000000100100010100
15648,287,0,24,M010111100110000001000000101001000001000000001111
15649,287,1,3,M010111100110000001000000101001000001000000001111
15650,287,2,5,M010111100110000001000000101001000001000000001111
15651,287,3,21,M010111100110000001000000101001000001000000001111
15652,287,4,19,M010111100110000001000000101001000001000000001111
15653,287,5,4,M010111100110000001000000101001000001000000001111
15654,287,6,28,M010111100110000001000000101001000001000000001111
15655,287,7,10,M010111100110000001000000101001000001000000001111
15656,287,8,15,M010111100110000001000000101001000001000000001111
15657,287,9,18,M010111100110000001000000101001000001000000001111
15658,287,10,7,M010111100110000001000000101001000001000000001111
15659,287,11,6,M010111100110000001000000101001000001000000001111
15660,287,12,30,M010111100110000001000000101001000001000000001111
15661,287,13,29,M010111100110000001000000101001000001000000001111
15662,287,14,25,M010111100110000001000000101001000001000000001111
15663,287,15,13,M010111100110000001000000101001000001000000001111
15664,287,16,8,M010111100110000001000000101001000001000000001111
15665,287,17,1,M010111100110000001000000101001000001000000001111
15666,287,18,27,M010111100110000001000000101001000001000000001111
15667,287,19,11,M010111100110000001000000101001000001000000001111
15668,287,20,31,M010111100110000001000000101001000001000000001111
15669,287,21,2,M010111100110000001000000101001000001000000001111
15670,287,22,14,M010111100110000001000000101001000001000000001111
15671,287,23,12,M010111100110000001000000101001000001000000001111
15672,287,24,17,M010111100110000001000000101001000001000000001111
15673,287,25,23,M010111100110000001000000101001000001000000001111
15674,287,26,9,M010111100110000001000000101001000001000000001111
15675,287,27,22,M010111100110000001000000101001000001000000001111
15676,287,28,20,M010111100110000001000000101001000001000000001111
15677,287,29,26,M010111100110000001000000101001000001000000001111
15678,287,30,0,M010111100110000001000000101001000001000000001111
15679,287,31,16,M010111100110000001000000101001000001000000001111
15680,414,0,19,M010101010000000000001010000010100100100001011111
15681,414,1,15,M010101010000000000001010000010100100100001011111
15682,414,2,16,M010101010000000000001010000010100100100001011111
15683,414,3,0,M010101010000000000001010000010100100100001011111
15684,414,4,20,M010101010000000000001010000010100100100001011111
15685,414,5,2,M010101010000000000001010000010100100100001011111
15686,414,6,22,M010101010000000000001010000010100100100001011111
15687,414,7,7,M010101010000000000001010000010100100100001011111
15688,414,8,12,M010101010000000000001010000010100100100001011111
15689,414,9,9,M010101010000000000001010000010100100100001011111
15690,414,10,30,M010101010000000000001010000010100100100001011111
15691,414,11,17,M010101010000000000001010000010100100100001011111
15692,414,12,3,M010101010000000000001010000010100100100001011111
15693,414,13,10,M010101010000000000001010000010100100100001011111
15694,414,14,5,M010101010000000000001010000010100100100001011111
15695,414,15,1,M010101010000000000001010000010100100100001011111
15696,414,16,28,M010101010000000000001010000010100100100001011111
15697,414,17,6,M010101010000000000001010000010100100100001011111
15698,414,18,27,M010101010000000000001010000010100100100001011111
15699,414,19,21,M010101010000000000001010000010100100100001011111
15700,414,20,4,M010101010000000000001010000010100100100001011111
15701,414,21,29,M010101010000000000001010000010100100100001011111
15702,414,22,25,M010101010000000000001010000010100100100001011111
15703,414,23,31,M010101010000000000001010000010100100100001011111
15704,414,24,13,M010101010000000000001010000010100100100001011111
15705,414,25,8,M010101010000000000001010000010100100100001011111
15706,414,26,24,M010101010000000000001010000010100100100001011111
15707,414,27,14,M010101010000000000001010000010100100100001011111
15708,414,28,26,M010101010000000000001010000010100100100001011111
15709,414,29,23,M010101010000000000001010000010100100100001011111
15710,414,30,18,M010101010000000000001010000010100100100001011111
15711,414,31,11,M010101010000000000001010000010100100100001011111
15712,74,0,16,M110111000100001001000100010001010000100000110001
15713,74,1,12,M110111000100001001000100010001010000100000110001
15714,74,2,21,M110111000100001001000100010001010000100000110001
15715,74,3,25,M110111000100001001000100010001010000100000110001
15716,74,4,9,M110111000100001001000100010001010000100000110001
15717,74,5,13,M110111000100001001000100010001010000100000110001
15718,74,6,29,M110111000100001001000100010001010000100000110001
15719,74,7,14,M110111000100001001000100010001010000100000110001
15720,74,8,30,M110111000100001001000100010001010000100000110001
15721,74,9,7,M110111000100001001000100010001010000100000110001
15722,74,10,15,M110111000100001001000100010001010000100000110001
15723,74,11,31,M110111000100001001000100010001010000100000110001
15724,74,12,8,M110111000100001001000100010001010000100000110001
15725,74,13,23,M110111000100001001000100010001010000100000110001
15726,74,14,11,M110111000100001001000100010001010000100000110001
15727,74,15,6,M110111000100001001000100010001010000100000110001
15728,74,16,1,M110111000100001001000100010001010000100000110001
15729,74,17,20,M110111000100001001000100010001010000100000110001
15730,74,18,19,M110111000100001001000100010001010000100000110001
15731,74,19,17,M110111000100001001000100010001010000100000110001
15732,74,20,18,M110111000100001001000100010001010000100000110001
15733,74,21,4,M110111000100001001000100010001010000100000110001
15734,74,22,22,M110111000100001001000100010001010000100000110001
15735,74,23,28,M110111000100001001000100010001010000100000110001
15736,74,24,24,M110111000100001001000100010001010000100000110001
15737,74,25,5,M110111000100001001000100010001010000100000110001
15738,74,26,10,M110111000100001001000100010001010000100000110001
15739,74,27,0,M110111000100001001000100010001010000100000110001
15740,74,28,2,M110111000100001001000100010001010000100000110001
15741,74,29,26,M110111000100001001000100010001010000100000110001
15742,74,30,3,M110111000100001001000100010001010000100000110001
15743,74,31,27,M110111000100001001000100010001010000100000110001
15744,454,0,18,M100101110011010010000010000010000000001100010110
15745,454,1,19,M100101110011010010000010000010000000001100010110
15746,454,2,29,M100101110011010010000010000010000000001100010110
15747,454,3,16,M100101110011010010000010000010000000001100010110
15748,454,4,3,M100101110011010010000010000010000000001100010110
15749,454,5,5,M100101110011010010000010000010000000001100010110
15750,454,6,6,M100101110011010010000010000010000000001100010110
15751,454,7,2,M100101110011010010000010000010000000001100010110
15752,454,8,31,M100101110011010010000010000010000000001100010110
15753,454,9,30,M100101110011010010000010000010000000001100010110
15754,454,10,7,M100101110011010010000010000010000000001100010110
15755,454,11,11,M100101110011010010000010000010000000001100010110
15756,454,12,22,M100101110011010010000010000010000000001100010110
15757,454,13,10,M100101110011010010000010000010000000001100010110
15758,454,14,13,M100101110011010010000010000010000000001100010110
15759,454,15,28,M100101110011010010000010000010000000001100010110
15760,454,16,12,M100101110011010010000010000010000000001100010110
15761,454,17,27,M100101110011010010000010000010000000001100010110
15762,454,18,0,M100101110011010010000010000010000000001100010110
15763,454,19,17,M100101110011010010000010000010000000001100010110
15764,454,20,14,M100101110011010010000010000010000000001100010110
15765,454,21,26,M100101110011010010000010000010000000001100010110
15766,454,22,23,M100101110011010010000010000010000000001100010110
15767,454,23,24,M100101110011010010000010000010000000001100010110
15768,454,24,21,M100101110011010010000010000010000000001100010110
15769,454,25,4,M100101110011010010000010000010000000001100010110
15770,454,26,9,M100101110011010010000010000010000000001100010110
15771,454,27,8,M100101110011010010000010000010000000001100010110
15772,454,28,1,M100101110011010010000010000010000000001100010110
15773,454,29,25,M100101110011010010000010000010000000001100010110
15774,454,30,15,M100101110011010010000010000010000000001100010110
15775,454,31,20,M100101110011010010000010000010000000001100010110
15776,78,0,6,M100010100000111001101001010000000010000000110011
15777,78,1,28,M100010100000111001101001010000000010000000110011
15778,78,2,26,M100010100000111001101001010000000010000000110011
15779,78,3,20,M100010100000111001101001010000000010000000110011
15780,78,4,21,M100010100000111001101001010000000010000000110011
15781,78,5,4,M100010100000111001101001010000000010000000110011
15782,78,6,19,M100010100000111001101001010000000010000000110011
15783,78,7,11,M100010100000111001101001010000000010000000110011
15784,78,8,1,M100010100000111001101001010000000010000000110011
15785,78,9,31,M100010100000111001101001010000000010000000110011
15786,78,10,8,M100010100000111001101001010000000010000000110011
15787,78,11,15,M100010100000111001101001010000000010000000110011
15788,78,12,25,M100010100000111001101001010000000010000000110011
15789,78,13,12,M100010100000111001101001010000000010000000110011
15790,78,14,10,M100010100000111001101001010000000010000000110011
15791,78,15,13,M100010100000111001101001010000000010000000110011
15792,78,16,7,M100010100000111001101001010000000010000000110011
15793,78,17,29,M100010100000111001101001010000000010000000110011
15794,78,18,18,M100010100000111001101001010000000010000000110011
15795,78,19,5,M100010100000111001101001010000000010000000110011
15796,78,20,24,M100010100000111001101001010000000010000000110011
15797,78,21,0,M100010100000111001101001010000000010000000110011
15798,78,22,9,M100010100000111001101001010000000010000000110011
15799,78,23,17,M100010100000111001101001010000000010000000110011
15800,78,24,23,M100010100000111001101001010000000010000000110011
15801,78,25,14,M100010100000111001101001010000000010000000110011
15802,78,26,27,M100010100000111001101001010000000010000000110011
15803,78,27,30,M100010100000111001101001010000000010000000110011
15804,78,28,2,M100010100000111001101001010000000010000000110011
15805,78,29,22,M100010100000111001101001010000000010000000110011
15806,78,30,3,M100010100000111001101001010000000010000000110011
15807,78,31,16,M100010100000111001101001010000000010000000110011
15808,241,0,17,M111001001000000000000011010001000001111100110000
15809,241,1,5,M111001001000000000000011010001000001111100110000
15810,241,2,4,M111001001000000000000011010001000001111100110000
15811,241,3,18,M111001001000000000000011010001000001111100110000
15812,241,4,3,M111001001000000000000011010001000001111100110000
15813,241,5,23,M111001001000000000000011010001000001111100110000
15814,241,6,24,M111001001000000000000011010001000001111100110000
15815,241,7,10,M111001001000000000000011010001000001111100110000
15816,241,8,31,M111001001000000000000011010001000001111100110000
15817,241,9,21,M111001001000000000000011010001000001111100110000
15818,241,10,27,M111001001000000000000011010001000001111100110000
15819,241,11,30,M111001001000000000000011010001000001111100110000
15820,241,12,11,M111001001000000000000011010001000001111100110000
15821,241,13,15,M111001001000000000000011010001000001111100110000
15822,241,14,0,M111001001000000000000011010001000001111100110000
15823,241,15,9,M111001001000000000000011010001000001111100110000
15824,241,16,26,M111001001000000000000011010001000001111100110000
15825,241,17,19,M111001001000000000000011010001000001111100110000
15826,241,18,28,M111001001000000000000011010001000001111100110000
15827,241,19,7,M111001001000000000000011010001000001111100110000
15828,241,20,12,M111001001000000000000011010001000001111100110000
15829,241,21,8,M111001001000000000000011010001000001111100110000
15830,241,22,2,M111001001000000000000011010001000001111100110000
15831,241,23,14,M111001001000000000000011010001000001111100110000
15832,241,24,13,M111001001000000000000011010001000001111100110000
15833,241,25,6,M111001001000000000000011010001000001111100110000
15834,241,26,1,M111001001000000000000011010001000001111100110000
15835,241,27,29,M111001001000000000000011010001000001111100110000
15836,241,28,16,M111001001000000000000011010001000001111100110000
15837,241,29,25,M111001001000000000000011010001000001111100110000
15838,241,30,22,M111001001000000000000011010001000001111100110000
15839,241,31,20,M111001001000000000000011010001000001111100110000
15840,444,0,0,M100010100001000000111010000011100000100001011011
15841,444,1,23,M100010100001000000111010000011100000100001011011
15842,444,2,8,M100010100001000000111010000011100000100001011011
15843,444,3,31,M100010100001000000111010000011100000100001011011
15844,444,4,17,M100010100001000000111010000011100000100001011011
15845,444,5,21,M100010100001000000111010000011100000100001011011
15846,444,6,6,M100010100001000000111010000011100000100001011011
15847,444,7,25,M100010100001000000111010000011100000100001011011
15848,444,8,15,M100010100001000000111010000011100000100001011011
15849,444,9,2,M100010100001000000111010000011100000100001011011
15850,444,10,10,M100010100001000000111010000011100000100001011011
15851,444,11,7,M100010100001000000111010000011100000100001011011
15852,444,12,27,M100010100001000000111010000011100000100001011011
15853,444,13,28,M100010100001000000111010000011100000100001011011
15854,444,14,5,M100010100001000000111010000011100000100001011011
15855,444,15,3,M100010100001000000111010000011100000100001011011
15856,444,16,24,M100010100001000000111010000011100000100001011011
15857,444,17,30,M100010100001000000111010000011100000100001011011
15858,444,18,13,M100010100001000000111010000011100000100001011011
15859,444,19,16,M100010100001000000111010000011100000100001011011
15860,444,20,18,M100010100001000000111010000011100000100001011011
15861,444,21,4,M100010100001000000111010000011100000100001011011
15862,444,22,11,M100010100001000000111010000011100000100001011011
15863,444,23,1,M100010100001000000111010000011100000100001011011
15864,444,24,20,M100010100001000000111010000011100000100001011011
15865,444,25,26,M100010100001000000111010000011100000100001011011
15866,444,26,12,M100010100001000000111010000011100000100001011011
15867,444,27,22,M100010100001000000111010000011100000100001011011
15868,444,28,19,M100010100001000000111010000011100000100001011011
15869,444,29,14,M100010100001000000111010000011100000100001011011
15870,444,30,29,M100010100001000000111010000011100000100001011011
15871,444,31,9,M100010100001000000111010000011100000100001011011
15904,453,0,1,M011011010000100001000011100100001100100000100001
15905,453,1,9,M011011010000100001000011100100001100100000100001
15906,453,2,23,M011011010000100001000011100100001100100000100001
15907,453,3,24,M011011010000100001000011100100001100100000100001
15908,453,4,19,M011011010000100001000011100100001100100000100001
15909,453,5,26,M011011010000100001000011100100001100100000100001
15910,453,6,31,M011011010000100001000011100100001100100000100001
15911,453,7,3,M011011010000100001000011100100001100100000100001
15912,453,8,13,M011011010000100001000011100100001100100000100001
15913,453,9,14,M011011010000100001000011100100001100100000100001
15914,453,10,22,M011011010000100001000011100100001100100000100001
15915,453,11,21,M011011010000100001000011100100001100100000100001
15916,453,12,11,M011011010000100001000011100100001100100000100001
15917,453,13,25,M011011010000100001000011100100001100100000100001
15918,453,14,20,M011011010000100001000011100100001100100000100001
15919,453,15,30,M011011010000100001000011100100001100100000100001
15920,453,16,7,M011011010000100001000011100100001100100000100001
15921,453,17,2,M011011010000100001000011100100001100100000100001
15922,453,18,12,M011011010000100001000011100100001100100000100001
15923,453,19,4,M011011010000100001000011100100001100100000100001
15924,453,20,29,M011011010000100001000011100100001100100000100001
15925,453,21,28,M011011010000100001000011100100001100100000100001
15926,453,22,10,M011011010000100001000011100100001100100000100001
15927,453,23,16,M011011010000100001000011100100001100100000100001
15928,453,24,17,M011011010000100001000011100100001100100000100001
15929,453,25,5,M011011010000100001000011100100001100100000100001
15930,453,26,0,M011011010000100001000011100100001100100000100001
15931,453,27,15,M011011010000100001000011100100001100100000100001
15932,453,28,8,M011011010000100001000011100100001100100000100001
15933,453,29,27,M011011010000100001000011100100001100100000100001
15934,453,30,18,M011011010000100001000011100100001100100000100001
15935,453,31,6,M011011010000100001000011100100001100100000100001
15936,443,0,7,M110001000000000011000010110011000010000010101011
15937,443,1,21,M110001000000000011000010110011000010000010101011
15938,443,2,0,M110001000000000011000010110011000010000010101011
15939,443,3,3,M110001000000000011000010110011000010000010101011
15940,443,4,19,M110001000000000011000010110011000010000010101011
15941,443,5,17,M110001000000000011000010110011000010000010101011
15942,443,6,12,M110001000000000011000010110011000010000010101011
15943,443,7,6,M110001000000000011000010110011000010000010101011
15944,443,8,13,M110001000000000011000010110011000010000010101011
15945,443,9,16,M110001000000000011000010110011000010000010101011
15946,443,10,2,M110001000000000011000010110011000010000010101011
15947,443,11,27,M110001000000000011000010110011000010000010101011
15948,443,12,5,M110001000000000011000010110011000010000010101011
15949,443,13,31,M110001000000000011000010110011000010000010101011
15950,443,14,9,M110001000000000011000010110011000010000010101011
15951,443,15,24,M110001000000000011000010110011000010000010101011
15952,443,16,23,M110001000000000011000010110011000010000010101011
15953,443,17,1,M110001000000000011000010110011000010000010101011
15954,443,18,14,M110001000000000011000010110011000010000010101011
15955,443,19,30,M110001000000000011000010110011000010000010101011
15956,443,20,25,M110001000000000011000010110011000010000010101011
15957,443,21,20,M110001000000000011000010110011000010000010101011
15958,443,22,26,M110001000000000011000010110011000010000010101011
15959,443,23,8,M110001000000000011000010110011000010000010101011
15960,443,24,10,M110001000000000011000010110011000010000010101011
15961,443,25,11,M110001000000000011000010110011000010000010101011
15962,443,26,22,M110001000000000011000010110011000010000010101011
15963,443,27,28,M110001000000000011000010110011000010000010101011
15964,443,28,4,M110001000000000011000010110011000010000010101011
15965,443,29,18,M110001000000000011000010110011000010000010101011
15966,443,30,29,M110001000000000011000010110011000010000010101011
15967,443,31,15,M110001000000000011000010110011000010000010101011
16000,515,0,14,M111100000000110010010000001001110010001000101001
16001,515,1,19,M111100000000110010010000001001110010001000101001
16002,515,2,7,M111100000000110010010000001001110010001000101001
16003,515,3,27,M111100000000110010010000001001110010001000101001
16004,515,4,9,M111100000000110010010000001001110010001000101001
16005,515,5,16,M111100000000110010010000001001110010001000101001
16006,515,6,25,M111100000000110010010000001001110010001000101001
16007,515,7,0,M111100000000110010010000001001110010001000101001
16008,515,8,18,M111100000000110010010000001001110010001000101001
16009,515,9,2,M111100000000110010010000001001110010001000101001
16010,515,10,5,M111100000000110010010000001001110010001000101001
16011,515,11,1,M111100000000110010010000001001110010001000101001
16012,515,12,17,M111100000000110010010000001001110010001000101001
16013,515,13,15,M111100000000110010010000001001110010001000101001
16014,515,14,29,M111100000000110010010000001001110010001000101001
16015,515,15,10,M111100000000110010010000001001110010001000101001
16016,515,16,8,M111100000000110010010000001001110010001000101001
16017,515,17,4,M111100000000110010010000001001110010001000101001
16018,515,18,21,M111100000000110010010000001001110010001000101001
16019,515,19,22,M111100000000110010010000001001110010001000101001
16020,515,20,30,M111100000000110010010000001001110010001000101001
16021,515,21,13,M111100000000110010010000001001110010001000101001
16022,515,22,23,M111100000000110010010000001001110010001000101001
16023,515,23,20,M111100000000110010010000001001110010001000101001
16024,515,24,3,M111100000000110010010000001001110010001000101001
16025,515,25,12,M111100000000110010010000001001110010001000101001
16026,515,26,28,M111100000000110010010000001001110010001000101001
16027,515,27,26,M111100000000110010010000001001110010001000101001
16028,515,28,24,M111100000000110010010000001001110010001000101001
16029,515,29,6,M111100000000110010010000001001110010001000101001
16030,515,30,31,M111100000000110010010000001001110010001000101001
16031,515,31,11,M111100000000110010010000001001110010001000101001
16032,9,0,24,M101110110100000100010000100010101010000000000011
16033,9,1,14,M101110110100000100010000100010101010000000000011
16034,9,2,19,M101110110100000100010000100010101010000000000011
16035,9,3,23,M101110110100000100010000100010101010000000000011
16036,9,4,29,M101110110100000100010000100010101010000000000011
16037,9,5,26,M101110110100000100010000100010101010000000000011
16038,9,6,27,M101110110100000100010000100010101010000000000011
16039,9,7,3,M101110110100000100010000100010101010000000000011
16040,9,8,12,M101110110100000100010000100010101010000000000011
16041,9,9,16,M101110110100000100010000100010101010000000000011
16042,9,10,9,M101110110100000100010000100010101010000000000011
16043,9,11,22,M101110110100000100010000100010101010000000000011
16044,9,12,31,M101110110100000100010000100010101010000000000011
16045,9,13,4,M101110110100000100010000100010101010000000000011
16046,9,14,28,M101110110100000100010000100010101010000000000011
16047,9,15,10,M101110110100000100010000100010101010000000000011
16048,9,16,6,M101110110100000100010000100010101010000000000011
16049,9,17,30,M101110110100000100010000100010101010000000000011
16050,9,18,2,M101110110100000100010000100010101010000000000011
16051,9,19,7,M101110110100000100010000100010101010000000000011
16052,9,20,17,M101110110100000100010000100010101010000000000011
16053,9,21,15,M101110110100000100010000100010101010000000000011
16054,9,22,8,M101110110100000100010000100010101010000000000011
16055,9,23,18,M101110110100000100010000100010101010000000000011
16056,9,24,20,M101110110100000100010000100010101010000000000011
16057,9,25,11,M101110110100000100010000100010101010000000000011
16058,9,26,13,M101110110100000100010000100010101010000000000011
16059,9,27,1,M101110110100000100010000100010101010000000000011
16060,9,28,0,M101110110100000100010000100010101010000000000011
16061,9,29,25,M101110110100000100010000100010101010000000000011
16062,9,30,21,M101110110100000100010000100010101010000000000011
16063,9,31,5,M101110110100000100010000100010101010000000000011
16064,75,0,20,M111000110000100110101000000000100111000000110000
16065,75,1,25,M111000110000100110101000000000100111000000110000
16066,75,2,4,M111000110000100110101000000000100111000000110000
16067,75,3,14,M111000110000100110101000000000100111000000110000
16068,75,4,24,M111000110000100110101000000000100111000000110000
16069,75,5,22,M111000110000100110101000000000100111000000110000
16070,75,6,8,M111000110000100110101000000000100111000000110000
16071,75,7,27,M111000110000100110101000000000100111000000110000
16072,75,8,9,M111000110000100110101000000000100111000000110000
16073,75,9,11,M111000110000100110101000000000100111000000110000
16074,75,10,28,M111000110000100110101000000000100111000000110000
16075,75,11,26,M111000110000100110101000000000100111000000110000
16076,75,12,6,M111000110000100110101000000000100111000000110000
16077,75,13,19,M111000110000100110101000000000100111000000110000
16078,75,14,30,M111000110000100110101000000000100111000000110000
16079,75,15,13,M111000110000100110101000000000100111000000110000
16080,75,16,18,M111000110000100110101000000000100111000000110000
16081,75,17,16,M111000110000100110101000000000100111000000110000
16082,75,18,23,M111000110000100110101000000000100111000000110000
16083,75,19,31,M111000110000100110101000000000100111000000110000
16084,75,20,3,M111000110000100110101000000000100111000000110000
16085,75,21,21,M111000110000100110101000000000100111000000110000
16086,75,22,7,M111000110000100110101000000000100111000000110000
16087,75,23,29,M111000110000100110101000000000100111000000110000
16088,75,24,5,M111000110000100110101000000000100111000000110000
16089,75,25,12,M111000110000100110101000000000100111000000110000
16090,75,26,17,M111000110000100110101000000000100111000000110000
16091,75,27,10,M111000110000100110101000000000100111000000110000
16092,75,28,1,M111000110000100110101000000000100111000000110000
16093,75,29,2,M111000110000100110101000000000100111000000110000
16094,75,30,0,M111000110000100110101000000000100111000000110000
16095,75,31,15,M111000110000100110101000000000100111000000110000
16096,93,0,16,M100100000010001000001000011000101000100110011101
16097,93,1,1,M100100000010001000001000011000101000100110011101
16098,93,2,22,M100100000010001000001000011000101000100110011101
16099,93,3,0,M100100000010001000001000011000101000100110011101
16100,93,4,4,M100100000010001000001000011000101000100110011101
16101,93,5,30,M100100000010001000001000011000101000100110011101
16102,93,6,11,M100100000010001000001000011000101000100110011101
16103,93,7,29,M100100000010001000001000011000101000100110011101
16104,93,8,13,M100100000010001000001000011000101000100110011101
16105,93,9,24,M100100000010001000001000011000101000100110011101
16106,93,10,15,M100100000010001000001000011000101000100110011101
16107,93,11,2,M100100000010001000001000011000101000100110011101
16108,93,12,23,M100100000010001000001000011000101000100110011101
16109,93,13,26,M100100000010001000001000011000101000100110011101
16110,93,14,14,M100100000010001000001000011000101000100110011101
16111,93,15,18,M100100000010001000001000011000101000100110011101
16112,93,16,5,M100100000010001000001000011000101000100110011101
16113,93,17,3,M100100000010001000001000011000101000100110011101
16114,93,18,7,M100100000010001000001000011000101000100110011101
16115,93,19,20,M100100000010001000001000011000101000100110011101
16116,93,20,27,M100100000010001000001000011000101000100110011101
16117,93,21,21,M100100000010001000001000011000101000100110011101
16118,93,22,19,M100100000010001000001000011000101000100110011101
16119,93,23,10,M100100000010001000001000011000101000100110011101
16120,93,24,31,M100100000010001000001000011000101000100110011101
16121,93,25,8,M100100000010001000001000011000101000100110011101
16122,93,26,9,M100100000010001000001000011000101000100110011101
16123,93,27,17,M100100000010001000001000011000101000100110011101
16124,93,28,12,M100100000010001000001000011000101000100110011101
16125,93,29,6,M100100000010001000001000011000101000100110011101
16126,93,30,25,M100100000010001000001000011000101000100110011101
16127,93,31,28,M100100000010001000001000011000101000100110011101
16128,408,0,15,M101101100010010010100000000000011000011000111000
16129,408,1,11,M101101100010010010100000000000011000011000111000
16130,408,2,0,M101101100010010010100000000000011000011000111000
16131,408,3,31,M101101100010010010100000000000011000011000111000
16132,408,4,21,M101101100010010010100000000000011000011000111000
16133,408,5,30,M101101100010010010100000000000011000011000111000
16134,408,6,29,M101101100010010010100000000000011000011000111000
16135,408,7,13,M101101100010010010100000000000011000011000111000
16136,408,8,14,M101101100010010010100000000000011000011000111000
16137,408,9,1,M101101100010010010100000000000011000011000111000
16138,408,10,10,M101101100010010010100000000000011000011000111000
16139,408,11,3,M101101100010010010100000000000011000011000111000
16140,408,12,20,M101101100010010010100000000000011000011000111000
16141,408,13,7,M101101100010010010100000000000011000011000111000
16142,408,14,18,M101101100010010010100000000000011000011000111000
16143,408,15,17,M101101100010010010100000000000011000011000111000
16144,408,16,8,M101101100010010010100000000000011000011000111000
16145,408,17,25,M101101100010010010100000000000011000011000111000
16146,408,18,16,M101101100010010010100000000000011000011000111000
16147,408,19,19,M101101100010010010100000000000011000011000111000
16148,408,20,5,M101101100010010010100000000000011000011000111000
16149,408,21,12,M101101100010010010100000000000011000011000111000
16150,408,22,24,M101101100010010010100000000000011000011000111000
16151,408,23,2,M101101100010010010100000000000011000011000111000
16152,408,24,22,M101101100010010010100000000000011000011000111000
16153,408,25,23,M101101100010010010100000000000011000011000111000
16154,408,26,9,M101101100010010010100000000000011000011000111000
16155,408,27,26,M101101100010010010100000000000011000011000111000
16156,408,28,27,M101101100010010010100000000000011000011000111000
16157,408,29,4,M101101100010010010100000000000011000011000111000
16158,408,30,28,M101101100010010010100000000000011000011000111000
16159,408,31,6,M101101100010010010100000000000011000011000111000
16160,516,0,23,M111101000000001001000010001010001011000000101100
16161,516,1,26,M111101000000001001000010001010001011000000101100
16162,516,2,6,M111101000000001001000010001010001011000000101100
16163,516,3,10,M111101000000001001000010001010001011000000101100
16164,516,4,7,M111101000000001001000010001010001011000000101100
16165,516,5,15,M111101000000001001000010001010001011000000101100
16166,516,6,16,M111101000000001001000010001010001011000000101100
16167,516,7,2,M111101000000001001000010001010001011000000101100
16168,516,8,5,M111101000000001001000010001010001011000000101100
16169,516,9,4,M111101000000001001000010001010001011000000101100
16170,516,10,30,M111101000000001001000010001010001011000000101100
16171,516,11,29,M111101000000001001000010001010001011000000101100
16172,516,12,17,M111101000000001001000010001010001011000000101100
16173,516,13,8,M111101000000001001000010001010001011000000101100
16174,516,14,0,M111101000000001001000010001010001011000000101100
16175,516,15,24,M111101000000001001000010001010001011000000101100
16176,516,16,20,M111101000000001001000010001010001011000000101100
16177,516,17,18,M111101000000001001000010001010001011000000101100
16178,516,18,25,M111101000000001001000010001010001011000000101100
16179,516,19,28,M111101000000001001000010001010001011000000101100
16180,516,20,27,M111101000000001001000010001010001011000000101100
16181,516,21,21,M111101000000001001000010001010001011000000101100
16182,516,22,9,M111101000000001001000010001010001011000000101100
16183,516,23,22,M111101000000001001000010001010001011000000101100
16184,516,24,14,M111101000000001001000010001010001011000000101100
16185,516,25,19,M111101000000001001000010001010001011000000101100
16186,516,26,13,M111101000000001001000010001010001011000000101100
16187,516,27,31,M111101000000001001000010001010001011000000101100
16188,516,28,3,M111101000000001001000010001010001011000000101100
16189,516,29,12,M111101000000001001000010001010001011000000101100
16190,516,30,1,M111101000000001001000010001010001011000000101100
16191,516,31,11,M111101000000001001000010001010001011000000101100
16192,49,0,9,M011110010000000000010001010000100100100001011101
16193,49,1,10,M011110010000000000010001010000100100100001011101
16194,49,2,12,M011110010000000000010001010000100100100001011101
16195,49,3,30,M011110010000000000010001010000100100100001011101
16196,49,4,31,M011110010000000000010001010000100100100001011101
16197,49,5,6,M011110010000000000010001010000100100100001011101
16198,49,6,1,M011110010000000000010001010000100100100001011101
16199,49,7,20,M011110010000000000010001010000100100100001011101
16200,49,8,21,M011110010000000000010001010000100100100001011101
16201,49,9,2,M011110010000000000010001010000100100100001011101
16202,49,10,19,M011110010000000000010001010000100100100001011101
16203,49,11,0,M011110010000000000010001010000100100100001011101
16204,49,12,16,M011110010000000000010001010000100100100001011101
16205,49,13,27,M011110010000000000010001010000100100100001011101
16206,49,14,29,M011110010000000000010001010000100100100001011101
16207,49,15,7,M011110010000000000010001010000100100100001011101
16208,49,16,3,M011110010000000000010001010000100100100001011101
16209,49,17,18,M011110010000000000010001010000100100100001011101
16210,49,18,13,M011110010000000000010001010000100100100001011101
16211,49,19,24,M011110010000000000010001010000100100100001011101
16212,49,20,22,M011110010000000000010001010000100100100001011101
16213,49,21,11,M011110010000000000010001010000100100100001011101
16214,49,22,17,M011110010000000000010001010000100100100001011101
16215,49,23,14,M011110010000000000010001010000100100100001011101
16216,49,24,25,M011110010000000000010001010000100100100001011101
16217,49,25,4,M011110010000000000010001010000100100100001011101
16218,49,26,23,M011110010000000000010001010000100100100001011101
16219,49,27,26,M011110010000000000010001010000100100100001011101
16220,49,28,8,M011110010000000000010001010000100100100001011101
16221,49,29,28,M011110010000000000010001010000100100100001011101
16222,49,30,15,M011110010000000000010001010000100100100001011101
16223,49,31,5,M011110010000000000010001010000100100100001011101
16256,201,0,30,M001000000100001000000001011001000110100101101110
16257,201,1,7,M001000000100001000000001011001000110100101101110
16258,201,2,1,M001000000100001000000001011001000110100101101110
16259,201,3,27,M001000000100001000000001011001000110100101101110
16260,201,4,29,M001000000100001000000001011001000110100101101110
16261,201,5,17,M001000000100001000000001011001000110100101101110
16262,201,6,21,M001000000100001000000001011001000110100101101110
16263,201,7,6,M001000000100001000000001011001000110100101101110
16264,201,8,23,M001000000100001000000001011001000110100101101110
16265,201,9,18,M001000000100001000000001011001000110100101101110
16266,201,10,9,M001000000100001000000001011001000110100101101110
16267,201,11,2,M001000000100001000000001011001000110100101101110
16268,201,12,10,M001000000100001000000001011001000110100101101110
16269,201,13,12,M001000000100001000000001011001000110100101101110
16270,201,14,3,M001000000100001000000001011001000110100101101110
16271,201,15,14,M001000000100001000000001011001000110100101101110
16272,201,16,25,M001000000100001000000001011001000110100101101110
16273,201,17,19,M001000000100001000000001011001000110100101101110
16274,201,18,11,M001000000100001000000001011001000110100101101110
16275,201,19,22,M001000000100001000000001011001000110100101101110
16276,201,20,28,M001000000100001000000001011001000110100101101110
16277,201,21,5,M001000000100001000000001011001000110100101101110
16278,201,22,20,M001000000100001000000001011001000110100101101110
16279,201,23,31,M001000000100001000000001011001000110100101101110
16280,201,24,26,M001000000100001000000001011001000110100101101110
16281,201,25,0,M001000000100001000000001011001000110100101101110
16282,201,26,8,M001000000100001000000001011001000110100101101110
16283,201,27,16,M001000000100001000000001011001000110100101101110
16284,201,28,4,M001000000100001000000001011001000110100101101110
16285,201,29,13,M001000000100001000000001011001000110100101101110
16286,201,30,24,M001000000100001000000001011001000110100101101110
16287,201,31,15,M001000000100001000000001011001000110100101101110
16288,150,0,18,M010101100100000000001000001000000100100101111110
16289,150,1,19,M010101100100000000001000001000000100100101111110
16290,150,2,25,M010101100100000000001000001000000100100101111110
16291,150,3,11,M010101100100000000001000001000000100100101111110
16292,150,4,5,M010101100100000000001000001000000100100101111110
16293,150,5,24,M010101100100000000001000001000000100100101111110
16294,150,6,4,M010101100100000000001000001000000100100101111110
16295,150,7,29,M010101100100000000001000001000000100100101111110
16296,150,8,31,M010101100100000000001000001000000100100101111110
16297,150,9,15,M010101100100000000001000001000000100100101111110
16298,150,10,23,M010101100100000000001000001000000100100101111110
16299,150,11,16,M010101100100000000001000001000000100100101111110
16300,150,12,7,M010101100100000000001000001000000100100101111110
16301,150,13,30,M010101100100000000001000001000000100100101111110
16302,150,14,21,M010101100100000000001000001000000100100101111110
16303,150,15,27,M010101100100000000001000001000000100100101111110
16304,150,16,3,M010101100100000000001000001000000100100101111110
16305,150,17,8,M010101100100000000001000001000000100100101111110
16306,150,18,9,M010101100100000000001000001000000100100101111110
16307,150,19,10,M010101100100000000001000001000000100100101111110
16308,150,20,2,M010101100100000000001000001000000100100101111110
16309,150,21,14,M010101100100000000001000001000000100100101111110
16310,150,22,1,M010101100100000000001000001000000100100101111110
16311,150,23,22,M010101100100000000001000001000000100100101111110
16312,150,24,0,M010101100100000000001000001000000100100101111110
16313,150,25,28,M010101100100000000001000001000000100100101111110
16314,150,26,20,M010101100100000000001000001000000100100101111110
16315,150,27,13,M010101100100000000001000001000000100100101111110
16316,150,28,17,M010101100100000000001000001000000100100101111110
16317,150,29,6,M010101100100000000001000001000000100100101111110
16318,150,30,12,M010101100100000000001000001000000100100101111110
16319,150,31,26,M010101100100000000001000001000000100100101111110
16320,577,0,3,M110011110000011011000000000011000000000000100111
16321,577,1,6,M110011110000011011000000000011000000000000100111
16322,577,2,5,M110011110000011011000000000011000000000000100111
16323,577,3,28,M110011110000011011000000000011000000000000100111
16324,577,4,4,M110011110000011011000000000011000000000000100111
16325,577,5,16,M110011110000011011000000000011000000000000100111
16326,577,6,20,M110011110000011011000000000011000000000000100111
16327,577,7,26,M110011110000011011000000000011000000000000100111
16328,577,8,27,M110011110000011011000000000011000000000000100111
16329,577,9,8,M110011110000011011000000000011000000000000100111
16330,577,10,23,M110011110000011011000000000011000000000000100111
16331,577,11,13,M110011110000011011000000000011000000000000100111
16332,577,12,11,M110011110000011011000000000011000000000000100111
16333,577,13,7,M110011110000011011000000000011000000000000100111
16334,577,14,17,M110011110000011011000000000011000000000000100111
16335,577,15,12,M110011110000011011000000000011000000000000100111
16336,577,16,15,M110011110000011011000000000011000000000000100111
16337,577,17,10,M110011110000011011000000000011000000000000100111
16338,577,18,1,M110011110000011011000000000011000000000000100111
16339,577,19,29,M110011110000011011000000000011000000000000100111
16340,577,20,22,M110011110000011011000000000011000000000000100111
16341,577,21,0,M110011110000011011000000000011000000000000100111
16342,577,22,21,M110011110000011011000000000011000000000000100111
16343,577,23,9,M110011110000011011000000000011000000000000100111
16344,577,24,30,M110011110000011011000000000011000000000000100111
16345,577,25,31,M110011110000011011000000000011000000000000100111
16346,577,26,2,M110011110000011011000000000011000000000000100111
16347,577,27,24,M110011110000011011000000000011000000000000100111
16348,577,28,19,M110011110000011011000000000011000000000000100111
16349,577,29,14,M110011110000011011000000000011000000000000100111
16350,577,30,18,M110011110000011011000000000011000000000000100111
16351,577,31,25,M110011110000011011000000000011000000000000100111
16384,126,0,20,M101111001100000000100100000000000000010011101101
16385,126,1,28,M101111001100000000100100000000000000010011101101
16386,126,2,19,M101111001100000000100100000000000000010011101101
16387,126,3,26,M101111001100000000100100000000000000010011101101
16388,126,4,30,M101111001100000000100100000000000000010011101101
16389,126,5,22,M101111001100000000100100000000000000010011101101
16390,126,6,29,M101111001100000000100100000000000000010011101101
16391,126,7,14,M101111001100000000100100000000000000010011101101
16392,126,8,23,M101111001100000000100100000000000000010011101101
16393,126,9,10,M101111001100000000100100000000000000010011101101
16394,126,10,11,M101111001100000000100100000000000000010011101101
16395,126,11,27,M101111001100000000100100000000000000010011101101
16396,126,12,2,M101111001100000000100100000000000000010011101101
16397,126,13,6,M101111001100000000100100000000000000010011101101
16398,126,14,18,M101111001100000000100100000000000000010011101101
16399,126,15,25,M101111001100000000100100000000000000010011101101
16400,126,16,5,M101111001100000000100100000000000000010011101101
16401,126,17,16,M101111001100000000100100000000000000010011101101
16402,126,18,7,M101111001100000000100100000000000000010011101101
16403,126,19,15,M101111001100000000100100000000000000010011101101
16404,126,20,3,M101111001100000000100100000000000000010011101101
16405,126,21,8,M101111001100000000100100000000000000010011101101
16406,126,22,31,M101111001100000000100100000000000000010011101101
16407,126,23,0,M101111001100000000100100000000000000010011101101
16408,126,24,12,M101111001100000000100100000000000000010011101101
16409,126,25,1,M101111001100000000100100000000000000010011101101
16410,126,26,17,M101111001100000000100100000000000000010011101101
16411,126,27,24,M101111001100000000100100000000000000010011101101
16412,126,28,13,M101111001100000000100100000000000000010011101101
16413,126,29,9,M101111001100000000100100000000000000010011101101
16414,126,30,4,M101111001100000000100100000000000000010011101101
16415,126,31,21,M101111001100000000100100000000000000010011101101
16416,232,0,25,M111010011001000101001000000100010000100000110100
16417,232,1,9,M111010011001000101001000000100010000100000110100
16418,232,2,29,M111010011001000101001000000100010000100000110100
16419,232,3,7,M111010011001000101001000000100010000100000110100
16420,232,4,11,M111010011001000101001000000100010000100000110100
16421,232,5,22,M111010011001000101001000000100010000100000110100
16422,232,6,24,M111010011001000101001000000100010000100000110100
16423,232,7,12,M111010011001000101001000000100010000100000110100
16424,232,8,6,M111010011001000101001000000100010000100000110100
16425,232,9,0,M111010011001000101001000000100010000100000110100
16426,232,10,2,M111010011001000101001000000100010000100000110100
16427,232,11,5,M111010011001000101001000000100010000100000110100
16428,232,12,10,M111010011001000101001000000100010000100000110100
16429,232,13,27,M111010011001000101001000000100010000100000110100
16430,232,14,18,M111010011001000101001000000100010000100000110100
16431,232,15,13,M111010011001000101001000000100010000100000110100
16432,232,16,1,M111010011001000101001000000100010000100000110100
16433,232,17,16,M111010011001000101001000000100010000100000110100
16434,232,18,8,M111010011001000101001000000100010000100000110100
16435,232,19,31,M111010011001000101001000000100010000100000110100
16436,232,20,30,M111010011001000101001000000100010000100000110100
16437,232,21,28,M111010011001000101001000000100010000100000110100
16438,232,22,15,M111010011001000101001000000100010000100000110100
16439,232,23,4,M111010011001000101001000000100010000100000110100
16440,232,24,14,M111010011001000101001000000100010000100000110100
16441,232,25,21,M111010011001000101001000000100010000100000110100
16442,232,26,17,M111010011001000101001000000100010000100000110100
16443,232,27,3,M111010011001000101001000000100010000100000110100
16444,232,28,26,M111010011001000101001000000100010000100000110100
16445,232,29,20,M111010011001000101001000000100010000100000110100
16446,232,30,19,M111010011001000101001000000100010000100000110100
16447,232,31,23,M111010011001000101001000000100010000100000110100
16448,518,0,2,M110111110010001000000000100000001000000001001111
16449,518,1,0,M110111110010001000000000100000001000000001001111
16450,518,2,31,M110111110010001000000000100000001000000001001111
16451,518,3,26,M110111110010001000000000100000001000000001001111
16452,518,4,13,M110111110010001000000000100000001000000001001111
16453,518,5,29,M110111110010001000000000100000001000000001001111
16454,518,6,19,M110111110010001000000000100000001000000001001111
16455,518,7,8,M110111110010001000000000100000001000000001001111
16456,518,8,7,M110111110010001000000000100000001000000001001111
16457,518,9,4,M110111110010001000000000100000001000000001001111
16458,518,10,30,M110111110010001000000000100000001000000001001111
16459,518,11,17,M110111110010001000000000100000001000000001001111
16460,518,12,18,M110111110010001000000000100000001000000001001111
16461,518,13,6,M110111110010001000000000100000001000000001001111
16462,518,14,25,M110111110010001000000000100000001000000001001111
16463,518,15,24,M110111110010001000000000100000001000000001001111
16464,518,16,3,M110111110010001000000000100000001000000001001111
16465,518,17,12,M110111110010001000000000100000001000000001001111
16466,518,18,21,M110111110010001000000000100000001000000001001111
16467,518,19,28,M110111110010001000000000100000001000000001001111
16468,518,20,10,M110111110010001000000000100000001000000001001111
16469,518,21,20,M110111110010001000000000100000001000000001001111
16470,518,22,15,M110111110010001000000000100000001000000001001111
16471,518,23,16,M110111110010001000000000100000001000000001001111
16472,518,24,9,M110111110010001000000000100000001000000001001111
16473,518,25,11,M110111110010001000000000100000001000000001001111
16474,518,26,27,M110111110010001000000000100000001000000001001111
16475,518,27,5,M110111110010001000000000100000001000000001001111
16476,518,28,22,M110111110010001000000000100000001000000001001111
16477,518,29,1,M110111110010001000000000100000001000000001001111
16478,518,30,23,M110111110010001000000000100000001000000001001111
16479,518,31,14,M110111110010001000000000100000001000000001001111
16480,483,0,0,M001010001000011000100011000011011000000010110100
16481,483,1,2,M001010001000011000100011000011011000000010110100
16482,483,2,17,M001010001000011000100011000011011000000010110100
16483,483,3,26,M001010001000011000100011000011011000000010110100
16484,483,4,1,M001010001000011000100011000011011000000010110100
16485,483,5,12,M001010001000011000100011000011011000000010110100
16486,483,6,7,M001010001000011000100011000011011000000010110100
16487,483,7,21,M001010001000011000100011000011011000000010110100
16488,483,8,8,M001010001000011000100011000011011000000010110100
16489,483,9,28,M001010001000011000100011000011011000000010110100
16490,483,10,22,M001010001000011000100011000011011000000010110100
16491,483,11,18,M001010001000011000100011000011011000000010110100
16492,483,12,20,M001010001000011000100011000011011000000010110100
16493,483,13,24,M001010001000011000100011000011011000000010110100
16494,483,14,16,M001010001000011000100011000011011000000010110100
16495,483,15,6,M001010001000011000100011000011011000000010110100
16496,483,16,9,M001010001000011000100011000011011000000010110100
16497,483,17,31,M001010001000011000100011000011011000000010110100
16498,483,18,19,M001010001000011000100011000011011000000010110100
16499,483,19,23,M001010001000011000100011000011011000000010110100
16500,483,20,14,M001010001000011000100011000011011000000010110100
16501,483,21,29,M001010001000011000100011000011011000000010110100
16502,483,22,3,M001010001000011000100011000011011000000010110100
16503,483,23,25,M001010001000011000100011000011011000000010110100
16504,483,24,15,M001010001000011000100011000011011000000010110100
16505,483,25,10,M001010001000011000100011000011011000000010110100
16506,483,26,11,M001010001000011000100011000011011000000010110100
16507,483,27,5,M001010001000011000100011000011011000000010110100
16508,483,28,30,M001010001000011000100011000011011000000010110100
16509,483,29,4,M001010001000011000100011000011011000000010110100
16510,483,30,27,M001010001000011000100011000011011000000010110100
16511,483,31,13,M001010001000011000100011000011011000000010110100
16512,106,0,18,M011000011000000011000000011000000010110101001110
16513,106,1,14,M011000011000000011000000011000000010110101001110
16514,106,2,2,M011000011000000011000000011000000010110101001110
16515,106,3,31,M011000011000000011000000011000000010110101001110
16516,106,4,22,M011000011000000011000000011000000010110101001110
16517,106,5,25,M011000011000000011000000011000000010110101001110
16518,106,6,5,M011000011000000011000000011000000010110101001110
16519,106,7,16,M011000011000000011000000011000000010110101001110
16520,106,8,8,M011000011000000011000000011000000010110101001110
16521,106,9,30,M011000011000000011000000011000000010110101001110
16522,106,10,15,M011000011000000011000000011000000010110101001110
16523,106,11,3,M011000011000000011000000011000000010110101001110
16524,106,12,29,M011000011000000011000000011000000010110101001110
16525,106,13,11,M011000011000000011000000011000000010110101001110
16526,106,14,17,M011000011000000011000000011000000010110101001110
16527,106,15,28,M011000011000000011000000011000000010110101001110
16528,106,16,24,M011000011000000011000000011000000010110101001110
16529,106,17,6,M011000011000000011000000011000000010110101001110
16530,106,18,23,M011000011000000011000000011000000010110101001110
16531,106,19,20,M011000011000000011000000011000000010110101001110
16532,106,20,13,M011000011000000011000000011000000010110101001110
16533,106,21,0,M011000011000000011000000011000000010110101001110
16534,106,22,7,M011000011000000011000000011000000010110101001110
16535,106,23,9,M011000011000000011000000011000000010110101001110
16536,106,24,12,M011000011000000011000000011000000010110101001110
16537,106,25,1,M011000011000000011000000011000000010110101001110
16538,106,26,21,M011000011000000011000000011000000010110101001110
16539,106,27,10,M011000011000000011000000011000000010110101001110
16540,106,28,26,M011000011000000011000000011000000010110101001110
16541,106,29,27,M011000011000000011000000011000000010110101001110
16542,106,30,4,M011000011000000011000000011000000010110101001110
16543,106,31,19,M011000011000000011000000011000000010110101001110
16608,85,0,5,M110101100010001000000100000010001101000000110101
16609,85,1,26,M110101100010001000000100000010001101000000110101
16610,85,2,17,M110101100010001000000100000010001101000000110101
16611,85,3,18,M110101100010001000000100000010001101000000110101
16612,85,4,1,M110101100010001000000100000010001101000000110101
16613,85,5,6,M110101100010001000000100000010001101000000110101
16614,85,6,24,M110101100010001000000100000010001101000000110101
16615,85,7,12,M110101100010001000000100000010001101000000110101
16616,85,8,30,M110101100010001000000100000010001101000000110101
16617,85,9,2,M110101100010001000000100000010001101000000110101
16618,85,10,8,M110101100010001000000100000010001101000000110101
16619,85,11,23,M110101100010001000000100000010001101000000110101
16620,85,12,4,M110101100010001000000100000010001101000000110101
16621,85,13,29,M110101100010001000000100000010001101000000110101
16622,85,14,7,M110101100010001000000100000010001101000000110101
16623,85,15,22,M110101100010001000000100000010001101000000110101
16624,85,16,11,M110101100010001000000100000010001101000000110101
16625,85,17,21,M110101100010001000000100000010001101000000110101
16626,85,18,13,M110101100010001000000100000010001101000000110101
16627,85,19,3,M110101100010001000000100000010001101000000110101
16628,85,20,27,M110101100010001000000100000010001101000000110101
16629,85,21,25,M110101100010001000000100000010001101000000110101
16630,85,22,20,M110101100010001000000100000010001101000000110101
16631,85,23,10,M110101100010001000000100000010001101000000110101
16632,85,24,15,M110101100010001000000100000010001101000000110101
16633,85,25,16,M110101100010001000000100000010001101000000110101
16634,85,26,9,M110101100010001000000100000010001101000000110101
16635,85,27,14,M110101100010001000000100000010001101000000110101
16636,85,28,31,M110101100010001000000100000010001101000000110101
16637,85,29,0,M110101100010001000000100000010001101000000110101
16638,85,30,28,M110101100010001000000100000010001101000000110101
16639,85,31,19,M110101100010001000000100000010001101000000110101
16640,404,0,15,M111001110011000000000000101100000100000010101010
16641,404,1,7,M111001110011000000000000101100000100000010101010
16642,404,2,10,M111001110011000000000000101100000100000010101010
16643,404,3,20,M111001110011000000000000101100000100000010101010
16644,404,4,3,M111001110011000000000000101100000100000010101010
16645,404,5,30,M111001110011000000000000101100000100000010101010
16646,404,6,0,M111001110011000000000000101100000100000010101010
16647,404,7,13,M111001110011000000000000101100000100000010101010
16648,404,8,12,M111001110011000000000000101100000100000010101010
16649,404,9,14,M111001110011000000000000101100000100000010101010
16650,404,10,2,M111001110011000000000000101100000100000010101010
16651,404,11,27,M111001110011000000000000101100000100000010101010
16652,404,12,9,M111001110011000000000000101100000100000010101010
16653,404,13,22,M111001110011000000000000101100000100000010101010
16654,404,14,11,M111001110011000000000000101100000100000010101010
16655,404,15,19,M111001110011000000000000101100000100000010101010
16656,404,16,25,M111001110011000000000000101100000100000010101010
16657,404,17,29,M111001110011000000000000101100000100000010101010
16658,404,18,23,M111001110011000000000000101100000100000010101010
16659,404,19,18,M111001110011000000000000101100000100000010101010
16660,404,20,16,M111001110011000000000000101100000100000010101010
16661,404,21,24,M111001110011000000000000101100000100000010101010
16662,404,22,1,M111001110011000000000000101100000100000010101010
16663,404,23,17,M111001110011000000000000101100000100000010101010
16664,404,24,26,M111001110011000000000000101100000100000010101010
16665,404,25,31,M111001110011000000000000101100000100000010101010
16666,404,26,21,M111001110011000000000000101100000100000010101010
16667,404,27,5,M111001110011000000000000101100000100000010101010
16668,404,28,8,M111001110011000000000000101100000100000010101010
16669,404,29,6,M111001110011000000000000101100000100000010101010
16670,404,30,4,M111001110011000000000000101100000100000010101010
16671,404,31,28,M111001110011000000000000101100000100000010101010
16704,463,0,27,M010110011010100000000000001100000010100010011110
16705,463,1,23,M010110011010100000000000001100000010100010011110
16706,463,2,25,M010110011010100000000000001100000010100010011110
16707,463,3,28,M010110011010100000000000001100000010100010011110
16708,463,4,30,M010110011010100000000000001100000010100010011110
16709,463,5,29,M010110011010100000000000001100000010100010011110
16710,463,6,8,M010110011010100000000000001100000010100010011110
16711,463,7,3,M010110011010100000000000001100000010100010011110
16712,463,8,17,M010110011010100000000000001100000010100010011110
16713,463,9,0,M010110011010100000000000001100000010100010011110
16714,463,10,31,M010110011010100000000000001100000010100010011110
16715,463,11,19,M010110011010100000000000001100000010100010011110
16716,463,12,21,M010110011010100000000000001100000010100010011110
16717,463,13,24,M010110011010100000000000001100000010100010011110
16718,463,14,9,M010110011010100000000000001100000010100010011110
16719,463,15,20,M010110011010100000000000001100000010100010011110
16720,463,16,6,M010110011010100000000000001100000010100010011110
16721,463,17,11,M010110011010100000000000001100000010100010011110
16722,463,18,16,M010110011010100000000000001100000010100010011110
16723,463,19,26,M010110011010100000000000001100000010100010011110
16724,463,20,7,M010110011010100000000000001100000010100010011110
16725,463,21,4,M010110011010100000000000001100000010100010011110
16726,463,22,22,M010110011010100000000000001100000010100010011110
16727,463,23,2,M010110011010100000000000001100000010100010011110
16728,463,24,14,M010110011010100000000000001100000010100010011110
16729,463,25,13,M010110011010100000000000001100000010100010011110
16730,463,26,12,M010110011010100000000000001100000010100010011110
16731,463,27,15,M010110011010100000000000001100000010100010011110
16732,463,28,1,M010110011010100000000000001100000010100010011110
16733,463,29,18,M010110011010100000000000001100000010100010011110
16734,463,30,10,M010110011010100000000000001100000010100010011110
16735,463,31,5,M010110011010100000000000001100000010100010011110
16768,532,0,20,M111100110000000000101000000000011000110000110101
16769,532,1,4,M111100110000000000101000000000011000110000110101
16770,532,2,5,M111100110000000000101000000000011000110000110101
16771,532,3,18,M111100110000000000101000000000011000110000110101
16772,532,4,16,M111100110000000000101000000000011000110000110101
16773,532,5,17,M111100110000000000101000000000011000110000110101
16774,532,6,13,M111100110000000000101000000000011000110000110101
16775,532,7,9,M111100110000000000101000000000011000110000110101
16776,532,8,23,M111100110000000000101000000000011000110000110101
16777,532,9,10,M111100110000000000101000000000011000110000110101
16778,532,10,1,M111100110000000000101000000000011000110000110101
16779,532,11,25,M111100110000000000101000000000011000110000110101
16780,532,12,19,M111100110000000000101000000000011000110000110101
16781,532,13,8,M111100110000000000101000000000011000110000110101
16782,532,14,30,M111100110000000000101000000000011000110000110101
16783,532,15,11,M111100110000000000101000000000011000110000110101
16784,532,16,7,M111100110000000000101000000000011000110000110101
16785,532,17,24,M111100110000000000101000000000011000110000110101
16786,532,18,3,M111100110000000000101000000000011000110000110101
16787,532,19,29,M111100110000000000101000000000011000110000110101
16788,532,20,21,M111100110000000000101000000000011000110000110101
16789,532,21,0,M111100110000000000101000000000011000110000110101
16790,532,22,31,M111100110000000000101000000000011000110000110101
16791,532,23,27,M111100110000000000101000000000011000110000110101
16792,532,24,28,M111100110000000000101000000000011000110000110101
16793,532,25,2,M111100110000000000101000000000011000110000110101
16794,532,26,26,M111100110000000000101000000000011000110000110101
16795,532,27,22,M111100110000000000101000000000011000110000110101
16796,532,28,15,M111100110000000000101000000000011000110000110101
16797,532,29,14,M111100110000000000101000000000011000110000110101
16798,532,30,6,M111100110000000000101000000000011000110000110101
16799,532,31,12,M111100110000000000101000000000011000110000110101
16800,169,0,13,M111111100010000000001000000001001000000010101101
16801,169,1,15,M111111100010000000001000000001001000000010101101
16802,169,2,6,M111111100010000000001000000001001000000010101101
16803,169,3,11,M111111100010000000001000000001001000000010101101
16804,169,4,14,M111111100010000000001000000001001000000010101101
16805,169,5,8,M111111100010000000001000000001001000000010101101
16806,169,6,9,M111111100010000000001000000001001000000010101101
16807,169,7,28,M111111100010000000001000000001001000000010101101
16808,169,8,26,M111111100010000000001000000001001000000010101101
16809,169,9,5,M111111100010000000001000000001001000000010101101
16810,169,10,1,M111111100010000000001000000001001000000010101101
16811,169,11,30,M111111100010000000001000000001001000000010101101
16812,169,12,19,M111111100010000000001000000001001000000010101101
16813,169,13,18,M111111100010000000001000000001001000000010101101
16814,169,14,25,M111111100010000000001000000001001000000010101101
16815,169,15,21,M111111100010000000001000000001001000000010101101
16816,169,16,10,M111111100010000000001000000001001000000010101101
16817,169,17,29,M111111100010000000001000000001001000000010101101
16818,169,18,17,M111111100010000000001000000001001000000010101101
16819,169,19,12,M111111100010000000001000000001001000000010101101
16820,169,20,0,M111111100010000000001000000001001000000010101101
16821,169,21,2,M111111100010000000001000000001001000000010101101
16822,169,22,20,M111111100010000000001000000001001000000010101101
16823,169,23,16,M111111100010000000001000000001001000000010101101
16824,169,24,3,M111111100010000000001000000001001000000010101101
16825,169,25,4,M111111100010000000001000000001001000000010101101
16826,169,26,27,M111111100010000000001000000001001000000010101101
16827,169,27,22,M111111100010000000001000000001001000000010101101
16828,169,28,23,M111111100010000000001000000001001000000010101101
16829,169,29,7,M111111100010000000001000000001001000000010101101
16830,169,30,24,M111111100010000000001000000001001000000010101101
16831,169,31,31,M111111100010000000001000000001001000000010101101
16832,4,0,27,M111101000001001001000100110000101010100000001000
16833,4,1,14,M111101000001001001000100110000101010100000001000
16834,4,2,11,M111101000001001001000100110000101010100000001000
16835,4,3,6,M111101000001001001000100110000101010100000001000
16836,4,4,8,M111101000001001001000100110000101010100000001000
16837,4,5,23,M111101000001001001000100110000101010100000001000
16838,4,6,18,M111101000001001001000100110000101010100000001000
16839,4,7,0,M111101000001001001000100110000101010100000001000
16840,4,8,2,M111101000001001001000100110000101010100000001000
16841,4,9,25,M111101000001001001000100110000101010100000001000
16842,4,10,10,M111101000001001001000100110000101010100000001000
16843,4,11,12,M111101000001001001000100110000101010100000001000
16844,4,12,4,M111101000001001001000100110000101010100000001000
16845,4,13,20,M111101000001001001000100110000101010100000001000
16846,4,14,16,M111101000001001001000100110000101010100000001000
16847,4,15,30,M111101000001001001000100110000101010100000001000
16848,4,16,3,M111101000001001001000100110000101010100000001000
16849,4,17,22,M111101000001001001000100110000101010100000001000
16850,4,18,21,M111101000001001001000100110000101010100000001000
16851,4,19,31,M111101000001001001000100110000101010100000001000
16852,4,20,1,M111101000001001001000100110000101010100000001000
16853,4,21,7,M111101000001001001000100110000101010100000001000
16854,4,22,17,M111101000001001001000100110000101010100000001000
16855,4,23,15,M111101000001001001000100110000101010100000001000
16856,4,24,29,M111101000001001001000100110000101010100000001000
16857,4,25,13,M111101000001001001000100110000101010100000001000
16858,4,26,26,M111101000001001001000100110000101010100000001000
16859,4,27,5,M111101000001001001000100110000101010100000001000
16860,4,28,9,M111101000001001001000100110000101010100000001000
16861,4,29,28,M111101000001001001000100110000101010100000001000
16862,4,30,24,M111101000001001001000100110000101010100000001000
16863,4,31,19,M111101000001001001000100110000101010100000001000
16864,482,0,10,M001010000001001100010001001100100000000010110111
16865,482,1,1,M001010000001001100010001001100100000000010110111
16866,482,2,30,M001010000001001100010001001100100000000010110111
16867,482,3,24,M001010000001001100010001001100100000000010110111
16868,482,4,4,M001010000001001100010001001100100000000010110111
16869,482,5,22,M001010000001001100010001001100100000000010110111
16870,482,6,16,M001010000001001100010001001100100000000010110111
16871,482,7,28,M001010000001001100010001001100100000000010110111
16872,482,8,21,M001010000001001100010001001100100000000010110111
16873,482,9,25,M001010000001001100010001001100100000000010110111
16874,482,10,20,M001010000001001100010001001100100000000010110111
16875,482,11,29,M001010000001001100010001001100100000000010110111
16876,482,12,0,M001010000001001100010001001100100000000010110111
16877,482,13,14,M001010000001001100010001001100100000000010110111
16878,482,14,31,M001010000001001100010001001100100000000010110111
16879,482,15,8,M001010000001001100010001001100100000000010110111
16880,482,16,19,M001010000001001100010001001100100000000010110111
16881,482,17,5,M001010000001001100010001001100100000000010110111
16882,482,18,13,M001010000001001100010001001100100000000010110111
16883,482,19,17,M001010000001001100010001001100100000000010110111
16884,482,20,18,M001010000001001100010001001100100000000010110111
16885,482,21,11,M001010000001001100010001001100100000000010110111
16886,482,22,23,M001010000001001100010001001100100000000010110111
16887,482,23,12,M001010000001001100010001001100100000000010110111
16888,482,24,27,M001010000001001100010001001100100000000010110111
16889,482,25,2,M001010000001001100010001001100100000000010110111
16890,482,26,7,M001010000001001100010001001100100000000010110111
16891,482,27,26,M001010000001001100010001001100100000000010110111
16892,482,28,15,M001010000001001100010001001100100000000010110111
16893,482,29,6,M001010000001001100010001001100100000000010110111
16894,482,30,9,M001010000001001100010001001100100000000010110111
16895,482,31,3,M001010000001001100010001001100100000000010110111
16896,562,0,23,M110101000000001001000010001100001100110010110000
16897,562,1,26,M110101000000001001000010001100001100110010110000
16898,562,2,10,M110101000000001001000010001100001100110010110000
16899,562,3,0,M110101000000001001000010001100001100110010110000
16900,562,4,18,M110101000000001001000010001100001100110010110000
16901,562,5,6,M110101000000001001000010001100001100110010110000
16902,562,6,25,M110101000000001001000010001100001100110010110000
16903,562,7,8,M110101000000001001000010001100001100110010110000
16904,562,8,12,M110101000000001001000010001100001100110010110000
16905,562,9,17,M110101000000001001000010001100001100110010110000
16906,562,10,14,M110101000000001001000010001100001100110010110000
16907,562,11,24,M110101000000001001000010001100001100110010110000
16908,562,12,4,M110101000000001001000010001100001100110010110000
16909,562,13,2,M110101000000001001000010001100001100110010110000
16910,562,14,1,M110101000000001001000010001100001100110010110000
16911,562,15,16,M110101000000001001000010001100001100110010110000
16912,562,16,15,M110101000000001001000010001100001100110010110000
16913,562,17,7,M110101000000001001000010001100001100110010110000
16914,562,18,21,M110101000000001001000010001100001100110010110000
16915,562,19,30,M110101000000001001000010001100001100110010110000
16916,562,20,11,M110101000000001001000010001100001100110010110000
16917,562,21,27,M110101000000001001000010001100001100110010110000
16918,562,22,22,M110101000000001001000010001100001100110010110000
16919,562,23,29,M110101000000001001000010001100001100110010110000
16920,562,24,19,M110101000000001001000010001100001100110010110000
16921,562,25,31,M110101000000001001000010001100001100110010110000
16922,562,26,9,M110101000000001001000010001100001100110010110000
16923,562,27,13,M110101000000001001000010001100001100110010110000
16924,562,28,28,M110101000000001001000010001100001100110010110000
16925,562,29,20,M110101000000001001000010001100001100110010110000
16926,562,30,3,M110101000000001001000010001100001100110010110000
16927,562,31,5,M110101000000001001000010001100001100110010110000
16928,399,0,4,M101100100001000010011001000010000000100000111110
16929,399,1,18,M101100100001000010011001000010000000100000111110
16930,399,2,8,M101100100001000010011001000010000000100000111110
16931,399,3,12,M101100100001000010011001000010000000100000111110
16932,399,4,26,M101100100001000010011001000010000000100000111110
16933,399,5,30,M101100100001000010011001000010000000100000111110
16934,399,6,1,M101100100001000010011001000010000000100000111110
16935,399,7,9,M101100100001000010011001000010000000100000111110
16936,399,8,0,M101100100001000010011001000010000000100000111110
16937,399,9,22,M101100100001000010011001000010000000100000111110
16938,399,10,15,M101100100001000010011001000010000000100000111110
16939,399,11,21,M101100100001000010011001000010000000100000111110
16940,399,12,24,M101100100001000010011001000010000000100000111110
16941,399,13,11,M101100100001000010011001000010000000100000111110
16942,399,14,10,M101100100001000010011001000010000000100000111110
16943,399,15,6,M101100100001000010011001000010000000100000111110
16944,399,16,13,M101100100001000010011001000010000000100000111110
16945,399,17,28,M101100100001000010011001000010000000100000111110
16946,399,18,2,M101100100001000010011001000010000000100000111110
16947,399,19,31,M101100100001000010011001000010000000100000111110
16948,399,20,14,M101100100001000010011001000010000000100000111110
16949,399,21,27,M101100100001000010011001000010000000100000111110
16950,399,22,29,M101100100001000010011001000010000000100000111110
16951,399,23,5,M101100100001000010011001000010000000100000111110
16952,399,24,7,M101100100001000010011001000010000000100000111110
16953,399,25,19,M101100100001000010011001000010000000100000111110
16954,399,26,25,M101100100001000010011001000010000000100000111110
16955,399,27,17,M101100100001000010011001000010000000100000111110
16956,399,28,3,M101100100001000010011001000010000000100000111110
16957,399,29,16,M101100100001000010011001000010000000100000111110
16958,399,30,20,M101100100001000010011001000010000000100000111110
16959,399,31,23,M101100100001000010011001000010000000100000111110
16992,519,0,6,M110010010100110000000000100000000111011000101001
16993,519,1,20,M110010010100110000000000100000000111011000101001
16994,519,2,12,M110010010100110000000000100000000111011000101001
16995,519,3,4,M110010010100110000000000100000000111011000101001
16996,519,4,30,M110010010100110000000000100000000111011000101001
16997,519,5,8,M110010010100110000000000100000000111011000101001
16998,519,6,22,M110010010100110000000000100000000111011000101001
16999,519,7,19,M110010010100110000000000100000000111011000101001
17000,519,8,0,M110010010100110000000000100000000111011000101001
17001,519,9,11,M110010010100110000000000100000000111011000101001
17002,519,10,31,M110010010100110000000000100000000111011000101001
17003,519,11,13,M110010010100110000000000100000000111011000101001
17004,519,12,21,M110010010100110000000000100000000111011000101001
17005,519,13,17,M110010010100110000000000100000000111011000101001
17006,519,14,18,M110010010100110000000000100000000111011000101001
17007,519,15,26,M110010010100110000000000100000000111011000101001
17008,519,16,9,M110010010100110000000000100000000111011000101001
17009,519,17,29,M110010010100110000000000100000000111011000101001
17010,519,18,24,M110010010100110000000000100000000111011000101001
17011,519,19,5,M110010010100110000000000100000000111011000101001
17012,519,20,25,M110010010100110000000000100000000111011000101001
17013,519,21,16,M110010010100110000000000100000000111011000101001
17014,519,22,14,M110010010100110000000000100000000111011000101001
17015,519,23,3,M110010010100110000000000100000000111011000101001
17016,519,24,7,M110010010100110000000000100000000111011000101001
17017,519,25,1,M110010010100110000000000100000000111011000101001
17018,519,26,23,M110010010100110000000000100000000111011000101001
17019,519,27,2,M110010010100110000000000100000000111011000101001
17020,519,28,28,M110010010100110000000000100000000111011000101001
17021,519,29,15,M110010010100110000000000100000000111011000101001
17022,519,30,27,M110010010100110000000000100000000111011000101001
17023,519,31,10,M110010010100110000000000100000000111011000101001
17024,342,0,25,M001101000000000100001100001001000100000110011111
17025,342,1,7,M001101000000000100001100001001000100000110011111
17026,342,2,29,M001101000000000100001100001001000100000110011111
17027,342,3,28,M001101000000000100001100001001000100000110011111
17028,342,4,5,M001101000000000100001100001001000100000110011111
17029,342,5,22,M001101000000000100001100001001000100000110011111
17030,342,6,15,M001101000000000100001100001001000100000110011111
17031,342,7,26,M001101000000000100001100001001000100000110011111
17032,342,8,21,M001101000000000100001100001001000100000110011111
17033,342,9,18,M001101000000000100001100001001000100000110011111
17034,342,10,3,M001101000000000100001100001001000100000110011111
17035,342,11,24,M001101000000000100001100001001000100000110011111
17036,342,12,30,M001101000000000100001100001001000100000110011111
17037,342,13,17,M001101000000000100001100001001000100000110011111
17038,342,14,2,M001101000000000100001100001001000100000110011111
17039,342,15,9,M001101000000000100001100001001000100000110011111
17040,342,16,0,M001101000000000100001100001001000100000110011111
17041,342,17,1,M001101000000000100001100001001000100000110011111
17042,342,18,16,M001101000000000100001100001001000100000110011111
17043,342,19,27,M001101000000000100001100001001000100000110011111
17044,342,20,10,M001101000000000100001100001001000100000110011111
17045,342,21,12,M001101000000000100001100001001000100000110011111
17046,342,22,14,M001101000000000100001100001001000100000110011111
17047,342,23,19,M001101000000000100001100001001000100000110011111
17048,342,24,11,M001101000000000100001100001001000100000110011111
17049,342,25,8,M001101000000000100001100001001000100000110011111
17050,342,26,6,M001101000000000100001100001001000100000110011111
17051,342,27,20,M001101000000000100001100001001000100000110011111
17052,342,28,4,M001101000000000100001100001001000100000110011111
17053,342,29,31,M001101000000000100001100001001000100000110011111
17054,342,30,13,M001101000000000100001100001001000100000110011111
17055,342,31,23,M001101000000000100001100001001000100000110011111
17056,100,0,5,M000110011010100010010100000110000101010000001001
17057,100,1,3,M000110011010100010010100000110000101010000001001
17058,100,2,18,M000110011010100010010100000110000101010000001001
17059,100,3,27,M000110011010100010010100000110000101010000001001
17060,100,4,28,M000110011010100010010100000110000101010000001001
17061,100,5,10,M000110011010100010010100000110000101010000001001
17062,100,6,31,M000110011010100010010100000110000101010000001001
17063,100,7,9,M000110011010100010010100000110000101010000001001
17064,100,8,2,M000110011010100010010100000110000101010000001001
17065,100,9,4,M000110011010100010010100000110000101010000001001
17066,100,10,16,M000110011010100010010100000110000101010000001001
17067,100,11,14,M000110011010100010010100000110000101010000001001
17068,100,12,15,M000110011010100010010100000110000101010000001001
17069,100,13,22,M000110011010100010010100000110000101010000001001
17070,100,14,19,M000110011010100010010100000110000101010000001001
17071,100,15,20,M000110011010100010010100000110000101010000001001
17072,100,16,29,M000110011010100010010100000110000101010000001001
17073,100,17,24,M000110011010100010010100000110000101010000001001
17074,100,18,26,M000110011010100010010100000110000101010000001001
17075,100,19,30,M000110011010100010010100000110000101010000001001
17076,100,20,12,M000110011010100010010100000110000101010000001001
17077,100,21,7,M000110011010100010010100000110000101010000001001
17078,100,22,11,M000110011010100010010100000110000101010000001001
17079,100,23,17,M000110011010100010010100000110000101010000001001
17080,100,24,6,M000110011010100010010100000110000101010000001001
17081,100,25,0,M000110011010100010010100000110000101010000001001
17082,100,26,25,M000110011010100010010100000110000101010000001001
17083,100,27,8,M000110011010100010010100000110000101010000001001
17084,100,28,1,M000110011010100010010100000110000101010000001001
17085,100,29,21,M000110011010100010010100000110000101010000001001
17086,100,30,23,M000110011010100010010100000110000101010000001001
17087,100,31,13,M000110011010100010010100000110000101010000001001
17088,297,0,20,M111000000001011001010000001001100000010001010011
17089,297,1,15,M111000000001011001010000001001100000010001010011
17090,297,2,7,M111000000001011001010000001001100000010001010011
17091,297,3,11,M111000000001011001010000001001100000010001010011
17092,297,4,3,M111000000001011001010000001001100000010001010011
17093,297,5,29,M111000000001011001010000001001100000010001010011
17094,297,6,14,M111000000001011001010000001001100000010001010011
17095,297,7,4,M111000000001011001010000001001100000010001010011
17096,297,8,6,M111000000001011001010000001001100000010001010011
17097,297,9,9,M111000000001011001010000001001100000010001010011
17098,297,10,12,M111000000001011001010000001001100000010001010011
17099,297,11,26,M111000000001011001010000001001100000010001010011
17100,297,12,21,M111000000001011001010000001001100000010001010011
17101,297,13,0,M111000000001011001010000001001100000010001010011
17102,297,14,8,M111000000001011001010000001001100000010001010011
17103,297,15,19,M111000000001011001010000001001100000010001010011
17104,297,16,25,M111000000001011001010000001001100000010001010011
17105,297,17,18,M111000000001011001010000001001100000010001010011
17106,297,18,16,M111000000001011001010000001001100000010001010011
17107,297,19,13,M111000000001011001010000001001100000010001010011
17108,297,20,31,M111000000001011001010000001001100000010001010011
17109,297,21,5,M111000000001011001010000001001100000010001010011
17110,297,22,28,M111000000001011001010000001001100000010001010011
17111,297,23,23,M111000000001011001010000001001100000010001010011
17112,297,24,10,M111000000001011001010000001001100000010001010011
17113,297,25,2,M111000000001011001010000001001100000010001010011
17114,297,26,17,M111000000001011001010000001001100000010001010011
17115,297,27,30,M111000000001011001010000001001100000010001010011
17116,297,28,24,M111000000001011001010000001001100000010001010011
17117,297,29,22,M111000000001011001010000001001100000010001010011
17118,297,30,27,M111000000001011001010000001001100000010001010011
17119,297,31,1,M111000000001011001010000001001100000010001010011
17120,479,0,25,M101110001100110001000010000010000000000011110100
17121,479,1,11,M101110001100110001000010000010000000000011110100
17122,479,2,3,M101110001100110001000010000010000000000011110100
17123,479,3,0,M101110001100110001000010000010000000000011110100
17124,479,4,13,M101110001100110001000010000010000000000011110100
17125,479,5,26,M101110001100110001000010000010000000000011110100
17126,479,6,21,M101110001100110001000010000010000000000011110100
17127,479,7,8,M101110001100110001000010000010000000000011110100
17128,479,8,19,M101110001100110001000010000010000000000011110100
17129,479,9,16,M101110001100110001000010000010000000000011110100
17130,479,10,27,M101110001100110001000010000010000000000011110100
17131,479,11,15,M101110001100110001000010000010000000000011110100
17132,479,12,31,M101110001100110001000010000010000000000011110100
17133,479,13,14,M101110001100110001000010000010000000000011110100
17134,479,14,20,M101110001100110001000010000010000000000011110100
17135,479,15,17,M101110001100110001000010000010000000000011110100
17136,479,16,29,M101110001100110001000010000010000000000011110100
17137,479,17,6,M101110001100110001000010000010000000000011110100
17138,479,18,5,M101110001100110001000010000010000000000011110100
17139,479,19,1,M101110001100110001000010000010000000000011110100
17140,479,20,28,M101110001100110001000010000010000000000011110100
17141,479,21,12,M101110001100110001000010000010000000000011110100
17142,479,22,9,M101110001100110001000010000010000000000011110100
17143,479,23,10,M101110001100110001000010000010000000000011110100
17144,479,24,7,M101110001100110001000010000010000000000011110100
17145,479,25,30,M101110001100110001000010000010000000000011110100
17146,479,26,2,M101110001100110001000010000010000000000011110100
17147,479,27,24,M101110001100110001000010000010000000000011110100
17148,479,28,18,M101110001100110001000010000010000000000011110100
17149,479,29,23,M101110001100110001000010000010000000000011110100
17150,479,30,22,M101110001100110001000010000010000000000011110100
17151,479,31,4,M101110001100110001000010000010000000000011110100
17184,269,0,11,M001011110001100100000010000001101000000100100101
17185,269,1,23,M001011110001100100000010000001101000000100100101
17186,269,2,17,M001011110001100100000010000001101000000100100101
17187,269,3,25,M001011110001100100000010000001101000000100100101
17188,269,4,29,M001011110001100100000010000001101000000100100101
17189,269,5,31,M001011110001100100000010000001101000000100100101
17190,269,6,20,M001011110001100100000010000001101000000100100101
17191,269,7,28,M001011110001100100000010000001101000000100100101
17192,269,8,14,M001011110001100100000010000001101000000100100101
17193,269,9,0,M001011110001100100000010000001101000000100100101
17194,269,10,15,M001011110001100100000010000001101000000100100101
17195,269,11,22,M001011110001100100000010000001101000000100100101
17196,269,12,19,M001011110001100100000010000001101000000100100101
17197,269,13,8,M001011110001100100000010000001101000000100100101
17198,269,14,16,M001011110001100100000010000001101000000100100101
17199,269,15,2,M001011110001100100000010000001101000000100100101
17200,269,16,10,M001011110001100100000010000001101000000100100101
17201,269,17,6,M001011110001100100000010000001101000000100100101
17202,269,18,30,M001011110001100100000010000001101000000100100101
17203,269,19,21,M001011110001100100000010000001101000000100100101
17204,269,20,18,M001011110001100100000010000001101000000100100101
17205,269,21,4,M001011110001100100000010000001101000000100100101
17206,269,22,7,M001011110001100100000010000001101000000100100101
17207,269,23,12,M001011110001100100000010000001101000000100100101
17208,269,24,5,M001011110001100100000010000001101000000100100101
17209,269,25,13,M001011110001100100000010000001101000000100100101
17210,269,26,1,M001011110001100100000010000001101000000100100101
17211,269,27,24,M001011110001100100000010000001101000000100100101
17212,269,28,3,M001011110001100100000010000001101000000100100101
17213,269,29,27,M001011110001100100000010000001101000000100100101
17214,269,30,26,M001011110001100100000010000001101000000100100101
17215,269,31,9,M001011110001100100000010000001101000000100100101
17248,329,0,6,M001011001010101000000011010001000010000010011010
17249,329,1,3,M001011001010101000000011010001000010000010011010
17250,329,2,21,M001011001010101000000011010001000010000010011010
17251,329,3,4,M001011001010101000000011010001000010000010011010
17252,329,4,12,M001011001010101000000011010001000010000010011010
17253,329,5,18,M001011001010101000000011010001000010000010011010
17254,329,6,29,M001011001010101000000011010001000010000010011010
17255,329,7,20,M001011001010101000000011010001000010000010011010
17256,329,8,31,M001011001010101000000011010001000010000010011010
17257,329,9,2,M001011001010101000000011010001000010000010011010
17258,329,10,23,M001011001010101000000011010001000010000010011010
17259,329,11,15,M001011001010101000000011010001000010000010011010
17260,329,12,26,M001011001010101000000011010001000010000010011010
17261,329,13,5,M001011001010101000000011010001000010000010011010
17262,329,14,11,M001011001010101000000011010001000010000010011010
17263,329,15,25,M001011001010101000000011010001000010000010011010
17264,329,16,22,M001011001010101000000011010001000010000010011010
17265,329,17,14,M001011001010101000000011010001000010000010011010
17266,329,18,1,M001011001010101000000011010001000010000010011010
17267,329,19,19,M001011001010101000000011010001000010000010011010
17268,329,20,28,M001011001010101000000011010001000010000010011010
17269,329,21,7,M001011001010101000000011010001000010000010011010
17270,329,22,10,M001011001010101000000011010001000010000010011010
17271,329,23,17,M001011001010101000000011010001000010000010011010
17272,329,24,0,M001011001010101000000011010001000010000010011010
17273,329,25,13,M001011001010101000000011010001000010000010011010
17274,329,26,24,M001011001010101000000011010001000010000010011010
17275,329,27,16,M001011001010101000000011010001000010000010011010
17276,329,28,9,M001011001010101000000011010001000010000010011010
17277,329,29,8,M001011001010101000000011010001000010000010011010
17278,329,30,30,M001011001010101000000011010001000010000010011010
17279,329,31,27,M001011001010101000000011010001000010000010011010
17280,165,0,6,M110000000001000000000001100001111100101000101011
17281,165,1,12,M110000000001000000000001100001111100101000101011
17282,165,2,14,M110000000001000000000001100001111100101000101011
17283,165,3,23,M110000000001000000000001100001111100101000101011
17284,165,4,29,M110000000001000000000001100001111100101000101011
17285,165,5,22,M110000000001000000000001100001111100101000101011
17286,165,6,25,M110000000001000000000001100001111100101000101011
17287,165,7,18,M110000000001000000000001100001111100101000101011
17288,165,8,31,M110000000001000000000001100001111100101000101011
17289,165,9,13,M110000000001000000000001100001111100101000101011
17290,165,10,24,M110000000001000000000001100001111100101000101011
17291,165,11,27,M110000000001000000000001100001111100101000101011
17292,165,12,8,M110000000001000000000001100001111100101000101011
17293,165,13,21,M110000000001000000000001100001111100101000101011
17294,165,14,20,M110000000001000000000001100001111100101000101011
17295,165,15,1,M110000000001000000000001100001111100101000101011
17296,165,16,19,M110000000001000000000001100001111100101000101011
17297,165,17,5,M110000000001000000000001100001111100101000101011
17298,165,18,17,M110000000001000000000001100001111100101000101011
17299,165,19,7,M110000000001000000000001100001111100101000101011
17300,165,20,0,M110000000001000000000001100001111100101000101011
17301,165,21,3,M110000000001000000000001100001111100101000101011
17302,165,22,16,M110000000001000000000001100001111100101000101011
17303,165,23,4,M110000000001000000000001100001111100101000101011
17304,165,24,10,M110000000001000000000001100001111100101000101011
17305,165,25,15,M110000000001000000000001100001111100101000101011
17306,165,26,9,M110000000001000000000001100001111100101000101011
17307,165,27,28,M110000000001000000000001100001111100101000101011
17308,165,28,26,M110000000001000000000001100001111100101000101011
17309,165,29,2,M110000000001000000000001100001111100101000101011
17310,165,30,30,M110000000001000000000001100001111100101000101011
17311,165,31,11,M110000000001000000000001100001111100101000101011
17312,261,0,24,M111011010100000000000000000101100000000101001111
17313,261,1,11,M111011010100000000000000000101100000000101001111
17314,261,2,8,M111011010100000000000000000101100000000101001111
17315,261,3,29,M111011010100000000000000000101100000000101001111
17316,261,4,4,M111011010100000000000000000101100000000101001111
17317,261,5,16,M111011010100000000000000000101100000000101001111
17318,261,6,21,M111011010100000000000000000101100000000101001111
17319,261,7,18,M111011010100000000000000000101100000000101001111
17320,261,8,22,M111011010100000000000000000101100000000101001111
17321,261,9,3,M111011010100000000000000000101100000000101001111
17322,261,10,7,M111011010100000000000000000101100000000101001111
17323,261,11,27,M111011010100000000000000000101100000000101001111
17324,261,12,13,M111011010100000000000000000101100000000101001111
17325,261,13,17,M111011010100000000000000000101100000000101001111
17326,261,14,10,M111011010100000000000000000101100000000101001111
17327,261,15,0,M111011010100000000000000000101100000000101001111
17328,261,16,5,M111011010100000000000000000101100000000101001111
17329,261,17,14,M111011010100000000000000000101100000000101001111
17330,261,18,28,M111011010100000000000000000101100000000101001111
17331,261,19,2,M111011010100000000000000000101100000000101001111
17332,261,20,26,M111011010100000000000000000101100000000101001111
17333,261,21,23,M111011010100000000000000000101100000000101001111
17334,261,22,31,M111011010100000000000000000101100000000101001111
17335,261,23,9,M111011010100000000000000000101100000000101001111
17336,261,24,20,M111011010100000000000000000101100000000101001111
17337,261,25,6,M111011010100000000000000000101100000000101001111
17338,261,26,1,M111011010100000000000000000101100000000101001111
17339,261,27,25,M111011010100000000000000000101100000000101001111
17340,261,28,15,M111011010100000000000000000101100000000101001111
17341,261,29,30,M111011010100000000000000000101100000000101001111
17342,261,30,12,M111011010100000000000000000101100000000101001111
17343,261,31,19,M111011010100000000000000000101100000000101001111
17344,118,0,8,M100110100011001101100100100100000000000001010001
17345,118,1,14,M100110100011001101100100100100000000000001010001
17346,118,2,25,M100110100011001101100100100100000000000001010001
17347,118,3,10,M100110100011001101100100100100000000000001010001
17348,118,4,9,M100110100011001101100100100100000000000001010001
17349,118,5,16,M100110100011001101100100100100000000000001010001
17350,118,6,1,M100110100011001101100100100100000000000001010001
17351,118,7,28,M100110100011001101100100100100000000000001010001
17352,118,8,15,M100110100011001101100100100100000000000001010001
17353,118,9,0,M100110100011001101100100100100000000000001010001
17354,118,10,24,M100110100011001101100100100100000000000001010001
17355,118,11,4,M100110100011001101100100100100000000000001010001
17356,118,12,29,M100110100011001101100100100100000000000001010001
17357,118,13,21,M100110100011001101100100100100000000000001010001
17358,118,14,2,M100110100011001101100100100100000000000001010001
17359,118,15,27,M100110100011001101100100100100000000000001010001
17360,118,16,13,M100110100011001101100100100100000000000001010001
17361,118,17,19,M100110100011001101100100100100000000000001010001
17362,118,18,7,M100110100011001101100100100100000000000001010001
17363,118,19,6,M100110100011001101100100100100000000000001010001
17364,118,20,12,M100110100011001101100100100100000000000001010001
17365,118,21,26,M100110100011001101100100100100000000000001010001
17366,118,22,30,M100110100011001101100100100100000000000001010001
17367,118,23,18,M100110100011001101100100100100000000000001010001
17368,118,24,11,M100110100011001101100100100100000000000001010001
17369,118,25,20,M100110100011001101100100100100000000000001010001
17370,118,26,17,M100110100011001101100100100100000000000001010001
17371,118,27,3,M100110100011001101100100100100000000000001010001
17372,118,28,5,M100110100011001101100100100100000000000001010001
17373,118,29,23,M100110100011001101100100100100000000000001010001
17374,118,30,22,M100110100011001101100100100100000000000001010001
17375,118,31,31,M100110100011001101100100100100000000000001010001
17376,70,0,21,M100011000100011010100000001000000000110100010111
17377,70,1,1,M100011000100011010100000001000000000110100010111
17378,70,2,30,M100011000100011010100000001000000000110100010111
17379,70,3,16,M100011000100011010100000001000000000110100010111
17380,70,4,11,M100011000100011010100000001000000000110100010111
17381,70,5,13,M100011000100011010100000001000000000110100010111
17382,70,6,8,M100011000100011010100000001000000000110100010111
17383,70,7,14,M100011000100011010100000001000000000110100010111
17384,70,8,19,M100011000100011010100000001000000000110100010111
17385,70,9,4,M100011000100011010100000001000000000110100010111
17386,70,10,31,M100011000100011010100000001000000000110100010111
17387,70,11,3,M100011000100011010100000001000000000110100010111
17388,70,12,10,M100011000100011010100000001000000000110100010111
17389,70,13,27,M100011000100011010100000001000000000110100010111
17390,70,14,18,M100011000100011010100000001000000000110100010111
17391,70,15,22,M100011000100011010100000001000000000110100010111
17392,70,16,25,M100011000100011010100000001000000000110100010111
17393,70,17,28,M100011000100011010100000001000000000110100010111
17394,70,18,0,M100011000100011010100000001000000000110100010111
17395,70,19,29,M100011000100011010100000001000000000110100010111
17396,70,20,12,M100011000100011010100000001000000000110100010111
17397,70,21,7,M100011000100011010100000001000000000110100010111
17398,70,22,9,M100011000100011010100000001000000000110100010111
17399,70,23,23,M100011000100011010100000001000000000110100010111
17400,70,24,15,M100011000100011010100000001000000000110100010111
17401,70,25,20,M100011000100011010100000001000000000110100010111
17402,70,26,6,M100011000100011010100000001000000000110100010111
17403,70,27,26,M100011000100011010100000001000000000110100010111
17404,70,28,5,M100011000100011010100000001000000000110100010111
17405,70,29,17,M100011000100011010100000001000000000110100010111
17406,70,30,24,M100011000100011010100000001000000000110100010111
17407,70,31,2,M100011000100011010100000001000000000110100010111
17408,459,0,11,M011011100100000010000100000001001100000000111110
17409,459,1,31,M011011100100000010000100000001001100000000111110
17410,459,2,15,M011011100100000010000100000001001100000000111110
17411,459,3,23,M011011100100000010000100000001001100000000111110
17412,459,4,28,M011011100100000010000100000001001100000000111110
17413,459,5,10,M011011100100000010000100000001001100000000111110
17414,459,6,2,M011011100100000010000100000001001100000000111110
17415,459,7,30,M011011100100000010000100000001001100000000111110
17416,459,8,8,M011011100100000010000100000001001100000000111110
17417,459,9,9,M011011100100000010000100000001001100000000111110
17418,459,10,29,M011011100100000010000100000001001100000000111110
17419,459,11,4,M011011100100000010000100000001001100000000111110
17420,459,12,18,M011011100100000010000100000001001100000000111110
17421,459,13,24,M011011100100000010000100000001001100000000111110
17422,459,14,25,M011011100100000010000100000001001100000000111110
17423,459,15,3,M011011100100000010000100000001001100000000111110
17424,459,16,22,M011011100100000010000100000001001100000000111110
17425,459,17,21,M011011100100000010000100000001001100000000111110
17426,459,18,17,M011011100100000010000100000001001100000000111110
17427,459,19,1,M011011100100000010000100000001001100000000111110
17428,459,20,13,M011011100100000010000100000001001100000000111110
17429,459,21,26,M011011100100000010000100000001001100000000111110
17430,459,22,14,M011011100100000010000100000001001100000000111110
17431,459,23,6,M011011100100000010000100000001001100000000111110
17432,459,24,16,M011011100100000010000100000001001100000000111110
17433,459,25,12,M011011100100000010000100000001001100000000111110
17434,459,26,0,M011011100100000010000100000001001100000000111110
17435,459,27,20,M011011100100000010000100000001001100000000111110
17436,459,28,7,M011011100100000010000100000001001100000000111110
17437,459,29,5,M011011100100000010000100000001001100000000111110
17438,459,30,27,M011011100100000010000100000001001100000000111110
17439,459,31,19,M011011100100000010000100000001001100000000111110
17472,159,0,27,M010010000100110000101000010000100100000010101111
17473,159,1,24,M010010000100110000101000010000100100000010101111
17474,159,2,12,M010010000100110000101000010000100100000010101111
17475,159,3,25,M010010000100110000101000010000100100000010101111
17476,159,4,30,M010010000100110000101000010000100100000010101111
17477,159,5,23,M010010000100110000101000010000100100000010101111
17478,159,6,11,M010010000100110000101000010000100100000010101111
17479,159,7,26,M010010000100110000101000010000100100000010101111
17480,159,8,28,M010010000100110000101000010000100100000010101111
17481,159,9,14,M010010000100110000101000010000100100000010101111
17482,159,10,1,M010010000100110000101000010000100100000010101111
17483,159,11,18,M010010000100110000101000010000100100000010101111
17484,159,12,22,M010010000100110000101000010000100100000010101111
17485,159,13,4,M010010000100110000101000010000100100000010101111
17486,159,14,6,M010010000100110000101000010000100100000010101111
17487,159,15,21,M010010000100110000101000010000100100000010101111
17488,159,16,15,M010010000100110000101000010000100100000010101111
17489,159,17,13,M010010000100110000101000010000100100000010101111
17490,159,18,0,M010010000100110000101000010000100100000010101111
17491,159,19,7,M010010000100110000101000010000100100000010101111
17492,159,20,10,M010010000100110000101000010000100100000010101111
17493,159,21,19,M010010000100110000101000010000100100000010101111
17494,159,22,16,M010010000100110000101000010000100100000010101111
17495,159,23,5,M010010000100110000101000010000100100000010101111
17496,159,24,2,M010010000100110000101000010000100100000010101111
17497,159,25,3,M010010000100110000101000010000100100000010101111
17498,159,26,8,M010010000100110000101000010000100100000010101111
17499,159,27,29,M010010000100110000101000010000100100000010101111
17500,159,28,17,M010010000100110000101000010000100100000010101111
17501,159,29,31,M010010000100110000101000010000100100000010101111
17502,159,30,9,M010010000100110000101000010000100100000010101111
17503,159,31,20,M010010000100110000101000010000100100000010101111
17536,457,0,12,M010101010011000000000100001100000000100001011111
17537,457,1,10,M010101010011000000000100001100000000100001011111
17538,457,2,24,M010101010011000000000100001100000000100001011111
17539,457,3,22,M010101010011000000000100001100000000100001011111
17540,457,4,2,M010101010011000000000100001100000000100001011111
17541,457,5,7,M010101010011000000000100001100000000100001011111
17542,457,6,1,M010101010011000000000100001100000000100001011111
17543,457,7,23,M010101010011000000000100001100000000100001011111
17544,457,8,11,M010101010011000000000100001100000000100001011111
17545,457,9,14,M010101010011000000000100001100000000100001011111
17546,457,10,20,M010101010011000000000100001100000000100001011111
17547,457,11,3,M010101010011000000000100001100000000100001011111
17548,457,12,30,M010101010011000000000100001100000000100001011111
17549,457,13,21,M010101010011000000000100001100000000100001011111
17550,457,14,8,M010101010011000000000100001100000000100001011111
17551,457,15,16,M010101010011000000000100001100000000100001011111
17552,457,16,0,M010101010011000000000100001100000000100001011111
17553,457,17,13,M010101010011000000000100001100000000100001011111
17554,457,18,25,M010101010011000000000100001100000000100001011111
17555,457,19,4,M010101010011000000000100001100000000100001011111
17556,457,20,5,M010101010011000000000100001100000000100001011111
17557,457,21,15,M010101010011000000000100001100000000100001011111
17558,457,22,19,M010101010011000000000100001100000000100001011111
17559,457,23,6,M010101010011000000000100001100000000100001011111
17560,457,24,26,M010101010011000000000100001100000000100001011111
17561,457,25,9,M010101010011000000000100001100000000100001011111
17562,457,26,18,M010101010011000000000100001100000000100001011111
17563,457,27,29,M010101010011000000000100001100000000100001011111
17564,457,28,27,M010101010011000000000100001100000000100001011111
17565,457,29,31,M010101010011000000000100001100000000100001011111
17566,457,30,17,M010101010011000000000100001100000000100001011111
17567,457,31,28,M010101010011000000000100001100000000100001011111
17568,357,0,30,M111111000010000000010100000000110000100001100110
17569,357,1,15,M111111000010000000010100000000110000100001100110
17570,357,2,19,M111111000010000000010100000000110000100001100110
17571,357,3,20,M111111000010000000010100000000110000100001100110
17572,357,4,28,M111111000010000000010100000000110000100001100110
17573,357,5,23,M111111000010000000010100000000110000100001100110
17574,357,6,3,M111111000010000000010100000000110000100001100110
17575,357,7,1,M111111000010000000010100000000110000100001100110
17576,357,8,2,M111111000010000000010100000000110000100001100110
17577,357,9,18,M111111000010000000010100000000110000100001100110
17578,357,10,5,M111111000010000000010100000000110000100001100110
17579,357,11,0,M111111000010000000010100000000110000100001100110
17580,357,12,8,M111111000010000000010100000000110000100001100110
17581,357,13,10,M111111000010000000010100000000110000100001100110
17582,357,14,17,M111111000010000000010100000000110000100001100110
17583,357,15,27,M111111000010000000010100000000110000100001100110
17584,357,16,13,M111111000010000000010100000000110000100001100110
17585,357,17,29,M111111000010000000010100000000110000100001100110
17586,357,18,16,M111111000010000000010100000000110000100001100110
17587,357,19,6,M111111000010000000010100000000110000100001100110
17588,357,20,22,M111111000010000000010100000000110000100001100110
17589,357,21,26,M111111000010000000010100000000110000100001100110
17590,357,22,24,M111111000010000000010100000000110000100001100110
17591,357,23,21,M111111000010000000010100000000110000100001100110
17592,357,24,12,M111111000010000000010100000000110000100001100110
17593,357,25,4,M111111000010000000010100000000110000100001100110
17594,357,26,25,M111111000010000000010100000000110000100001100110
17595,357,27,14,M111111000010000000010100000000110000100001100110
17596,357,28,11,M111111000010000000010100000000110000100001100110
17597,357,29,31,M111111000010000000010100000000110000100001100110
17598,357,30,9,M111111000010000000010100000000110000100001100110
17599,357,31,7,M111111000010000000010100000000110000100001100110
17600,104,0,20,M101011000000001000100010000000100001110000101111
17601,104,1,7,M101011000000001000100010000000100001110000101111
17602,104,2,21,M101011000000001000100010000000100001110000101111
17603,104,3,17,M101011000000001000100010000000100001110000101111
17604,104,4,14,M101011000000001000100010000000100001110000101111
17605,104,5,15,M101011000000001000100010000000100001110000101111
17606,104,6,11,M101011000000001000100010000000100001110000101111
17607,104,7,18,M101011000000001000100010000000100001110000101111
17608,104,8,10,M101011000000001000100010000000100001110000101111
17609,104,9,5,M101011000000001000100010000000100001110000101111
17610,104,10,24,M101011000000001000100010000000100001110000101111
17611,104,11,23,M101011000000001000100010000000100001110000101111
17612,104,12,27,M101011000000001000100010000000100001110000101111
17613,104,13,4,M101011000000001000100010000000100001110000101111
17614,104,14,13,M101011000000001000100010000000100001110000101111
17615,104,15,16,M101011000000001000100010000000100001110000101111
17616,104,16,31,M101011000000001000100010000000100001110000101111
17617,104,17,9,M101011000000001000100010000000100001110000101111
17618,104,18,29,M101011000000001000100010000000100001110000101111
17619,104,19,2,M101011000000001000100010000000100001110000101111
17620,104,20,12,M101011000000001000100010000000100001110000101111
17621,104,21,26,M101011000000001000100010000000100001110000101111
17622,104,22,6,M101011000000001000100010000000100001110000101111
17623,104,23,22,M101011000000001000100010000000100001110000101111
17624,104,24,1,M101011000000001000100010000000100001110000101111
17625,104,25,3,M101011000000001000100010000000100001110000101111
17626,104,26,0,M101011000000001000100010000000100001110000101111
17627,104,27,8,M101011000000001000100010000000100001110000101111
17628,104,28,28,M101011000000001000100010000000100001110000101111
17629,104,29,30,M101011000000001000100010000000100001110000101111
17630,104,30,19,M101011000000001000100010000000100001110000101111
17631,104,31,25,M101011000000001000100010000000100001110000101111
17632,40,0,17,M110110000001000010110000010000000001110001010101
17633,40,1,25,M110110000001000010110000010000000001110001010101
17634,40,2,18,M110110000001000010110000010000000001110001010101
17635,40,3,4,M110110000001000010110000010000000001110001010101
17636,40,4,11,M110110000001000010110000010000000001110001010101
17637,40,5,26,M110110000001000010110000010000000001110001010101
17638,40,6,23,M110110000001000010110000010000000001110001010101
17639,40,7,14,M110110000001000010110000010000000001110001010101
17640,40,8,6,M110110000001000010110000010000000001110001010101
17641,40,9,5,M110110000001000010110000010000000001110001010101
17642,40,10,2,M110110000001000010110000010000000001110001010101
17643,40,11,0,M110110000001000010110000010000000001110001010101
17644,40,12,28,M110110000001000010110000010000000001110001010101
17645,40,13,29,M110110000001000010110000010000000001110001010101
17646,40,14,7,M110110000001000010110000010000000001110001010101
17647,40,15,20,M110110000001000010110000010000000001110001010101
17648,40,16,12,M110110000001000010110000010000000001110001010101
17649,40,17,21,M110110000001000010110000010000000001110001010101
17650,40,18,10,M110110000001000010110000010000000001110001010101
17651,40,19,27,M110110000001000010110000010000000001110001010101
17652,40,20,1,M110110000001000010110000010000000001110001010101
17653,40,21,31,M110110000001000010110000010000000001110001010101
17654,40,22,8,M110110000001000010110000010000000001110001010101
17655,40,23,22,M110110000001000010110000010000000001110001010101
17656,40,24,9,M110110000001000010110000010000000001110001010101
17657,40,25,13,M110110000001000010110000010000000001110001010101
17658,40,26,19,M110110000001000010110000010000000001110001010101
17659,40,27,24,M110110000001000010110000010000000001110001010101
17660,40,28,15,M110110000001000010110000010000000001110001010101
17661,40,29,3,M110110000001000010110000010000000001110001010101
17662,40,30,16,M110110000001000010110000010000000001110001010101
17663,40,31,30,M110110000001000010110000010000000001110001010101
17696,492,0,2,M010100011000000000000011000001010011001000111101
17697,492,1,27,M010100011000000000000011000001010011001000111101
17698,492,2,9,M010100011000000000000011000001010011001000111101
17699,492,3,1,M010100011000000000000011000001010011001000111101
17700,492,4,24,M010100011000000000000011000001010011001000111101
17701,492,5,19,M010100011000000000000011000001010011001000111101
17702,492,6,20,M010100011000000000000011000001010011001000111101
17703,492,7,15,M010100011000000000000011000001010011001000111101
17704,492,8,16,M010100011000000000000011000001010011001000111101
17705,492,9,8,M010100011000000000000011000001010011001000111101
17706,492,10,4,M010100011000000000000011000001010011001000111101
17707,492,11,28,M010100011000000000000011000001010011001000111101
17708,492,12,12,M010100011000000000000011000001010011001000111101
17709,492,13,25,M010100011000000000000011000001010011001000111101
17710,492,14,29,M010100011000000000000011000001010011001000111101
17711,492,15,5,M010100011000000000000011000001010011001000111101
17712,492,16,17,M010100011000000000000011000001010011001000111101
17713,492,17,13,M010100011000000000000011000001010011001000111101
17714,492,18,23,M010100011000000000000011000001010011001000111101
17715,492,19,10,M010100011000000000000011000001010011001000111101
17716,492,20,18,M010100011000000000000011000001010011001000111101
17717,492,21,0,M010100011000000000000011000001010011001000111101
17718,492,22,3,M010100011000000000000011000001010011001000111101
17719,492,23,26,M010100011000000000000011000001010011001000111101
17720,492,24,31,M010100011000000000000011000001010011001000111101
17721,492,25,7,M010100011000000000000011000001010011001000111101
17722,492,26,11,M010100011000000000000011000001010011001000111101
17723,492,27,30,M010100011000000000000011000001010011001000111101
17724,492,28,14,M010100011000000000000011000001010011001000111101
17725,492,29,21,M010100011000000000000011000001010011001000111101
17726,492,30,22,M010100011000000000000011000001010011001000111101
17727,492,31,6,M010100011000000000000011000001010011001000111101
17728,389,0,0,M111100000100010001010000000000010001000010111011
17729,389,1,15,M111100000100010001010000000000010001000010111011
17730,389,2,14,M111100000100010001010000000000010001000010111011
17731,389,3,6,M111100000100010001010000000000010001000010111011
17732,389,4,2,M111100000100010001010000000000010001000010111011
17733,389,5,27,M111100000100010001010000000000010001000010111011
17734,389,6,18,M111100000100010001010000000000010001000010111011
17735,389,7,4,M111100000100010001010000000000010001000010111011
17736,389,8,8,M111100000100010001010000000000010001000010111011
17737,389,9,11,M111100000100010001010000000000010001000010111011
17738,389,10,21,M111100000100010001010000000000010001000010111011
17739,389,11,1,M111100000100010001010000000000010001000010111011
17740,389,12,20,M111100000100010001010000000000010001000010111011
17741,389,13,13,M111100000100010001010000000000010001000010111011
17742,389,14,19,M111100000100010001010000000000010001000010111011
17743,389,15,12,M111100000100010001010000000000010001000010111011
17744,389,16,9,M111100000100010001010000000000010001000010111011
17745,389,17,16,M111100000100010001010000000000010001000010111011
17746,389,18,10,M111100000100010001010000000000010001000010111011
17747,389,19,17,M111100000100010001010000000000010001000010111011
17748,389,20,31,M111100000100010001010000000000010001000010111011
17749,389,21,30,M111100000100010001010000000000010001000010111011
17750,389,22,7,M111100000100010001010000000000010001000010111011
17751,389,23,29,M111100000100010001010000000000010001000010111011
17752,389,24,22,M111100000100010001010000000000010001000010111011
17753,389,25,23,M111100000100010001010000000000010001000010111011
17754,389,26,26,M111100000100010001010000000000010001000010111011
17755,389,27,28,M111100000100010001010000000000010001000010111011
17756,389,28,24,M111100000100010001010000000000010001000010111011
17757,389,29,25,M111100000100010001010000000000010001000010111011
17758,389,30,5,M111100000100010001010000000000010001000010111011
17759,389,31,3,M111100000100010001010000000000010001000010111011
17760,276,0,2,M110110000010110000000101000001000001000110101100
17761,276,1,12,M110110000010110000000101000001000001000110101100
17762,276,2,28,M110110000010110000000101000001000001000110101100
17763,276,3,1,M110110000010110000000101000001000001000110101100
17764,276,4,29,M110110000010110000000101000001000001000110101100
17765,276,5,8,M110110000010110000000101000001000001000110101100
17766,276,6,17,M110110000010110000000101000001000001000110101100
17767,276,7,3,M110110000010110000000101000001000001000110101100
17768,276,8,10,M110110000010110000000101000001000001000110101100
17769,276,9,13,M110110000010110000000101000001000001000110101100
17770,276,10,14,M110110000010110000000101000001000001000110101100
17771,276,11,22,M110110000010110000000101000001000001000110101100
17772,276,12,5,M110110000010110000000101000001000001000110101100
17773,276,13,16,M110110000010110000000101000001000001000110101100
17774,276,14,20,M110110000010110000000101000001000001000110101100
17775,276,15,9,M110110000010110000000101000001000001000110101100
17776,276,16,24,M110110000010110000000101000001000001000110101100
17777,276,17,18,M110110000010110000000101000001000001000110101100
17778,276,18,7,M110110000010110000000101000001000001000110101100
17779,276,19,6,M110110000010110000000101000001000001000110101100
17780,276,20,30,M110110000010110000000101000001000001000110101100
17781,276,21,31,M110110000010110000000101000001000001000110101100
17782,276,22,4,M110110000010110000000101000001000001000110101100
17783,276,23,21,M110110000010110000000101000001000001000110101100
17784,276,24,26,M110110000010110000000101000001000001000110101100
17785,276,25,19,M110110000010110000000101000001000001000110101100
17786,276,26,11,M110110000010110000000101000001000001000110101100
17787,276,27,15,M110110000010110000000101000001000001000110101100
17788,276,28,27,M110110000010110000000101000001000001000110101100
17789,276,29,0,M110110000010110000000101000001000001000110101100
17790,276,30,25,M110110000010110000000101000001000001000110101100
17791,276,31,23,M110110000010110000000101000001000001000110101100
17792,472,0,16,M101110000010100100100000101000110010101000100000
17793,472,1,4,M101110000010100100100000101000110010101000100000
17794,472,2,0,M101110000010100100100000101000110010101000100000
17795,472,3,11,M101110000010100100100000101000110010101000100000
17796,472,4,23,M101110000010100100100000101000110010101000100000
17797,472,5,5,M101110000010100100100000101000110010101000100000
17798,472,6,3,M101110000010100100100000101000110010101000100000
17799,472,7,20,M101110000010100100100000101000110010101000100000
17800,472,8,15,M101110000010100100100000101000110010101000100000
17801,472,9,24,M101110000010100100100000101000110010101000100000
17802,472,10,13,M101110000010100100100000101000110010101000100000
17803,472,11,28,M101110000010100100100000101000110010101000100000
17804,472,12,12,M101110000010100100100000101000110010101000100000
17805,472,13,6,M101110000010100100100000101000110010101000100000
17806,472,14,27,M101110000010100100100000101000110010101000100000
17807,472,15,19,M101110000010100100100000101000110010101000100000
17808,472,16,26,M101110000010100100100000101000110010101000100000
17809,472,17,1,M101110000010100100100000101000110010101000100000
17810,472,18,18,M101110000010100100100000101000110010101000100000
17811,472,19,2,M101110000010100100100000101000110010101000100000
17812,472,20,7,M101110000010100100100000101000110010101000100000
17813,472,21,8,M101110000010100100100000101000110010101000100000
17814,472,22,30,M101110000010100100100000101000110010101000100000
17815,472,23,31,M101110000010100100100000101000110010101000100000
17816,472,24,9,M101110000010100100100000101000110010101000100000
17817,472,25,25,M101110000010100100100000101000110010101000100000
17818,472,26,10,M101110000010100100100000101000110010101000100000
17819,472,27,17,M101110000010100100100000101000110010101000100000
17820,472,28,21,M101110000010100100100000101000110010101000100000
17821,472,29,29,M101110000010100100100000101000110010101000100000
17822,472,30,22,M101110000010100100100000101000110010101000100000
17823,472,31,14,M101110000010100100100000101000110010101000100000
17824,473,0,2,M011110001010100010010000000100000100010000001111
17825,473,1,27,M011110001010100010010000000100000100010000001111
17826,473,2,6,M011110001010100010010000000100000100010000001111
17827,473,3,7,M011110001010100010010000000100000100010000001111
17828,473,4,8,M011110001010100010010000000100000100010000001111
17829,473,5,10,M011110001010100010010000000100000100010000001111
17830,473,6,4,M011110001010100010010000000100000100010000001111
17831,473,7,19,M011110001010100010010000000100000100010000001111
17832,473,8,24,M011110001010100010010000000100000100010000001111
17833,473,9,31,M011110001010100010010000000100000100010000001111
17834,473,10,30,M011110001010100010010000000100000100010000001111
17835,473,11,18,M011110001010100010010000000100000100010000001111
17836,473,12,9,M011110001010100010010000000100000100010000001111
17837,473,13,3,M011110001010100010010000000100000100010000001111
17838,473,14,26,M011110001010100010010000000100000100010000001111
17839,473,15,22,M011110001010100010010000000100000100010000001111
17840,473,16,5,M011110001010100010010000000100000100010000001111
17841,473,17,14,M011110001010100010010000000100000100010000001111
17842,473,18,21,M011110001010100010010000000100000100010000001111
17843,473,19,17,M011110001010100010010000000100000100010000001111
17844,473,20,23,M011110001010100010010000000100000100010000001111
17845,473,21,20,M011110001010100010010000000100000100010000001111
17846,473,22,16,M011110001010100010010000000100000100010000001111
17847,473,23,11,M011110001010100010010000000100000100010000001111
17848,473,24,25,M011110001010100010010000000100000100010000001111
17849,473,25,29,M011110001010100010010000000100000100010000001111
17850,473,26,1,M011110001010100010010000000100000100010000001111
17851,473,27,15,M011110001010100010010000000100000100010000001111
17852,473,28,0,M011110001010100010010000000100000100010000001111
17853,473,29,12,M011110001010100010010000000100000100010000001111
17854,473,30,28,M011110001010100010010000000100000100010000001111
17855,473,31,13,M011110001010100010010000000100000100010000001111
17888,553,0,31,M111010001010101000000100000000011011011000001000
17889,553,1,26,M111010001010101000000100000000011011011000001000
17890,553,2,19,M111010001010101000000100000000011011011000001000
17891,553,3,2,M111010001010101000000100000000011011011000001000
17892,553,4,22,M111010001010101000000100000000011011011000001000
17893,553,5,12,M111010001010101000000100000000011011011000001000
17894,553,6,10,M111010001010101000000100000000011011011000001000
17895,553,7,8,M111010001010101000000100000000011011011000001000
17896,553,8,9,M111010001010101000000100000000011011011000001000
17897,553,9,21,M111010001010101000000100000000011011011000001000
17898,553,10,23,M111010001010101000000100000000011011011000001000
17899,553,11,29,M111010001010101000000100000000011011011000001000
17900,553,12,16,M111010001010101000000100000000011011011000001000
17901,553,13,15,M111010001010101000000100000000011011011000001000
17902,553,14,27,M111010001010101000000100000000011011011000001000
17903,553,15,28,M111010001010101000000100000000011011011000001000
17904,553,16,11,M111010001010101000000100000000011011011000001000
17905,553,17,3,M111010001010101000000100000000011011011000001000
17906,553,18,7,M111010001010101000000100000000011011011000001000
17907,553,19,25,M111010001010101000000100000000011011011000001000
17908,553,20,14,M111010001010101000000100000000011011011000001000
17909,553,21,24,M111010001010101000000100000000011011011000001000
17910,553,22,1,M111010001010101000000100000000011011011000001000
17911,553,23,6,M111010001010101000000100000000011011011000001000
17912,553,24,18,M111010001010101000000100000000011011011000001000
17913,553,25,20,M111010001010101000000100000000011011011000001000
17914,553,26,13,M111010001010101000000100000000011011011000001000
17915,553,27,30,M111010001010101000000100000000011011011000001000
17916,553,28,4,M111010001010101000000100000000011011011000001000
17917,553,29,5,M111010001010101000000100000000011011011000001000
17918,553,30,0,M111010001010101000000100000000011011011000001000
17919,553,31,17,M111010001010101000000100000000011011011000001000
17920,469,0,29,M101011111000000000001110000010000000001000011011
17921,469,1,30,M101011111000000000001110000010000000001000011011
17922,469,2,5,M101011111000000000001110000010000000001000011011
17923,469,3,17,M101011111000000000001110000010000000001000011011
17924,469,4,16,M101011111000000000001110000010000000001000011011
17925,469,5,24,M101011111000000000001110000010000000001000011011
17926,469,6,22,M101011111000000000001110000010000000001000011011
17927,469,7,21,M101011111000000000001110000010000000001000011011
17928,469,8,19,M101011111000000000001110000010000000001000011011
17929,469,9,25,M101011111000000000001110000010000000001000011011
17930,469,10,31,M101011111000000000001110000010000000001000011011
17931,469,11,13,M101011111000000000001110000010000000001000011011
17932,469,12,6,M101011111000000000001110000010000000001000011011
17933,469,13,27,M101011111000000000001110000010000000001000011011
17934,469,14,10,M101011111000000000001110000010000000001000011011
17935,469,15,12,M101011111000000000001110000010000000001000011011
17936,469,16,14,M101011111000000000001110000010000000001000011011
17937,469,17,8,M101011111000000000001110000010000000001000011011
17938,469,18,15,M101011111000000000001110000010000000001000011011
17939,469,19,26,M101011111000000000001110000010000000001000011011
17940,469,20,28,M101011111000000000001110000010000000001000011011
17941,469,21,1,M101011111000000000001110000010000000001000011011
17942,469,22,4,M101011111000000000001110000010000000001000011011
17943,469,23,23,M101011111000000000001110000010000000001000011011
17944,469,24,3,M101011111000000000001110000010000000001000011011
17945,469,25,2,M101011111000000000001110000010000000001000011011
17946,469,26,9,M101011111000000000001110000010000000001000011011
17947,469,27,18,M101011111000000000001110000010000000001000011011
17948,469,28,11,M101011111000000000001110000010000000001000011011
17949,469,29,7,M101011111000000000001110000010000000001000011011
17950,469,30,0,M101011111000000000001110000010000000001000011011
17951,469,31,20,M101011111000000000001110000010000000001000011011
17952,560,0,8,M001101011000000010111001000000010001000000111001
17953,560,1,22,M001101011000000010111001000000010001000000111001
17954,560,2,24,M001101011000000010111001000000010001000000111001
17955,560,3,3,M001101011000000010111001000000010001000000111001
17956,560,4,0,M001101011000000010111001000000010001000000111001
17957,560,5,2,M001101011000000010111001000000010001000000111001
17958,560,6,10,M001101011000000010111001000000010001000000111001
17959,560,7,1,M001101011000000010111001000000010001000000111001
17960,560,8,16,M001101011000000010111001000000010001000000111001
17961,560,9,30,M001101011000000010111001000000010001000000111001
17962,560,10,6,M001101011000000010111001000000010001000000111001
17963,560,11,4,M001101011000000010111001000000010001000000111001
17964,560,12,11,M001101011000000010111001000000010001000000111001
17965,560,13,23,M001101011000000010111001000000010001000000111001
17966,560,14,19,M001101011000000010111001000000010001000000111001
17967,560,15,18,M001101011000000010111001000000010001000000111001
17968,560,16,28,M001101011000000010111001000000010001000000111001
17969,560,17,13,M001101011000000010111001000000010001000000111001
17970,560,18,26,M001101011000000010111001000000010001000000111001
17971,560,19,29,M001101011000000010111001000000010001000000111001
17972,560,20,27,M001101011000000010111001000000010001000000111001
17973,560,21,12,M001101011000000010111001000000010001000000111001
17974,560,22,15,M001101011000000010111001000000010001000000111001
17975,560,23,9,M001101011000000010111001000000010001000000111001
17976,560,24,17,M001101011000000010111001000000010001000000111001
17977,560,25,25,M001101011000000010111001000000010001000000111001
17978,560,26,31,M001101011000000010111001000000010001000000111001
17979,560,27,14,M001101011000000010111001000000010001000000111001
17980,560,28,21,M001101011000000010111001000000010001000000111001
17981,560,29,20,M001101011000000010111001000000010001000000111001
17982,560,30,5,M001101011000000010111001000000010001000000111001
17983,560,31,7,M001101011000000010111001000000010001000000111001
17984,283,0,3,M001111000011000000000001000001000101000001110111
17985,283,1,4,M001111000011000000000001000001000101000001110111
17986,283,2,10,M001111000011000000000001000001000101000001110111
17987,283,3,23,M001111000011000000000001000001000101000001110111
17988,283,4,13,M001111000011000000000001000001000101000001110111
17989,283,5,27,M001111000011000000000001000001000101000001110111
17990,283,6,24,M001111000011000000000001000001000101000001110111
17991,283,7,11,M001111000011000000000001000001000101000001110111
17992,283,8,8,M001111000011000000000001000001000101000001110111
17993,283,9,19,M001111000011000000000001000001000101000001110111
17994,283,10,20,M001111000011000000000001000001000101000001110111
17995,283,11,30,M001111000011000000000001000001000101000001110111
17996,283,12,0,M001111000011000000000001000001000101000001110111
17997,283,13,2,M001111000011000000000001000001000101000001110111
17998,283,14,16,M001111000011000000000001000001000101000001110111
17999,283,15,17,M001111000011000000000001000001000101000001110111
18000,283,16,28,M001111000011000000000001000001000101000001110111
18001,283,17,12,M001111000011000000000001000001000101000001110111
18002,283,18,5,M001111000011000000000001000001000101000001110111
18003,283,19,21,M001111000011000000000001000001000101000001110111
18004,283,20,1,M001111000011000000000001000001000101000001110111
18005,283,21,25,M001111000011000000000001000001000101000001110111
18006,283,22,22,M001111000011000000000001000001000101000001110111
18007,283,23,18,M001111000011000000000001000001000101000001110111
18008,283,24,31,M001111000011000000000001000001000101000001110111
18009,283,25,7,M001111000011000000000001000001000101000001110111
18010,283,26,29,M001111000011000000000001000001000101000001110111
18011,283,27,26,M001111000011000000000001000001000101000001110111
18012,283,28,9,M001111000011000000000001000001000101000001110111
18013,283,29,15,M001111000011000000000001000001000101000001110111
18014,283,30,14,M001111000011000000000001000001000101000001110111
18015,283,31,6,M001111000011000000000001000001000101000001110111
18016,502,0,2,M110101010100000000000000100010001000001100110111
18017,502,1,11,M110101010100000000000000100010001000001100110111
18018,502,2,12,M110101010100000000000000100010001000001100110111
18019,502,3,7,M110101010100000000000000100010001000001100110111
18020,502,4,28,M110101010100000000000000100010001000001100110111
18021,502,5,0,M110101010100000000000000100010001000001100110111
18022,502,6,17,M110101010100000000000000100010001000001100110111
18023,502,7,13,M110101010100000000000000100010001000001100110111
18024,502,8,9,M110101010100000000000000100010001000001100110111
18025,502,9,19,M110101010100000000000000100010001000001100110111
18026,502,10,5,M110101010100000000000000100010001000001100110111
18027,502,11,27,M110101010100000000000000100010001000001100110111
18028,502,12,30,M110101010100000000000000100010001000001100110111
18029,502,13,18,M110101010100000000000000100010001000001100110111
18030,502,14,14,M110101010100000000000000100010001000001100110111
18031,502,15,24,M110101010100000000000000100010001000001100110111
18032,502,16,23,M110101010100000000000000100010001000001100110111
18033,502,17,31,M110101010100000000000000100010001000001100110111
18034,502,18,1,M110101010100000000000000100010001000001100110111
18035,502,19,10,M110101010100000000000000100010001000001100110111
18036,502,20,4,M110101010100000000000000100010001000001100110111
18037,502,21,6,M110101010100000000000000100010001000001100110111
18038,502,22,8,M110101010100000000000000100010001000001100110111
18039,502,23,20,M110101010100000000000000100010001000001100110111
18040,502,24,16,M110101010100000000000000100010001000001100110111
18041,502,25,15,M110101010100000000000000100010001000001100110111
18042,502,26,22,M110101010100000000000000100010001000001100110111
18043,502,27,21,M110101010100000000000000100010001000001100110111
18044,502,28,26,M110101010100000000000000100010001000001100110111
18045,502,29,29,M110101010100000000000000100010001000001100110111
18046,502,30,25,M110101010100000000000000100010001000001100110111
18047,502,31,3,M110101010100000000000000100010001000001100110111
18048,304,0,9,M111110010000010010000000001010000001000011001111
18049,304,1,10,M111110010000010010000000001010000001000011001111
18050,304,2,0,M111110010000010010000000001010000001000011001111
18051,304,3,1,M111110010000010010000000001010000001000011001111
18052,304,4,30,M111110010000010010000000001010000001000011001111
18053,304,5,16,M111110010000010010000000001010000001000011001111
18054,304,6,2,M111110010000010010000000001010000001000011001111
18055,304,7,29,M111110010000010010000000001010000001000011001111
18056,304,8,3,M111110010000010010000000001010000001000011001111
18057,304,9,4,M111110010000010010000000001010000001000011001111
18058,304,10,23,M111110010000010010000000001010000001000011001111
18059,304,11,14,M111110010000010010000000001010000001000011001111
18060,304,12,7,M111110010000010010000000001010000001000011001111
18061,304,13,5,M111110010000010010000000001010000001000011001111
18062,304,14,31,M111110010000010010000000001010000001000011001111
18063,304,15,25,M111110010000010010000000001010000001000011001111
18064,304,16,18,M111110010000010010000000001010000001000011001111
18065,304,17,24,M111110010000010010000000001010000001000011001111
18066,304,18,11,M111110010000010010000000001010000001000011001111
18067,304,19,19,M111110010000010010000000001010000001000011001111
18068,304,20,13,M111110010000010010000000001010000001000011001111
18069,304,21,28,M111110010000010010000000001010000001000011001111
18070,304,22,17,M111110010000010010000000001010000001000011001111
18071,304,23,12,M111110010000010010000000001010000001000011001111
18072,304,24,27,M111110010000010010000000001010000001000011001111
18073,304,25,15,M111110010000010010000000001010000001000011001111
18074,304,26,26,M111110010000010010000000001010000001000011001111
18075,304,27,22,M111110010000010010000000001010000001000011001111
18076,304,28,20,M111110010000010010000000001010000001000011001111
18077,304,29,21,M111110010000010010000000001010000001000011001111
18078,304,30,6,M111110010000010010000000001010000001000011001111
18079,304,31,8,M111110010000010010000000001010000001000011001111
18080,499,0,22,M011101000100000100001010001000110000010101011000
18081,499,1,6,M011101000100000100001010001000110000010101011000
18082,499,2,31,M011101000100000100001010001000110000010101011000
18083,499,3,14,M011101000100000100001010001000110000010101011000
18084,499,4,2,M011101000100000100001010001000110000010101011000
18085,499,5,7,M011101000100000100001010001000110000010101011000
18086,499,6,17,M011101000100000100001010001000110000010101011000
18087,499,7,29,M011101000100000100001010001000110000010101011000
18088,499,8,1,M011101000100000100001010001000110000010101011000
18089,499,9,0,M011101000100000100001010001000110000010101011000
18090,499,10,11,M011101000100000100001010001000110000010101011000
18091,499,11,4,M011101000100000100001010001000110000010101011000
18092,499,12,19,M011101000100000100001010001000110000010101011000
18093,499,13,12,M011101000100000100001010001000110000010101011000
18094,499,14,28,M011101000100000100001010001000110000010101011000
18095,499,15,23,M011101000100000100001010001000110000010101011000
18096,499,16,24,M011101000100000100001010001000110000010101011000
18097,499,17,5,M011101000100000100001010001000110000010101011000
18098,499,18,20,M011101000100000100001010001000110000010101011000
18099,499,19,13,M011101000100000100001010001000110000010101011000
18100,499,20,26,M011101000100000100001010001000110000010101011000
18101,499,21,25,M011101000100000100001010001000110000010101011000
18102,499,22,21,M011101000100000100001010001000110000010101011000
18103,499,23,8,M011101000100000100001010001000110000010101011000
18104,499,24,9,M011101000100000100001010001000110000010101011000
18105,499,25,16,M011101000100000100001010001000110000010101011000
18106,499,26,30,M011101000100000100001010001000110000010101011000
18107,499,27,3,M011101000100000100001010001000110000010101011000
18108,499,28,27,M011101000100000100001010001000110000010101011000
18109,499,29,10,M011101000100000100001010001000110000010101011000
18110,499,30,15,M011101000100000100001010001000110000010101011000
18111,499,31,18,M011101000100000100001010001000110000010101011000
18112,367,0,13,M110011010000110000000010000010000010001000110111
18113,367,1,18,M110011010000110000000010000010000010001000110111
18114,367,2,12,M110011010000110000000010000010000010001000110111
18115,367,3,29,M110011010000110000000010000010000010001000110111
18116,367,4,1,M110011010000110000000010000010000010001000110111
18117,367,5,23,M110011010000110000000010000010000010001000110111
18118,367,6,20,M110011010000110000000010000010000010001000110111
18119,367,7,10,M110011010000110000000010000010000010001000110111
18120,367,8,28,M110011010000110000000010000010000010001000110111
18121,367,9,4,M110011010000110000000010000010000010001000110111
18122,367,10,21,M110011010000110000000010000010000010001000110111
18123,367,11,19,M110011010000110000000010000010000010001000110111
18124,367,12,25,M110011010000110000000010000010000010001000110111
18125,367,13,3,M110011010000110000000010000010000010001000110111
18126,367,14,30,M110011010000110000000010000010000010001000110111
18127,367,15,2,M110011010000110000000010000010000010001000110111
18128,367,16,9,M110011010000110000000010000010000010001000110111
18129,367,17,14,M110011010000110000000010000010000010001000110111
18130,367,18,5,M110011010000110000000010000010000010001000110111
18131,367,19,15,M110011010000110000000010000010000010001000110111
18132,367,20,17,M110011010000110000000010000010000010001000110111
18133,367,21,7,M110011010000110000000010000010000010001000110111
18134,367,22,26,M110011010000110000000010000010000010001000110111
18135,367,23,0,M110011010000110000000010000010000010001000110111
18136,367,24,6,M110011010000110000000010000010000010001000110111
18137,367,25,8,M110011010000110000000010000010000010001000110111
18138,367,26,11,M110011010000110000000010000010000010001000110111
18139,367,27,27,M110011010000110000000010000010000010001000110111
18140,367,28,22,M110011010000110000000010000010000010001000110111
18141,367,29,31,M110011010000110000000010000010000010001000110111
18142,367,30,16,M110011010000110000000010000010000010001000110111
18143,367,31,24,M110011010000110000000010000010000010001000110111
18144,432,0,4,M001001100000000010001110010100000100011100001110
18145,432,1,31,M001001100000000010001110010100000100011100001110
18146,432,2,16,M001001100000000010001110010100000100011100001110
18147,432,3,30,M001001100000000010001110010100000100011100001110
18148,432,4,9,M001001100000000010001110010100000100011100001110
18149,432,5,20,M001001100000000010001110010100000100011100001110
18150,432,6,12,M001001100000000010001110010100000100011100001110
18151,432,7,26,M001001100000000010001110010100000100011100001110
18152,432,8,13,M001001100000000010001110010100000100011100001110
18153,432,9,27,M001001100000000010001110010100000100011100001110
18154,432,10,18,M001001100000000010001110010100000100011100001110
18155,432,11,5,M001001100000000010001110010100000100011100001110
18156,432,12,29,M001001100000000010001110010100000100011100001110
18157,432,13,28,M001001100000000010001110010100000100011100001110
18158,432,14,2,M001001100000000010001110010100000100011100001110
18159,432,15,21,M001001100000000010001110010100000100011100001110
18160,432,16,24,M001001100000000010001110010100000100011100001110
18161,432,17,22,M001001100000000010001110010100000100011100001110
18162,432,18,25,M001001100000000010001110010100000100011100001110
18163,432,19,7,M001001100000000010001110010100000100011100001110
18164,432,20,11,M001001100000000010001110010100000100011100001110
18165,432,21,19,M001001100000000010001110010100000100011100001110
18166,432,22,8,M001001100000000010001110010100000100011100001110
18167,432,23,23,M001001100000000010001110010100000100011100001110
18168,432,24,1,M001001100000000010001110010100000100011100001110
18169,432,25,10,M001001100000000010001110010100000100011100001110
18170,432,26,17,M001001100000000010001110010100000100011100001110
18171,432,27,15,M001001100000000010001110010100000100011100001110
18172,432,28,14,M001001100000000010001110010100000100011100001110
18173,432,29,6,M001001100000000010001110010100000100011100001110
18174,432,30,0,M001001100000000010001110010100000100011100001110
18175,432,31,3,M001001100000000010001110010100000100011100001110
18240,340,0,2,M010100010010000000000111000110001000011100110001
18241,340,1,9,M010100010010000000000111000110001000011100110001
18242,340,2,31,M010100010010000000000111000110001000011100110001
18243,340,3,7,M010100010010000000000111000110001000011100110001
18244,340,4,29,M010100010010000000000111000110001000011100110001
18245,340,5,4,M010100010010000000000111000110001000011100110001
18246,340,6,24,M010100010010000000000111000110001000011100110001
18247,340,7,27,M010100010010000000000111000110001000011100110001
18248,340,8,12,M010100010010000000000111000110001000011100110001
18249,340,9,13,M010100010010000000000111000110001000011100110001
18250,340,10,0,M010100010010000000000111000110001000011100110001
18251,340,11,11,M010100010010000000000111000110001000011100110001
18252,340,12,25,M010100010010000000000111000110001000011100110001
18253,340,13,8,M010100010010000000000111000110001000011100110001
18254,340,14,3,M010100010010000000000111000110001000011100110001
18255,340,15,19,M010100010010000000000111000110001000011100110001
18256,340,16,26,M010100010010000000000111000110001000011100110001
18257,340,17,14,M010100010010000000000111000110001000011100110001
18258,340,18,6,M010100010010000000000111000110001000011100110001
18259,340,19,18,M010100010010000000000111000110001000011100110001
18260,340,20,10,M010100010010000000000111000110001000011100110001
18261,340,21,28,M010100010010000000000111000110001000011100110001
18262,340,22,22,M010100010010000000000111000110001000011100110001
18263,340,23,23,M010100010010000000000111000110001000011100110001
18264,340,24,16,M010100010010000000000111000110001000011100110001
18265,340,25,5,M010100010010000000000111000110001000011100110001
18266,340,26,17,M010100010010000000000111000110001000011100110001
18267,340,27,30,M010100010010000000000111000110001000011100110001
18268,340,28,15,M010100010010000000000111000110001000011100110001
18269,340,29,20,M010100010010000000000111000110001000011100110001
18270,340,30,21,M010100010010000000000111000110001000011100110001
18271,340,31,1,M010100010010000000000111000110001000011100110001
18272,87,0,17,M110001100000000100010011000001000101010000110011
18273,87,1,31,M110001100000000100010011000001000101010000110011
18274,87,2,2,M110001100000000100010011000001000101010000110011
18275,87,3,3,M110001100000000100010011000001000101010000110011
18276,87,4,24,M110001100000000100010011000001000101010000110011
18277,87,5,27,M110001100000000100010011000001000101010000110011
18278,87,6,4,M110001100000000100010011000001000101010000110011
18279,87,7,22,M110001100000000100010011000001000101010000110011
18280,87,8,7,M110001100000000100010011000001000101010000110011
18281,87,9,16,M110001100000000100010011000001000101010000110011
18282,87,10,15,M110001100000000100010011000001000101010000110011
18283,87,11,20,M110001100000000100010011000001000101010000110011
18284,87,12,11,M110001100000000100010011000001000101010000110011
18285,87,13,21,M110001100000000100010011000001000101010000110011
18286,87,14,1,M110001100000000100010011000001000101010000110011
18287,87,15,19,M110001100000000100010011000001000101010000110011
18288,87,16,26,M110001100000000100010011000001000101010000110011
18289,87,17,18,M110001100000000100010011000001000101010000110011
18290,87,18,30,M110001100000000100010011000001000101010000110011
18291,87,19,14,M110001100000000100010011000001000101010000110011
18292,87,20,9,M110001100000000100010011000001000101010000110011
18293,87,21,10,M110001100000000100010011000001000101010000110011
18294,87,22,0,M110001100000000100010011000001000101010000110011
18295,87,23,12,M110001100000000100010011000001000101010000110011
18296,87,24,8,M110001100000000100010011000001000101010000110011
18297,87,25,5,M110001100000000100010011000001000101010000110011
18298,87,26,28,M110001100000000100010011000001000101010000110011
18299,87,27,25,M110001100000000100010011000001000101010000110011
18300,87,28,6,M110001100000000100010011000001000101010000110011
18301,87,29,23,M110001100000000100010011000001000101010000110011
18302,87,30,29,M110001100000000100010011000001000101010000110011
18303,87,31,13,M110001100000000100010011000001000101010000110011
18304,216,0,13,M111001100101011000010000000001000000100000111100
18305,216,1,1,M111001100101011000010000000001000000100000111100
18306,216,2,31,M111001100101011000010000000001000000100000111100
18307,216,3,2,M111001100101011000010000000001000000100000111100
18308,216,4,0,M111001100101011000010000000001000000100000111100
18309,216,5,22,M111001100101011000010000000001000000100000111100
18310,216,6,3,M111001100101011000010000000001000000100000111100
18311,216,7,12,M111001100101011000010000000001000000100000111100
18312,216,8,19,M111001100101011000010000000001000000100000111100
18313,216,9,5,M111001100101011000010000000001000000100000111100
18314,216,10,25,M111001100101011000010000000001000000100000111100
18315,216,11,20,M111001100101011000010000000001000000100000111100
18316,216,12,30,M111001100101011000010000000001000000100000111100
18317,216,13,17,M111001100101011000010000000001000000100000111100
18318,216,14,18,M111001100101011000010000000001000000100000111100
18319,216,15,28,M111001100101011000010000000001000000100000111100
18320,216,16,29,M111001100101011000010000000001000000100000111100
18321,216,17,23,M111001100101011000010000000001000000100000111100
18322,216,18,11,M111001100101011000010000000001000000100000111100
18323,216,19,16,M111001100101011000010000000001000000100000111100
18324,216,20,6,M111001100101011000010000000001000000100000111100
18325,216,21,21,M111001100101011000010000000001000000100000111100
18326,216,22,7,M111001100101011000010000000001000000100000111100
18327,216,23,10,M111001100101011000010000000001000000100000111100
18328,216,24,15,M111001100101011000010000000001000000100000111100
18329,216,25,9,M111001100101011000010000000001000000100000111100
18330,216,26,26,M111001100101011000010000000001000000100000111100
18331,216,27,27,M111001100101011000010000000001000000100000111100
18332,216,28,14,M111001100101011000010000000001000000100000111100
18333,216,29,8,M111001100101011000010000000001000000100000111100
18334,216,30,24,M111001100101011000010000000001000000100000111100
18335,216,31,4,M111001100101011000010000000001000000100000111100
18336,538,0,30,M010010000010110011000100010100000010010010100101
18337,538,1,22,M010010000010110011000100010100000010010010100101
18338,538,2,17,M010010000010110011000100010100000010010010100101
18339,538,3,24,M010010000010110011000100010100000010010010100101
18340,538,4,1,M010010000010110011000100010100000010010010100101
18341,538,5,31,M010010000010110011000100010100000010010010100101
18342,538,6,29,M010010000010110011000100010100000010010010100101
18343,538,7,21,M010010000010110011000100010100000010010010100101
18344,538,8,23,M010010000010110011000100010100000010010010100101
18345,538,9,20,M010010000010110011000100010100000010010010100101
18346,538,10,14,M010010000010110011000100010100000010010010100101
18347,538,11,7,M010010000010110011000100010100000010010010100101
18348,538,12,26,M010010000010110011000100010100000010010010100101
18349,538,13,27,M010010000010110011000100010100000010010010100101
18350,538,14,6,M010010000010110011000100010100000010010010100101
18351,538,15,28,M010010000010110011000100010100000010010010100101
18352,538,16,5,M010010000010110011000100010100000010010010100101
18353,538,17,0,M010010000010110011000100010100000010010010100101
18354,538,18,16,M010010000010110011000100010100000010010010100101
18355,538,19,13,M010010000010110011000100010100000010010010100101
18356,538,20,25,M010010000010110011000100010100000010010010100101
18357,538,21,11,M010010000010110011000100010100000010010010100101
18358,538,22,4,M010010000010110011000100010100000010010010100101
18359,538,23,3,M010010000010110011000100010100000010010010100101
18360,538,24,18,M010010000010110011000100010100000010010010100101
18361,538,25,19,M010010000010110011000100010100000010010010100101
18362,538,26,15,M010010000010110011000100010100000010010010100101
18363,538,27,9,M010010000010110011000100010100000010010010100101
18364,538,28,2,M010010000010110011000100010100000010010010100101
18365,538,29,8,M010010000010110011000100010100000010010010100101
18366,538,30,10,M010010000010110011000100010100000010010010100101
18367,538,31,12,M010010000010110011000100010100000010010010100101
18368,210,0,20,M001111111000100100100000010010000000000010100110
18369,210,1,16,M001111111000100100100000010010000000000010100110
18370,210,2,7,M001111111000100100100000010010000000000010100110
18371,210,3,10,M001111111000100100100000010010000000000010100110
18372,210,4,2,M001111111000100100100000010010000000000010100110
18373,210,5,11,M001111111000100100100000010010000000000010100110
18374,210,6,6,M001111111000100100100000010010000000000010100110
18375,210,7,28,M001111111000100100100000010010000000000010100110
18376,210,8,4,M001111111000100100100000010010000000000010100110
18377,210,9,31,M001111111000100100100000010010000000000010100110
18378,210,10,8,M001111111000100100100000010010000000000010100110
18379,210,11,19,M001111111000100100100000010010000000000010100110
18380,210,12,21,M001111111000100100100000010010000000000010100110
18381,210,13,3,M001111111000100100100000010010000000000010100110
18382,210,14,5,M001111111000100100100000010010000000000010100110
18383,210,15,18,M001111111000100100100000010010000000000010100110
18384,210,16,24,M001111111000100100100000010010000000000010100110
18385,210,17,15,M001111111000100100100000010010000000000010100110
18386,210,18,23,M001111111000100100100000010010000000000010100110
18387,210,19,30,M001111111000100100100000010010000000000010100110
18388,210,20,1,M001111111000100100100000010010000000000010100110
18389,210,21,26,M001111111000100100100000010010000000000010100110
18390,210,22,22,M001111111000100100100000010010000000000010100110
18391,210,23,14,M001111111000100100100000010010000000000010100110
18392,210,24,9,M001111111000100100100000010010000000000010100110
18393,210,25,29,M001111111000100100100000010010000000000010100110
18394,210,26,0,M001111111000100100100000010010000000000010100110
18395,210,27,25,M001111111000100100100000010010000000000010100110
18396,210,28,12,M001111111000100100100000010010000000000010100110
18397,210,29,17,M001111111000100100100000010010000000000010100110
18398,210,30,13,M001111111000100100100000010010000000000010100110
18399,210,31,27,M001111111000100100100000010010000000000010100110
18400,390,0,16,M010101000011010000100001100100000001101000001110
18401,390,1,9,M010101000011010000100001100100000001101000001110
18402,390,2,25,M010101000011010000100001100100000001101000001110
18403,390,3,19,M010101000011010000100001100100000001101000001110
18404,390,4,29,M010101000011010000100001100100000001101000001110
18405,390,5,20,M010101000011010000100001100100000001101000001110
18406,390,6,18,M010101000011010000100001100100000001101000001110
18407,390,7,23,M010101000011010000100001100100000001101000001110
18408,390,8,31,M010101000011010000100001100100000001101000001110
18409,390,9,28,M010101000011010000100001100100000001101000001110
18410,390,10,4,M010101000011010000100001100100000001101000001110
18411,390,11,22,M010101000011010000100001100100000001101000001110
18412,390,12,7,M010101000011010000100001100100000001101000001110
18413,390,13,30,M010101000011010000100001100100000001101000001110
18414,390,14,17,M010101000011010000100001100100000001101000001110
18415,390,15,13,M010101000011010000100001100100000001101000001110
18416,390,16,3,M010101000011010000100001100100000001101000001110
18417,390,17,12,M010101000011010000100001100100000001101000001110
18418,390,18,26,M010101000011010000100001100100000001101000001110
18419,390,19,5,M010101000011010000100001100100000001101000001110
18420,390,20,2,M010101000011010000100001100100000001101000001110
18421,390,21,27,M010101000011010000100001100100000001101000001110
18422,390,22,24,M010101000011010000100001100100000001101000001110
18423,390,23,0,M010101000011010000100001100100000001101000001110
18424,390,24,6,M010101000011010000100001100100000001101000001110
18425,390,25,1,M010101000011010000100001100100000001101000001110
18426,390,26,10,M010101000011010000100001100100000001101000001110
18427,390,27,11,M010101000011010000100001100100000001101000001110
18428,390,28,15,M010101000011010000100001100100000001101000001110
18429,390,29,8,M010101000011010000100001100100000001101000001110
18430,390,30,14,M010101000011010000100001100100000001101000001110
18431,390,31,21,M010101000011010000100001100100000001101000001110
18432,440,0,16,M101000000000000111000101001001000010011001010110
18433,440,1,20,M101000000000000111000101001001000010011001010110
18434,440,2,24,M101000000000000111000101001001000010011001010110
18435,440,3,1,M101000000000000111000101001001000010011001010110
18436,440,4,11,M101000000000000111000101001001000010011001010110
18437,440,5,15,M101000000000000111000101001001000010011001010110
18438,440,6,22,M101000000000000111000101001001000010011001010110
18439,440,7,4,M101000000000000111000101001001000010011001010110
18440,440,8,9,M101000000000000111000101001001000010011001010110
18441,440,9,2,M101000000000000111000101001001000010011001010110
18442,440,10,21,M101000000000000111000101001001000010011001010110
18443,440,11,18,M101000000000000111000101001001000010011001010110
18444,440,12,8,M101000000000000111000101001001000010011001010110
18445,440,13,23,M101000000000000111000101001001000010011001010110
18446,440,14,30,M101000000000000111000101001001000010011001010110
18447,440,15,31,M101000000000000111000101001001000010011001010110
18448,440,16,6,M101000000000000111000101001001000010011001010110
18449,440,17,14,M101000000000000111000101001001000010011001010110
18450,440,18,5,M101000000000000111000101001001000010011001010110
18451,440,19,29,M101000000000000111000101001001000010011001010110
18452,440,20,12,M101000000000000111000101001001000010011001010110
18453,440,21,13,M101000000000000111000101001001000010011001010110
18454,440,22,17,M101000000000000111000101001001000010011001010110
18455,440,23,3,M101000000000000111000101001001000010011001010110
18456,440,24,10,M101000000000000111000101001001000010011001010110
18457,440,25,25,M101000000000000111000101001001000010011001010110
18458,440,26,19,M101000000000000111000101001001000010011001010110
18459,440,27,0,M101000000000000111000101001001000010011001010110
18460,440,28,28,M101000000000000111000101001001000010011001010110
18461,440,29,27,M101000000000000111000101001001000010011001010110
18462,440,30,26,M101000000000000111000101001001000010011001010110
18463,440,31,7,M101000000000000111000101001001000010011001010110
18464,260,0,16,M101111011000000010001001000000000110000011010100
18465,260,1,17,M101111011000000010001001000000000110000011010100
18466,260,2,30,M101111011000000010001001000000000110000011010100
18467,260,3,26,M101111011000000010001001000000000110000011010100
18468,260,4,11,M101111011000000010001001000000000110000011010100
18469,260,5,28,M101111011000000010001001000000000110000011010100
18470,260,6,20,M101111011000000010001001000000000110000011010100
18471,260,7,25,M101111011000000010001001000000000110000011010100
18472,260,8,29,M101111011000000010001001000000000110000011010100
18473,260,9,14,M101111011000000010001001000000000110000011010100
18474,260,10,4,M101111011000000010001001000000000110000011010100
18475,260,11,15,M101111011000000010001001000000000110000011010100
18476,260,12,12,M101111011000000010001001000000000110000011010100
18477,260,13,21,M101111011000000010001001000000000110000011010100
18478,260,14,18,M101111011000000010001001000000000110000011010100
18479,260,15,6,M101111011000000010001001000000000110000011010100
18480,260,16,3,M101111011000000010001001000000000110000011010100
18481,260,17,10,M101111011000000010001001000000000110000011010100
18482,260,18,1,M101111011000000010001001000000000110000011010100
18483,260,19,8,M101111011000000010001001000000000110000011010100
18484,260,20,31,M101111011000000010001001000000000110000011010100
18485,260,21,27,M101111011000000010001001000000000110000011010100
18486,260,22,23,M101111011000000010001001000000000110000011010100
18487,260,23,13,M101111011000000010001001000000000110000011010100
18488,260,24,2,M101111011000000010001001000000000110000011010100
18489,260,25,24,M101111011000000010001001000000000110000011010100
18490,260,26,22,M101111011000000010001001000000000110000011010100
18491,260,27,9,M101111011000000010001001000000000110000011010100
18492,260,28,5,M101111011000000010001001000000000110000011010100
18493,260,29,0,M101111011000000010001001000000000110000011010100
18494,260,30,7,M101111011000000010001001000000000110000011010100
18495,260,31,19,M101111011000000010001001000000000110000011010100
18496,137,0,26,M011100000100001100001010000010100010000010001111
18497,137,1,2,M011100000100001100001010000010100010000010001111
18498,137,2,29,M011100000100001100001010000010100010000010001111
18499,137,3,8,M011100000100001100001010000010100010000010001111
18500,137,4,24,M011100000100001100001010000010100010000010001111
18501,137,5,22,M011100000100001100001010000010100010000010001111
18502,137,6,0,M011100000100001100001010000010100010000010001111
18503,137,7,4,M011100000100001100001010000010100010000010001111
18504,137,8,10,M011100000100001100001010000010100010000010001111
18505,137,9,20,M011100000100001100001010000010100010000010001111
18506,137,10,12,M011100000100001100001010000010100010000010001111
18507,137,11,18,M011100000100001100001010000010100010000010001111
18508,137,12,16,M011100000100001100001010000010100010000010001111
18509,137,13,31,M011100000100001100001010000010100010000010001111
18510,137,14,9,M011100000100001100001010000010100010000010001111
18511,137,15,30,M011100000100001100001010000010100010000010001111
18512,137,16,5,M011100000100001100001010000010100010000010001111
18513,137,17,13,M011100000100001100001010000010100010000010001111
18514,137,18,14,M011100000100001100001010000010100010000010001111
18515,137,19,1,M011100000100001100001010000010100010000010001111
18516,137,20,28,M011100000100001100001010000010100010000010001111
18517,137,21,17,M011100000100001100001010000010100010000010001111
18518,137,22,6,M011100000100001100001010000010100010000010001111
18519,137,23,27,M011100000100001100001010000010100010000010001111
18520,137,24,19,M011100000100001100001010000010100010000010001111
18521,137,25,23,M011100000100001100001010000010100010000010001111
18522,137,26,7,M011100000100001100001010000010100010000010001111
18523,137,27,21,M011100000100001100001010000010100010000010001111
18524,137,28,3,M011100000100001100001010000010100010000010001111
18525,137,29,11,M011100000100001100001010000010100010000010001111
18526,137,30,15,M011100000100001100001010000010100010000010001111
18527,137,31,25,M011100000100001100001010000010100010000010001111
18528,128,0,2,M101111000100000010000000010000110001001000111001
18529,128,1,28,M101111000100000010000000010000110001001000111001
18530,128,2,9,M101111000100000010000000010000110001001000111001
18531,128,3,15,M101111000100000010000000010000110001001000111001
18532,128,4,12,M101111000100000010000000010000110001001000111001
18533,128,5,18,M101111000100000010000000010000110001001000111001
18534,128,6,27,M101111000100000010000000010000110001001000111001
18535,128,7,21,M101111000100000010000000010000110001001000111001
18536,128,8,8,M101111000100000010000000010000110001001000111001
18537,128,9,23,M101111000100000010000000010000110001001000111001
18538,128,10,24,M101111000100000010000000010000110001001000111001
18539,128,11,10,M101111000100000010000000010000110001001000111001
18540,128,12,0,M101111000100000010000000010000110001001000111001
18541,128,13,14,M101111000100000010000000010000110001001000111001
18542,128,14,25,M101111000100000010000000010000110001001000111001
18543,128,15,7,M101111000100000010000000010000110001001000111001
18544,128,16,20,M101111000100000010000000010000110001001000111001
18545,128,17,4,M101111000100000010000000010000110001001000111001
18546,128,18,30,M101111000100000010000000010000110001001000111001
18547,128,19,29,M101111000100000010000000010000110001001000111001
18548,128,20,19,M101111000100000010000000010000110001001000111001
18549,128,21,3,M101111000100000010000000010000110001001000111001
18550,128,22,1,M101111000100000010000000010000110001001000111001
18551,128,23,16,M101111000100000010000000010000110001001000111001
18552,128,24,31,M101111000100000010000000010000110001001000111001
18553,128,25,26,M101111000100000010000000010000110001001000111001
18554,128,26,22,M101111000100000010000000010000110001001000111001
18555,128,27,6,M101111000100000010000000010000110001001000111001
18556,128,28,11,M101111000100000010000000010000110001001000111001
18557,128,29,5,M101111000100000010000000010000110001001000111001
18558,128,30,13,M101111000100000010000000010000110001001000111001
18559,128,31,17,M101111000100000010000000010000110001001000111001
18560,280,0,9,M110001000100110000010100100010010000010000100111
18561,280,1,12,M110001000100110000010100100010010000010000100111
18562,280,2,28,M110001000100110000010100100010010000010000100111
18563,280,3,19,M110001000100110000010100100010010000010000100111
18564,280,4,2,M110001000100110000010100100010010000010000100111
18565,280,5,26,M110001000100110000010100100010010000010000100111
18566,280,6,15,M110001000100110000010100100010010000010000100111
18567,280,7,13,M110001000100110000010100100010010000010000100111
18568,280,8,1,M110001000100110000010100100010010000010000100111
18569,280,9,7,M110001000100110000010100100010010000010000100111
18570,280,10,16,M110001000100110000010100100010010000010000100111
18571,280,11,20,M110001000100110000010100100010010000010000100111
18572,280,12,14,M110001000100110000010100100010010000010000100111
18573,280,13,30,M110001000100110000010100100010010000010000100111
18574,280,14,5,M110001000100110000010100100010010000010000100111
18575,280,15,29,M110001000100110000010100100010010000010000100111
18576,280,16,3,M110001000100110000010100100010010000010000100111
18577,280,17,8,M110001000100110000010100100010010000010000100111
18578,280,18,10,M110001000100110000010100100010010000010000100111
18579,280,19,27,M110001000100110000010100100010010000010000100111
18580,280,20,17,M110001000100110000010100100010010000010000100111
18581,280,21,4,M110001000100110000010100100010010000010000100111
18582,280,22,25,M110001000100110000010100100010010000010000100111
18583,280,23,0,M110001000100110000010100100010010000010000100111
18584,280,24,24,M110001000100110000010100100010010000010000100111
18585,280,25,6,M110001000100110000010100100010010000010000100111
18586,280,26,21,M110001000100110000010100100010010000010000100111
18587,280,27,22,M110001000100110000010100100010010000010000100111
18588,280,28,11,M110001000100110000010100100010010000010000100111
18589,280,29,18,M110001000100110000010100100010010000010000100111
18590,280,30,31,M110001000100110000010100100010010000010000100111
18591,280,31,23,M110001000100110000010100100010010000010000100111
