row_id,volume_id,presented_index,pred_rank,pred_missing_mask
192,282,0,11,M110111000010000010000011100000010000001001001110
193,282,1,30,M110111000010000010000011100000010000001001001110
194,282,2,27,M110111000010000010000011100000010000001001001110
195,282,3,17,M110111000010000010000011100000010000001001001110
196,282,4,5,M110111000010000010000011100000010000001001001110
197,282,5,6,M110111000010000010000011100000010000001001001110
198,282,6,20,M110111000010000010000011100000010000001001001110
199,282,7,0,M110111000010000010000011100000010000001001001110
200,282,8,16,M110111000010000010000011100000010000001001001110
201,282,9,25,M110111000010000010000011100000010000001001001110
202,282,10,26,M110111000010000010000011100000010000001001001110
203,282,11,28,M110111000010000010000011100000010000001001001110
204,282,12,24,M110111000010000010000011100000010000001001001110
205,282,13,15,M110111000010000010000011100000010000001001001110
206,282,14,9,M110111000010000010000011100000010000001001001110
207,282,15,3,M110111000010000010000011100000010000001001001110
208,282,16,14,M110111000010000010000011100000010000001001001110
209,282,17,31,M110111000010000010000011100000010000001001001110
210,282,18,4,M110111000010000010000011100000010000001001001110
211,282,19,21,M110111000010000010000011100000010000001001001110
212,282,20,23,M110111000010000010000011100000010000001001001110
213,282,21,19,M110111000010000010000011100000010000001001001110
214,282,22,13,M110111000010000010000011100000010000001001001110
215,282,23,2,M110111000010000010000011100000010000001001001110
216,282,24,12,M110111000010000010000011100000010000001001001110
217,282,25,29,M110111000010000010000011100000010000001001001110
218,282,26,18,M110111000010000010000011100000010000001001001110
219,282,27,10,M110111000010000010000011100000010000001001001110
220,282,28,7,M110111000010000010000011100000010000001001001110
221,282,29,22,M110111000010000010000011100000010000001001001110
222,282,30,1,M110111000010000010000011100000010000001001001110
223,282,31,8,M110111000010000010000011100000010000001001001110
288,537,0,13,M011010010001100000010001001000000000000010111111
289,537,1,22,M011010010001100000010001001000000000000010111111
290,537,2,28,M011010010001100000010001001000000000000010111111
291,537,3,5,M011010010001100000010001001000000000000010111111
292,537,4,15,M011010010001100000010001001000000000000010111111
293,537,5,11,M011010010001100000010001001000000000000010111111
294,537,6,7,M011010010001100000010001001000000000000010111111
295,537,7,30,M011010010001100000010001001000000000000010111111
296,537,8,2,M011010010001100000010001001000000000000010111111
297,537,9,0,M011010010001100000010001001000000000000010111111
298,537,10,3,M011010010001100000010001001000000000000010111111
299,537,11,17,M011010010001100000010001001000000000000010111111
300,537,12,12,M011010010001100000010001001000000000000010111111
301,537,13,16,M011010010001100000010001001000000000000010111111
302,537,14,9,M011010010001100000010001001000000000000010111111
303,537,15,20,M011010010001100000010001001000000000000010111111
304,537,16,1,M011010010001100000010001001000000000000010111111
305,537,17,6,M011010010001100000010001001000000000000010111111
306,537,18,24,M011010010001100000010001001000000000000010111111
307,537,19,19,M011010010001100000010001001000000000000010111111
308,537,20,27,M011010010001100000010001001000000000000010111111
309,537,21,31,M011010010001100000010001001000000000000010111111
310,537,22,10,M011010010001100000010001001000000000000010111111
311,537,23,21,M011010010001100000010001001000000000000010111111
312,537,24,29,M011010010001100000010001001000000000000010111111
313,537,25,23,M011010010001100000010001001000000000000010111111
314,537,26,26,M011010010001100000010001001000000000000010111111
315,537,27,8,M011010010001100000010001001000000000000010111111
316,537,28,18,M011010010001100000010001001000000000000010111111
317,537,29,4,M011010010001100000010001001000000000000010111111
318,537,30,25,M011010010001100000010001001000000000000010111111
319,537,31,14,M011010010001100000010001001000000000000010111111
352,262,0,10,M110111000101100000001100100000010001000000010101
353,262,1,28,M110111000101100000001100100000010001000000010101
354,262,2,17,M110111000101100000001100100000010001000000010101
355,262,3,3,M110111000101100000001100100000010001000000010101
356,262,4,22,M110111000101100000001100100000010001000000010101
357,262,5,27,M110111000101100000001100100000010001000000010101
358,262,6,6,M110111000101100000001100100000010001000000010101
359,262,7,16,M110111000101100000001100100000010001000000010101
360,262,8,21,M110111000101100000001100100000010001000000010101
361,262,9,18,M110111000101100000001100100000010001000000010101
362,262,10,1,M110111000101100000001100100000010001000000010101
363,262,11,31,M110111000101100000001100100000010001000000010101
364,262,12,15,M110111000101100000001100100000010001000000010101
365,262,13,25,M110111000101100000001100100000010001000000010101
366,262,14,2,M110111000101100000001100100000010001000000010101
367,262,15,23,M110111000101100000001100100000010001000000010101
368,262,16,5,M110111000101100000001100100000010001000000010101
369,262,17,7,M110111000101100000001100100000010001000000010101
370,262,18,0,M110111000101100000001100100000010001000000010101
371,262,19,13,M110111000101100000001100100000010001000000010101
372,262,20,19,M110111000101100000001100100000010001000000010101
373,262,21,4,M110111000101100000001100100000010001000000010101
374,262,22,24,M110111000101100000001100100000010001000000010101
375,262,23,26,M110111000101100000001100100000010001000000010101
376,262,24,30,M110111000101100000001100100000010001000000010101
377,262,25,20,M110111000101100000001100100000010001000000010101
378,262,26,12,M110111000101100000001100100000010001000000010101
379,262,27,14,M110111000101100000001100100000010001000000010101
380,262,28,29,M110111000101100000001100100000010001000000010101
381,262,29,9,M110111000101100000001100100000010001000000010101
382,262,30,8,M110111000101100000001100100000010001000000010101
383,262,31,11,M110111000101100000001100100000010001000000010101
672,374,0,18,M110110110010000000010001100000000000000000111111
673,374,1,26,M110110110010000000010001100000000000000000111111
674,374,2,11,M110110110010000000010001100000000000000000111111
675,374,3,16,M110110110010000000010001100000000000000000111111
676,374,4,7,M110110110010000000010001100000000000000000111111
677,374,5,15,M110110110010000000010001100000000000000000111111
678,374,6,13,M110110110010000000010001100000000000000000111111
679,374,7,24,M110110110010000000010001100000000000000000111111
680,374,8,31,M110110110010000000010001100000000000000000111111
681,374,9,3,M110110110010000000010001100000000000000000111111
682,374,10,19,M110110110010000000010001100000000000000000111111
683,374,11,9,M110110110010000000010001100000000000000000111111
684,374,12,0,M110110110010000000010001100000000000000000111111
685,374,13,10,M110110110010000000010001100000000000000000111111
686,374,14,30,M110110110010000000010001100000000000000000111111
687,374,15,17,M110110110010000000010001100000000000000000111111
688,374,16,5,M110110110010000000010001100000000000000000111111
689,374,17,2,M110110110010000000010001100000000000000000111111
690,374,18,14,M110110110010000000010001100000000000000000111111
691,374,19,12,M110110110010000000010001100000000000000000111111
692,374,20,1,M110110110010000000010001100000000000000000111111
693,374,21,25,M110110110010000000010001100000000000000000111111
694,374,22,23,M110110110010000000010001100000000000000000111111
695,374,23,8,M110110110010000000010001100000000000000000111111
696,374,24,22,M110110110010000000010001100000000000000000111111
697,374,25,28,M110110110010000000010001100000000000000000111111
698,374,26,21,M110110110010000000010001100000000000000000111111
699,374,27,20,M110110110010000000010001100000000000000000111111
700,374,28,29,M110110110010000000010001100000000000000000111111
701,374,29,6,M110110110010000000010001100000000000000000111111
702,374,30,27,M110110110010000000010001100000000000000000111111
703,374,31,4,M110110110010000000010001100000000000000000111111
704,578,0,31,M000101100110000000000101100010000001100000110111
705,578,1,8,M000101100110000000000101100010000001100000110111
706,578,2,10,M000101100110000000000101100010000001100000110111
707,578,3,9,M000101100110000000000101100010000001100000110111
708,578,4,11,M000101100110000000000101100010000001100000110111
709,578,5,21,M000101100110000000000101100010000001100000110111
710,578,6,13,M000101100110000000000101100010000001100000110111
711,578,7,27,M000101100110000000000101100010000001100000110111
712,578,8,28,M000101100110000000000101100010000001100000110111
713,578,9,12,M000101100110000000000101100010000001100000110111
714,578,10,14,M000101100110000000000101100010000001100000110111
715,578,11,3,M000101100110000000000101100010000001100000110111
716,578,12,17,M000101100110000000000101100010000001100000110111
717,578,13,22,M000101100110000000000101100010000001100000110111
718,578,14,6,M000101100110000000000101100010000001100000110111
719,578,15,4,M000101100110000000000101100010000001100000110111
720,578,16,1,M000101100110000000000101100010000001100000110111
721,578,17,25,M000101100110000000000101100010000001100000110111
722,578,18,24,M000101100110000000000101100010000001100000110111
723,578,19,29,M000101100110000000000101100010000001100000110111
724,578,20,7,M000101100110000000000101100010000001100000110111
725,578,21,19,M000101100110000000000101100010000001100000110111
726,578,22,0,M000101100110000000000101100010000001100000110111
727,578,23,16,M000101100110000000000101100010000001100000110111
728,578,24,15,M000101100110000000000101100010000001100000110111
729,578,25,20,M000101100110000000000101100010000001100000110111
730,578,26,5,M000101100110000000000101100010000001100000110111
731,578,27,2,M000101100110000000000101100010000001100000110111
732,578,28,26,M000101100110000000000101100010000001100000110111
733,578,29,30,M000101100110000000000101100010000001100000110111
734,578,30,23,M000101100110000000000101100010000001100000110111
735,578,31,18,M000101100110000000000101100010000001100000110111
896,113,0,4,M110011010000000000110010000001100000100010111010
897,113,1,10,M110011010000000000110010000001100000100010111010
898,113,2,19,M110011010000000000110010000001100000100010111010
899,113,3,7,M110011010000000000110010000001100000100010111010
900,113,4,15,M110011010000000000110010000001100000100010111010
901,113,5,23,M110011010000000000110010000001100000100010111010
902,113,6,3,M110011010000000000110010000001100000100010111010
903,113,7,2,M110011010000000000110010000001100000100010111010
904,113,8,24,M110011010000000000110010000001100000100010111010
905,113,9,13,M110011010000000000110010000001100000100010111010
906,113,10,31,M110011010000000000110010000001100000100010111010
907,113,11,14,M110011010000000000110010000001100000100010111010
908,113,12,6,M110011010000000000110010000001100000100010111010
909,113,13,21,M110011010000000000110010000001100000100010111010
910,113,14,22,M110011010000000000110010000001100000100010111010
911,113,15,18,M110011010000000000110010000001100000100010111010
912,113,16,28,M110011010000000000110010000001100000100010111010
913,113,17,8,M110011010000000000110010000001100000100010111010
914,113,18,20,M110011010000000000110010000001100000100010111010
915,113,19,5,M110011010000000000110010000001100000100010111010
916,113,20,27,M110011010000000000110010000001100000100010111010
917,113,21,12,M110011010000000000110010000001100000100010111010
918,113,22,11,M110011010000000000110010000001100000100010111010
919,113,23,0,M110011010000000000110010000001100000100010111010
920,113,24,1,M110011010000000000110010000001100000100010111010
921,113,25,16,M110011010000000000110010000001100000100010111010
922,113,26,9,M110011010000000000110010000001100000100010111010
923,113,27,25,M110011010000000000110010000001100000100010111010
924,113,28,17,M110011010000000000110010000001100000100010111010
925,113,29,30,M110011010000000000110010000001100000100010111010
926,113,30,29,M110011010000000000110010000001100000100010111010
927,113,31,26,M110011010000000000110010000001100000100010111010
1024,373,0,3,M001101000100011010100000001000101100100000101100
1025,373,1,21,M001101000100011010100000001000101100100000101100
1026,373,2,2,M001101000100011010100000001000101100100000101100
1027,373,3,15,M001101000100011010100000001000101100100000101100
1028,373,4,28,M001101000100011010100000001000101100100000101100
1029,373,5,24,M001101000100011010100000001000101100100000101100
1030,373,6,16,M001101000100011010100000001000101100100000101100
1031,373,7,22,M001101000100011010100000001000101100100000101100
1032,373,8,31,M001101000100011010100000001000101100100000101100
1033,373,9,12,M001101000100011010100000001000101100100000101100
1034,373,10,11,M001101000100011010100000001000101100100000101100
1035,373,11,27,M001101000100011010100000001000101100100000101100
1036,373,12,8,M001101000100011010100000001000101100100000101100
1037,373,13,1,M001101000100011010100000001000101100100000101100
1038,373,14,7,M001101000100011010100000001000101100100000101100
1039,373,15,17,M001101000100011010100000001000101100100000101100
1040,373,16,13,M001101000100011010100000001000101100100000101100
1041,373,17,19,M001101000100011010100000001000101100100000101100
1042,373,18,10,M001101000100011010100000001000101100100000101100
1043,373,19,25,M001101000100011010100000001000101100100000101100
1044,373,20,14,M001101000100011010100000001000101100100000101100
1045,373,21,4,M001101000100011010100000001000101100100000101100
1046,373,22,6,M001101000100011010100000001000101100100000101100
1047,373,23,0,M001101000100011010100000001000101100100000101100
1048,373,24,29,M001101000100011010100000001000101100100000101100
1049,373,25,23,M001101000100011010100000001000101100100000101100
1050,373,26,9,M001101000100011010100000001000101100100000101100
1051,373,27,30,M001101000100011010100000001000101100100000101100
1052,373,28,5,M001101000100011010100000001000101100100000101100
1053,373,29,20,M001101000100011010100000001000101100100000101100
1054,373,30,26,M001101000100011010100000001000101100100000101100
1055,373,31,18,M001101000100011010100000001000101100100000101100
1216,296,0,31,M110001001000000000011101100001000100101000001101
1217,296,1,11,M110001001000000000011101100001000100101000001101
1218,296,2,21,M110001001000000000011101100001000100101000001101
1219,296,3,22,M110001001000000000011101100001000100101000001101
1220,296,4,24,M110001001000000000011101100001000100101000001101
1221,296,5,25,M110001001000000000011101100001000100101000001101
1222,296,6,6,M110001001000000000011101100001000100101000001101
1223,296,7,19,M110001001000000000011101100001000100101000001101
1224,296,8,10,M110001001000000000011101100001000100101000001101
1225,296,9,3,M110001001000000000011101100001000100101000001101
1226,296,10,30,M110001001000000000011101100001000100101000001101
1227,296,11,2,M110001001000000000011101100001000100101000001101
1228,296,12,20,M110001001000000000011101100001000100101000001101
1229,296,13,4,M110001001000000000011101100001000100101000001101
1230,296,14,13,M110001001000000000011101100001000100101000001101
1231,296,15,29,M110001001000000000011101100001000100101000001101
1232,296,16,9,M110001001000000000011101100001000100101000001101
1233,296,17,12,M110001001000000000011101100001000100101000001101
1234,296,18,8,M110001001000000000011101100001000100101000001101
1235,296,19,15,M110001001000000000011101100001000100101000001101
1236,296,20,16,M110001001000000000011101100001000100101000001101
1237,296,21,27,M110001001000000000011101100001000100101000001101
1238,296,22,18,M110001001000000000011101100001000100101000001101
1239,296,23,5,M110001001000000000011101100001000100101000001101
1240,296,24,26,M110001001000000000011101100001000100101000001101
1241,296,25,23,M110001001000000000011101100001000100101000001101
1242,296,26,17,M110001001000000000011101100001000100101000001101
1243,296,27,0,M110001001000000000011101100001000100101000001101
1244,296,28,7,M110001001000000000011101100001000100101000001101
1245,296,29,1,M110001001000000000011101100001000100101000001101
1246,296,30,28,M110001001000000000011101100001000100101000001101
1247,296,31,14,M110001001000000000011101100001000100101000001101
1248,384,0,5,M101100000000000000010000101000011011001000111101
1249,384,1,3,M101100000000000000010000101000011011001000111101
1250,384,2,18,M101100000000000000010000101000011011001000111101
1251,384,3,11,M101100000000000000010000101000011011001000111101
1252,384,4,28,M101100000000000000010000101000011011001000111101
1253,384,5,14,M101100000000000000010000101000011011001000111101
1254,384,6,24,M101100000000000000010000101000011011001000111101
1255,384,7,7,M101100000000000000010000101000011011001000111101
1256,384,8,1,M101100000000000000010000101000011011001000111101
1257,384,9,21,M101100000000000000010000101000011011001000111101
1258,384,10,6,M101100000000000000010000101000011011001000111101
1259,384,11,17,M101100000000000000010000101000011011001000111101
1260,384,12,26,M101100000000000000010000101000011011001000111101
1261,384,13,27,M101100000000000000010000101000011011001000111101
1262,384,14,30,M101100000000000000010000101000011011001000111101
1263,384,15,23,M101100000000000000010000101000011011001000111101
1264,384,16,4,M101100000000000000010000101000011011001000111101
1265,384,17,16,M101100000000000000010000101000011011001000111101
1266,384,18,19,M101100000000000000010000101000011011001000111101
1267,384,19,31,M101100000000000000010000101000011011001000111101
1268,384,20,12,M101100000000000000010000101000011011001000111101
1269,384,21,22,M101100000000000000010000101000011011001000111101
1270,384,22,20,M101100000000000000010000101000011011001000111101
1271,384,23,9,M101100000000000000010000101000011011001000111101
1272,384,24,8,M101100000000000000010000101000011011001000111101
1273,384,25,29,M101100000000000000010000101000011011001000111101
1274,384,26,2,M101100000000000000010000101000011011001000111101
1275,384,27,0,M101100000000000000010000101000011011001000111101
1276,384,28,13,M101100000000000000010000101000011011001000111101
1277,384,29,25,M101100000000000000010000101000011011001000111101
1278,384,30,15,M101100000000000000010000101000011011001000111101
1279,384,31,10,M101100000000000000010000101000011011001000111101
1344,236,0,6,M111100000000011000000010100000000000110110111010
1345,236,1,15,M111100000000011000000010100000000000110110111010
1346,236,2,9,M111100000000011000000010100000000000110110111010
1347,236,3,1,M111100000000011000000010100000000000110110111010
1348,236,4,10,M111100000000011000000010100000000000110110111010
1349,236,5,12,M111100000000011000000010100000000000110110111010
1350,236,6,25,M111100000000011000000010100000000000110110111010
1351,236,7,26,M111100000000011000000010100000000000110110111010
1352,236,8,8,M111100000000011000000010100000000000110110111010
1353,236,9,7,M111100000000011000000010100000000000110110111010
1354,236,10,27,M111100000000011000000010100000000000110110111010
1355,236,11,0,M111100000000011000000010100000000000110110111010
1356,236,12,21,M111100000000011000000010100000000000110110111010
1357,236,13,3,M111100000000011000000010100000000000110110111010
1358,236,14,18,M111100000000011000000010100000000000110110111010
1359,236,15,24,M111100000000011000000010100000000000110110111010
1360,236,16,19,M111100000000011000000010100000000000110110111010
1361,236,17,28,M111100000000011000000010100000000000110110111010
1362,236,18,30,M111100000000011000000010100000000000110110111010
1363,236,19,29,M111100000000011000000010100000000000110110111010
1364,236,20,16,M111100000000011000000010100000000000110110111010
1365,236,21,17,M111100000000011000000010100000000000110110111010
1366,236,22,11,M111100000000011000000010100000000000110110111010
1367,236,23,22,M111100000000011000000010100000000000110110111010
1368,236,24,5,M111100000000011000000010100000000000110110111010
1369,236,25,14,M111100000000011000000010100000000000110110111010
1370,236,26,13,M111100000000011000000010100000000000110110111010
1371,236,27,23,M111100000000011000000010100000000000110110111010
1372,236,28,20,M111100000000011000000010100000000000110110111010
1373,236,29,31,M111100000000011000000010100000000000110110111010
1374,236,30,4,M111100000000011000000010100000000000110110111010
1375,236,31,2,M111100000000011000000010100000000000110110111010
1504,98,0,17,M010110100100000000000000101010010000010001110111
1505,98,1,19,M010110100100000000000000101010010000010001110111
1506,98,2,4,M010110100100000000000000101010010000010001110111
1507,98,3,24,M010110100100000000000000101010010000010001110111
1508,98,4,3,M010110100100000000000000101010010000010001110111
1509,98,5,16,M010110100100000000000000101010010000010001110111
1510,98,6,28,M010110100100000000000000101010010000010001110111
1511,98,7,8,M010110100100000000000000101010010000010001110111
1512,98,8,20,M010110100100000000000000101010010000010001110111
1513,98,9,6,M010110100100000000000000101010010000010001110111
1514,98,10,13,M010110100100000000000000101010010000010001110111
1515,98,11,0,M010110100100000000000000101010010000010001110111
1516,98,12,12,M010110100100000000000000101010010000010001110111
1517,98,13,26,M010110100100000000000000101010010000010001110111
1518,98,14,15,M010110100100000000000000101010010000010001110111
1519,98,15,21,M010110100100000000000000101010010000010001110111
1520,98,16,2,M010110100100000000000000101010010000010001110111
1521,98,17,29,M010110100100000000000000101010010000010001110111
1522,98,18,11,M010110100100000000000000101010010000010001110111
1523,98,19,18,M010110100100000000000000101010010000010001110111
1524,98,20,7,M010110100100000000000000101010010000010001110111
1525,98,21,14,M010110100100000000000000101010010000010001110111
1526,98,22,25,M010110100100000000000000101010010000010001110111
1527,98,23,22,M010110100100000000000000101010010000010001110111
1528,98,24,1,M010110100100000000000000101010010000010001110111
1529,98,25,31,M010110100100000000000000101010010000010001110111
1530,98,26,9,M010110100100000000000000101010010000010001110111
1531,98,27,27,M010110100100000000000000101010010000010001110111
1532,98,28,10,M010110100100000000000000101010010000010001110111
1533,98,29,5,M010110100100000000000000101010010000010001110111
1534,98,30,30,M010110100100000000000000101010010000010001110111
1535,98,31,23,M010110100100000000000000101010010000010001110111
1600,84,0,21,M010110010000000000100110110101000000010000101011
1601,84,1,10,M010110010000000000100110110101000000010000101011
1602,84,2,26,M010110010000000000100110110101000000010000101011
1603,84,3,31,M010110010000000000100110110101000000010000101011
1604,84,4,12,M010110010000000000100110110101000000010000101011
1605,84,5,17,M010110010000000000100110110101000000010000101011
1606,84,6,27,M010110010000000000100110110101000000010000101011
1607,84,7,4,M010110010000000000100110110101000000010000101011
1608,84,8,9,M010110010000000000100110110101000000010000101011
1609,84,9,2,M010110010000000000100110110101000000010000101011
1610,84,10,28,M010110010000000000100110110101000000010000101011
1611,84,11,15,M010110010000000000100110110101000000010000101011
1612,84,12,29,M010110010000000000100110110101000000010000101011
1613,84,13,24,M010110010000000000100110110101000000010000101011
1614,84,14,30,M010110010000000000100110110101000000010000101011
1615,84,15,18,M010110010000000000100110110101000000010000101011
1616,84,16,22,M010110010000000000100110110101000000010000101011
1617,84,17,16,M010110010000000000100110110101000000010000101011
1618,84,18,5,M010110010000000000100110110101000000010000101011
1619,84,19,20,M010110010000000000100110110101000000010000101011
1620,84,20,8,M010110010000000000100110110101000000010000101011
1621,84,21,25,M010110010000000000100110110101000000010000101011
1622,84,22,13,M010110010000000000100110110101000000010000101011
1623,84,23,23,M010110010000000000100110110101000000010000101011
1624,84,24,1,M010110010000000000100110110101000000010000101011
1625,84,25,14,M010110010000000000100110110101000000010000101011
1626,84,26,11,M010110010000000000100110110101000000010000101011
1627,84,27,3,M010110010000000000100110110101000000010000101011
1628,84,28,0,M010110010000000000100110110101000000010000101011
1629,84,29,6,M010110010000000000100110110101000000010000101011
1630,84,30,19,M010110010000000000100110110101000000010000101011
1631,84,31,7,M010110010000000000100110110101000000010000101011
1824,205,0,23,M111100110010000000000001010000100000000100111101
1825,205,1,29,M111100110010000000000001010000100000000100111101
1826,205,2,8,M111100110010000000000001010000100000000100111101
1827,205,3,12,M111100110010000000000001010000100000000100111101
1828,205,4,27,M111100110010000000000001010000100000000100111101
1829,205,5,1,M111100110010000000000001010000100000000100111101
1830,205,6,22,M111100110010000000000001010000100000000100111101
1831,205,7,4,M111100110010000000000001010000100000000100111101
1832,205,8,24,M111100110010000000000001010000100000000100111101
1833,205,9,6,M111100110010000000000001010000100000000100111101
1834,205,10,9,M111100110010000000000001010000100000000100111101
1835,205,11,25,M111100110010000000000001010000100000000100111101
1836,205,12,21,M111100110010000000000001010000100000000100111101
1837,205,13,2,M111100110010000000000001010000100000000100111101
1838,205,14,3,M111100110010000000000001010000100000000100111101
1839,205,15,31,M111100110010000000000001010000100000000100111101
1840,205,16,7,M111100110010000000000001010000100000000100111101
1841,205,17,13,M111100110010000000000001010000100000000100111101
1842,205,18,15,M111100110010000000000001010000100000000100111101
1843,205,19,14,M111100110010000000000001010000100000000100111101
1844,205,20,28,M111100110010000000000001010000100000000100111101
1845,205,21,5,M111100110010000000000001010000100000000100111101
1846,205,22,0,M111100110010000000000001010000100000000100111101
1847,205,23,17,M111100110010000000000001010000100000000100111101
1848,205,24,11,M111100110010000000000001010000100000000100111101
1849,205,25,10,M111100110010000000000001010000100000000100111101
1850,205,26,19,M111100110010000000000001010000100000000100111101
1851,205,27,18,M111100110010000000000001010000100000000100111101
1852,205,28,26,M111100110010000000000001010000100000000100111101
1853,205,29,20,M111100110010000000000001010000100000000100111101
1854,205,30,16,M111100110010000000000001010000100000000100111101
1855,205,31,30,M111100110010000000000001010000100000000100111101
2048,493,0,19,M011101100100010000010000000100000000101000011111
2049,493,1,1,M011101100100010000010000000100000000101000011111
2050,493,2,5,M011101100100010000010000000100000000101000011111
2051,493,3,21,M011101100100010000010000000100000000101000011111
2052,493,4,8,M011101100100010000010000000100000000101000011111
2053,493,5,24,M011101100100010000010000000100000000101000011111
2054,493,6,6,M011101100100010000010000000100000000101000011111
2055,493,7,17,M011101100100010000010000000100000000101000011111
2056,493,8,2,M011101100100010000010000000100000000101000011111
2057,493,9,15,M011101100100010000010000000100000000101000011111
2058,493,10,11,M011101100100010000010000000100000000101000011111
2059,493,11,13,M011101100100010000010000000100000000101000011111
2060,493,12,0,M011101100100010000010000000100000000101000011111
2061,493,13,23,M011101100100010000010000000100000000101000011111
2062,493,14,27,M011101100100010000010000000100000000101000011111
2063,493,15,25,M011101100100010000010000000100000000101000011111
2064,493,16,14,M011101100100010000010000000100000000101000011111
2065,493,17,4,M011101100100010000010000000100000000101000011111
2066,493,18,30,M011101100100010000010000000100000000101000011111
2067,493,19,28,M011101100100010000010000000100000000101000011111
2068,493,20,10,M011101100100010000010000000100000000101000011111
2069,493,21,3,M011101100100010000010000000100000000101000011111
2070,493,22,22,M011101100100010000010000000100000000101000011111
2071,493,23,12,M011101100100010000010000000100000000101000011111
2072,493,24,29,M011101100100010000010000000100000000101000011111
2073,493,25,9,M011101100100010000010000000100000000101000011111
2074,493,26,31,M011101100100010000010000000100000000101000011111
2075,493,27,7,M011101100100010000010000000100000000101000011111
2076,493,28,18,M011101100100010000010000000100000000101000011111
2077,493,29,20,M011101100100010000010000000100000000101000011111
2078,493,30,16,M011101100100010000010000000100000000101000011111
2079,493,31,26,M011101100100010000010000000100000000101000011111
2304,555,0,5,M011000000000010111000000000001000101011011100101
2305,555,1,15,M011000000000010111000000000001000101011011100101
2306,555,2,20,M011000000000010111000000000001000101011011100101
2307,555,3,11,M011000000000010111000000000001000101011011100101
2308,555,4,31,M011000000000010111000000000001000101011011100101
2309,555,5,3,M011000000000010111000000000001000101011011100101
2310,555,6,7,M011000000000010111000000000001000101011011100101
2311,555,7,6,M011000000000010111000000000001000101011011100101
2312,555,8,9,M011000000000010111000000000001000101011011100101
2313,555,9,2,M011000000000010111000000000001000101011011100101
2314,555,10,24,M011000000000010111000000000001000101011011100101
2315,555,11,23,M011000000000010111000000000001000101011011100101
2316,555,12,4,M011000000000010111000000000001000101011011100101
2317,555,13,17,M011000000000010111000000000001000101011011100101
2318,555,14,30,M011000000000010111000000000001000101011011100101
2319,555,15,12,M011000000000010111000000000001000101011011100101
2320,555,16,25,M011000000000010111000000000001000101011011100101
2321,555,17,10,M011000000000010111000000000001000101011011100101
2322,555,18,1,M011000000000010111000000000001000101011011100101
2323,555,19,0,M011000000000010111000000000001000101011011100101
2324,555,20,26,M011000000000010111000000000001000101011011100101
2325,555,21,16,M011000000000010111000000000001000101011011100101
2326,555,22,27,M011000000000010111000000000001000101011011100101
2327,555,23,29,M011000000000010111000000000001000101011011100101
2328,555,24,19,M011000000000010111000000000001000101011011100101
2329,555,25,21,M011000000000010111000000000001000101011011100101
2330,555,26,22,M011000000000010111000000000001000101011011100101
2331,555,27,28,M011000000000010111000000000001000101011011100101
2332,555,28,18,M011000000000010111000000000001000101011011100101
2333,555,29,14,M011000000000010111000000000001000101011011100101
2334,555,30,8,M011000000000010111000000000001000101011011100101
2335,555,31,13,M011000000000010111000000000001000101011011100101
2496,495,0,17,M010110010000110101000000110001100000000001001011
2497,495,1,6,M010110010000110101000000110001100000000001001011
2498,495,2,0,M010110010000110101000000110001100000000001001011
2499,495,3,11,M010110010000110101000000110001100000000001001011
2500,495,4,14,M010110010000110101000000110001100000000001001011
2501,495,5,9,M010110010000110101000000110001100000000001001011
2502,495,6,16,M010110010000110101000000110001100000000001001011
2503,495,7,28,M010110010000110101000000110001100000000001001011
2504,495,8,23,M010110010000110101000000110001100000000001001011
2505,495,9,7,M010110010000110101000000110001100000000001001011
2506,495,10,22,M010110010000110101000000110001100000000001001011
2507,495,11,24,M010110010000110101000000110001100000000001001011
2508,495,12,13,M010110010000110101000000110001100000000001001011
2509,495,13,10,M010110010000110101000000110001100000000001001011
2510,495,14,26,M010110010000110101000000110001100000000001001011
2511,495,15,1,M010110010000110101000000110001100000000001001011
2512,495,16,25,M010110010000110101000000110001100000000001001011
2513,495,17,8,M010110010000110101000000110001100000000001001011
2514,495,18,2,M010110010000110101000000110001100000000001001011
2515,495,19,18,M010110010000110101000000110001100000000001001011
2516,495,20,12,M010110010000110101000000110001100000000001001011
2517,495,21,31,M010110010000110101000000110001100000000001001011
2518,495,22,20,M010110010000110101000000110001100000000001001011
2519,495,23,19,M010110010000110101000000110001100000000001001011
2520,495,24,15,M010110010000110101000000110001100000000001001011
2521,495,25,30,M010110010000110101000000110001100000000001001011
2522,495,26,21,M010110010000110101000000110001100000000001001011
2523,495,27,4,M010110010000110101000000110001100000000001001011
2524,495,28,29,M010110010000110101000000110001100000000001001011
2525,495,29,27,M010110010000110101000000110001100000000001001011
2526,495,30,5,M010110010000110101000000110001100000000001001011
2527,495,31,3,M010110010000110101000000110001100000000001001011
2560,466,0,18,M110110000010010000011001000110100100000000101010
2561,466,1,21,M110110000010010000011001000110100100000000101010
2562,466,2,11,M110110000010010000011001000110100100000000101010
2563,466,3,28,M110110000010010000011001000110100100000000101010
2564,466,4,29,M110110000010010000011001000110100100000000101010
2565,466,5,20,M110110000010010000011001000110100100000000101010
2566,466,6,3,M110110000010010000011001000110100100000000101010
2567,466,7,30,M110110000010010000011001000110100100000000101010
2568,466,8,19,M110110000010010000011001000110100100000000101010
2569,466,9,15,M110110000010010000011001000110100100000000101010
2570,466,10,16,M110110000010010000011001000110100100000000101010
2571,466,11,13,M110110000010010000011001000110100100000000101010
2572,466,12,2,M110110000010010000011001000110100100000000101010
2573,466,13,0,M110110000010010000011001000110100100000000101010
2574,466,14,14,M110110000010010000011001000110100100000000101010
2575,466,15,17,M110110000010010000011001000110100100000000101010
2576,466,16,9,M110110000010010000011001000110100100000000101010
2577,466,17,1,M110110000010010000011001000110100100000000101010
2578,466,18,6,M110110000010010000011001000110100100000000101010
2579,466,19,4,M110110000010010000011001000110100100000000101010
2580,466,20,25,M110110000010010000011001000110100100000000101010
2581,466,21,12,M110110000010010000011001000110100100000000101010
2582,466,22,7,M110110000010010000011001000110100100000000101010
2583,466,23,31,M110110000010010000011001000110100100000000101010
2584,466,24,27,M110110000010010000011001000110100100000000101010
2585,466,25,24,M110110000010010000011001000110100100000000101010
2586,466,26,23,M110110000010010000011001000110100100000000101010
2587,466,27,26,M110110000010010000011001000110100100000000101010
2588,466,28,22,M110110000010010000011001000110100100000000101010
2589,466,29,8,M110110000010010000011001000110100100000000101010
2590,466,30,5,M110110000010010000011001000110100100000000101010
2591,466,31,10,M110110000010010000011001000110100100000000101010
2656,528,0,3,M100101000000010000000010000101101010010001101110
2657,528,1,6,M100101000000010000000010000101101010010001101110
2658,528,2,15,M100101000000010000000010000101101010010001101110
2659,528,3,17,M100101000000010000000010000101101010010001101110
2660,528,4,26,M100101000000010000000010000101101010010001101110
2661,528,5,7,M100101000000010000000010000101101010010001101110
2662,528,6,12,M100101000000010000000010000101101010010001101110
2663,528,7,30,M100101000000010000000010000101101010010001101110
2664,528,8,28,M100101000000010000000010000101101010010001101110
2665,528,9,16,M100101000000010000000010000101101010010001101110
2666,528,10,1,M100101000000010000000010000101101010010001101110
2667,528,11,14,M100101000000010000000010000101101010010001101110
2668,528,12,0,M100101000000010000000010000101101010010001101110
2669,528,13,18,M100101000000010000000010000101101010010001101110
2670,528,14,24,M100101000000010000000010000101101010010001101110
2671,528,15,4,M100101000000010000000010000101101010010001101110
2672,528,16,20,M100101000000010000000010000101101010010001101110
2673,528,17,21,M100101000000010000000010000101101010010001101110
2674,528,18,13,M100101000000010000000010000101101010010001101110
2675,528,19,27,M100101000000010000000010000101101010010001101110
2676,528,20,22,M100101000000010000000010000101101010010001101110
2677,528,21,9,M100101000000010000000010000101101010010001101110
2678,528,22,11,M100101000000010000000010000101101010010001101110
2679,528,23,19,M100101000000010000000010000101101010010001101110
2680,528,24,29,M100101000000010000000010000101101010010001101110
2681,528,25,10,M100101000000010000000010000101101010010001101110
2682,528,26,8,M100101000000010000000010000101101010010001101110
2683,528,27,2,M100101000000010000000010000101101010010001101110
2684,528,28,5,M100101000000010000000010000101101010010001101110
2685,528,29,23,M100101000000010000000010000101101010010001101110
2686,528,30,31,M100101000000010000000010000101101010010001101110
2687,528,31,25,M100101000000010000000010000101101010010001101110
2784,86,0,23,M011100000010001101011010100100000001000000000111
2785,86,1,13,M011100000010001101011010100100000001000000000111
2786,86,2,1,M011100000010001101011010100100000001000000000111
2787,86,3,28,M011100000010001101011010100100000001000000000111
2788,86,4,9,M011100000010001101011010100100000001000000000111
2789,86,5,14,M011100000010001101011010100100000001000000000111
2790,86,6,5,M011100000010001101011010100100000001000000000111
2791,86,7,0,M011100000010001101011010100100000001000000000111
2792,86,8,18,M011100000010001101011010100100000001000000000111
2793,86,9,19,M011100000010001101011010100100000001000000000111
2794,86,10,24,M011100000010001101011010100100000001000000000111
2795,86,11,15,M011100000010001101011010100100000001000000000111
2796,86,12,10,M011100000010001101011010100100000001000000000111
2797,86,13,25,M011100000010001101011010100100000001000000000111
2798,86,14,21,M011100000010001101011010100100000001000000000111
2799,86,15,6,M011100000010001101011010100100000001000000000111
2800,86,16,12,M011100000010001101011010100100000001000000000111
2801,86,17,22,M011100000010001101011010100100000001000000000111
2802,86,18,4,M011100000010001101011010100100000001000000000111
2803,86,19,17,M011100000010001101011010100100000001000000000111
2804,86,20,16,M011100000010001101011010100100000001000000000111
2805,86,21,8,M011100000010001101011010100100000001000000000111
2806,86,22,29,M011100000010001101011010100100000001000000000111
2807,86,23,3,M011100000010001101011010100100000001000000000111
2808,86,24,27,M011100000010001101011010100100000001000000000111
2809,86,25,30,M011100000010001101011010100100000001000000000111
2810,86,26,31,M011100000010001101011010100100000001000000000111
2811,86,27,7,M011100000010001101011010100100000001000000000111
2812,86,28,26,M011100000010001101011010100100000001000000000111
2813,86,29,11,M011100000010001101011010100100000001000000000111
2814,86,30,2,M011100000010001101011010100100000001000000000111
2815,86,31,20,M011100000010001101011010100100000001000000000111
2944,253,0,7,M001101010000000001000101000001000100011010101011
2945,253,1,25,M001101010000000001000101000001000100011010101011
2946,253,2,9,M001101010000000001000101000001000100011010101011
2947,253,3,13,M001101010000000001000101000001000100011010101011
2948,253,4,23,M001101010000000001000101000001000100011010101011
2949,253,5,2,M001101010000000001000101000001000100011010101011
2950,253,6,21,M001101010000000001000101000001000100011010101011
2951,253,7,28,M001101010000000001000101000001000100011010101011
2952,253,8,29,M001101010000000001000101000001000100011010101011
2953,253,9,15,M001101010000000001000101000001000100011010101011
2954,253,10,20,M001101010000000001000101000001000100011010101011
2955,253,11,30,M001101010000000001000101000001000100011010101011
2956,253,12,11,M001101010000000001000101000001000100011010101011
2957,253,13,0,M001101010000000001000101000001000100011010101011
2958,253,14,26,M001101010000000001000101000001000100011010101011
2959,253,15,22,M001101010000000001000101000001000100011010101011
2960,253,16,8,M001101010000000001000101000001000100011010101011
2961,253,17,16,M001101010000000001000101000001000100011010101011
2962,253,18,17,M001101010000000001000101000001000100011010101011
2963,253,19,4,M001101010000000001000101000001000100011010101011
2964,253,20,5,M001101010000000001000101000001000100011010101011
2965,253,21,1,M001101010000000001000101000001000100011010101011
2966,253,22,14,M001101010000000001000101000001000100011010101011
2967,253,23,10,M001101010000000001000101000001000100011010101011
2968,253,24,18,M001101010000000001000101000001000100011010101011
2969,253,25,3,M001101010000000001000101000001000100011010101011
2970,253,26,31,M001101010000000001000101000001000100011010101011
2971,253,27,27,M001101010000000001000101000001000100011010101011
2972,253,28,19,M001101010000000001000101000001000100011010101011
2973,253,29,6,M001101010000000001000101000001000100011010101011
2974,253,30,24,M001101010000000001000101000001000100011010101011
2975,253,31,12,M001101010000000001000101000001000100011010101011
3200,527,0,13,M010111101000010010000001001011000000000001011010
3201,527,1,23,M010111101000010010000001001011000000000001011010
3202,527,2,25,M010111101000010010000001001011000000000001011010
3203,527,3,26,M010111101000010010000001001011000000000001011010
3204,527,4,18,M010111101000010010000001001011000000000001011010
3205,527,5,27,M010111101000010010000001001011000000000001011010
3206,527,6,10,M010111101000010010000001001011000000000001011010
3207,527,7,8,M010111101000010010000001001011000000000001011010
3208,527,8,5,M010111101000010010000001001011000000000001011010
3209,527,9,20,M010111101000010010000001001011000000000001011010
3210,527,10,12,M010111101000010010000001001011000000000001011010
3211,527,11,14,M010111101000010010000001001011000000000001011010
3212,527,12,3,M010111101000010010000001001011000000000001011010
3213,527,13,17,M010111101000010010000001001011000000000001011010
3214,527,14,15,M010111101000010010000001001011000000000001011010
3215,527,15,22,M010111101000010010000001001011000000000001011010
3216,527,16,16,M010111101000010010000001001011000000000001011010
3217,527,17,21,M010111101000010010000001001011000000000001011010
3218,527,18,7,M010111101000010010000001001011000000000001011010
3219,527,19,0,M010111101000010010000001001011000000000001011010
3220,527,20,31,M010111101000010010000001001011000000000001011010
3221,527,21,9,M010111101000010010000001001011000000000001011010
3222,527,22,28,M010111101000010010000001001011000000000001011010
3223,527,23,11,M010111101000010010000001001011000000000001011010
3224,527,24,2,M010111101000010010000001001011000000000001011010
3225,527,25,30,M010111101000010010000001001011000000000001011010
3226,527,26,6,M010111101000010010000001001011000000000001011010
3227,527,27,24,M010111101000010010000001001011000000000001011010
3228,527,28,4,M010111101000010010000001001011000000000001011010
3229,527,29,19,M010111101000010010000001001011000000000001011010
3230,527,30,29,M010111101000010010000001001011000000000001011010
3231,527,31,1,M010111101000010010000001001011000000000001011010
3296,103,0,22,M011011010010000000000000000000000010101100111111
3297,103,1,21,M011011010010000000000000000000000010101100111111
3298,103,2,18,M011011010010000000000000000000000010101100111111
3299,103,3,17,M011011010010000000000000000000000010101100111111
3300,103,4,1,M011011010010000000000000000000000010101100111111
3301,103,5,10,M011011010010000000000000000000000010101100111111
3302,103,6,4,M011011010010000000000000000000000010101100111111
3303,103,7,15,M011011010010000000000000000000000010101100111111
3304,103,8,16,M011011010010000000000000000000000010101100111111
3305,103,9,3,M011011010010000000000000000000000010101100111111
3306,103,10,14,M011011010010000000000000000000000010101100111111
3307,103,11,19,M011011010010000000000000000000000010101100111111
3308,103,12,5,M011011010010000000000000000000000010101100111111
3309,103,13,23,M011011010010000000000000000000000010101100111111
3310,103,14,9,M011011010010000000000000000000000010101100111111
3311,103,15,7,M011011010010000000000000000000000010101100111111
3312,103,16,11,M011011010010000000000000000000000010101100111111
3313,103,17,2,M011011010010000000000000000000000010101100111111
3314,103,18,8,M011011010010000000000000000000000010101100111111
3315,103,19,24,M011011010010000000000000000000000010101100111111
3316,103,20,13,M011011010010000000000000000000000010101100111111
3317,103,21,0,M011011010010000000000000000000000010101100111111
3318,103,22,26,M011011010010000000000000000000000010101100111111
3319,103,23,31,M011011010010000000000000000000000010101100111111
3320,103,24,28,M011011010010000000000000000000000010101100111111
3321,103,25,25,M011011010010000000000000000000000010101100111111
3322,103,26,29,M011011010010000000000000000000000010101100111111
3323,103,27,30,M011011010010000000000000000000000010101100111111
3324,103,28,20,M011011010010000000000000000000000010101100111111
3325,103,29,6,M011011010010000000000000000000000010101100111111
3326,103,30,27,M011011010010000000000000000000000010101100111111
3327,103,31,12,M011011010010000000000000000000000010101100111111
3488,546,0,22,M100101100001010000010101000010010101000001001100
3489,546,1,11,M100101100001010000010101000010010101000001001100
3490,546,2,6,M100101100001010000010101000010010101000001001100
3491,546,3,23,M100101100001010000010101000010010101000001001100
3492,546,4,30,M100101100001010000010101000010010101000001001100
3493,546,5,25,M100101100001010000010101000010010101000001001100
3494,546,6,24,M100101100001010000010101000010010101000001001100
3495,546,7,12,M100101100001010000010101000010010101000001001100
3496,546,8,31,M100101100001010000010101000010010101000001001100
3497,546,9,3,M100101100001010000010101000010010101000001001100
3498,546,10,8,M100101100001010000010101000010010101000001001100
3499,546,11,1,M100101100001010000010101000010010101000001001100
3500,546,12,16,M100101100001010000010101000010010101000001001100
3501,546,13,2,M100101100001010000010101000010010101000001001100
3502,546,14,0,M100101100001010000010101000010010101000001001100
3503,546,15,20,M100101100001010000010101000010010101000001001100
3504,546,16,28,M100101100001010000010101000010010101000001001100
3505,546,17,26,M100101100001010000010101000010010101000001001100
3506,546,18,29,M100101100001010000010101000010010101000001001100
3507,546,19,5,M100101100001010000010101000010010101000001001100
3508,546,20,13,M100101100001010000010101000010010101000001001100
3509,546,21,27,M100101100001010000010101000010010101000001001100
3510,546,22,4,M100101100001010000010101000010010101000001001100
3511,546,23,18,M100101100001010000010101000010010101000001001100
3512,546,24,10,M100101100001010000010101000010010101000001001100
3513,546,25,14,M100101100001010000010101000010010101000001001100
3514,546,26,15,M100101100001010000010101000010010101000001001100
3515,546,27,21,M100101100001010000010101000010010101000001001100
3516,546,28,17,M100101100001010000010101000010010101000001001100
3517,546,29,9,M100101100001010000010101000010010101000001001100
3518,546,30,7,M100101100001010000010101000010010101000001001100
3519,546,31,19,M100101100001010000010101000010010101000001001100
3616,264,0,12,M001010100000111010101010000000011000000000001111
3617,264,1,27,M001010100000111010101010000000011000000000001111
3618,264,2,19,M001010100000111010101010000000011000000000001111
3619,264,3,11,M001010100000111010101010000000011000000000001111
3620,264,4,24,M001010100000111010101010000000011000000000001111
3621,264,5,3,M001010100000111010101010000000011000000000001111
3622,264,6,21,M001010100000111010101010000000011000000000001111
3623,264,7,9,M001010100000111010101010000000011000000000001111
3624,264,8,20,M001010100000111010101010000000011000000000001111
3625,264,9,4,M001010100000111010101010000000011000000000001111
3626,264,10,17,M001010100000111010101010000000011000000000001111
3627,264,11,26,M001010100000111010101010000000011000000000001111
3628,264,12,5,M001010100000111010101010000000011000000000001111
3629,264,13,30,M001010100000111010101010000000011000000000001111
3630,264,14,25,M001010100000111010101010000000011000000000001111
3631,264,15,18,M001010100000111010101010000000011000000000001111
3632,264,16,2,M001010100000111010101010000000011000000000001111
3633,264,17,1,M001010100000111010101010000000011000000000001111
3634,264,18,31,M001010100000111010101010000000011000000000001111
3635,264,19,6,M001010100000111010101010000000011000000000001111
3636,264,20,10,M001010100000111010101010000000011000000000001111
3637,264,21,29,M001010100000111010101010000000011000000000001111
3638,264,22,28,M001010100000111010101010000000011000000000001111
3639,264,23,23,M001010100000111010101010000000011000000000001111
3640,264,24,13,M001010100000111010101010000000011000000000001111
3641,264,25,22,M001010100000111010101010000000011000000000001111
3642,264,26,7,M001010100000111010101010000000011000000000001111
3643,264,27,16,M001010100000111010101010000000011000000000001111
3644,264,28,14,M001010100000111010101010000000011000000000001111
3645,264,29,8,M001010100000111010101010000000011000000000001111
3646,264,30,0,M001010100000111010101010000000011000000000001111
3647,264,31,15,M001010100000111010101010000000011000000000001111
3712,256,0,12,M101000000100001000011001100000011011000000111100
3713,256,1,7,M101000000100001000011001100000011011000000111100
3714,256,2,31,M101000000100001000011001100000011011000000111100
3715,256,3,25,M101000000100001000011001100000011011000000111100
3716,256,4,0,M101000000100001000011001100000011011000000111100
3717,256,5,5,M101000000100001000011001100000011011000000111100
3718,256,6,30,M101000000100001000011001100000011011000000111100
3719,256,7,14,M101000000100001000011001100000011011000000111100
3720,256,8,11,M101000000100001000011001100000011011000000111100
3721,256,9,9,M101000000100001000011001100000011011000000111100
3722,256,10,13,M101000000100001000011001100000011011000000111100
3723,256,11,1,M101000000100001000011001100000011011000000111100
3724,256,12,29,M101000000100001000011001100000011011000000111100
3725,256,13,16,M101000000100001000011001100000011011000000111100
3726,256,14,27,M101000000100001000011001100000011011000000111100
3727,256,15,6,M101000000100001000011001100000011011000000111100
3728,256,16,17,M101000000100001000011001100000011011000000111100
3729,256,17,3,M101000000100001000011001100000011011000000111100
3730,256,18,22,M101000000100001000011001100000011011000000111100
3731,256,19,15,M101000000100001000011001100000011011000000111100
3732,256,20,23,M101000000100001000011001100000011011000000111100
3733,256,21,4,M101000000100001000011001100000011011000000111100
3734,256,22,18,M101000000100001000011001100000011011000000111100
3735,256,23,10,M101000000100001000011001100000011011000000111100
3736,256,24,28,M101000000100001000011001100000011011000000111100
3737,256,25,24,M101000000100001000011001100000011011000000111100
3738,256,26,19,M101000000100001000011001100000011011000000111100
3739,256,27,8,M101000000100001000011001100000011011000000111100
3740,256,28,21,M101000000100001000011001100000011011000000111100
3741,256,29,26,M101000000100001000011001100000011011000000111100
3742,256,30,20,M101000000100001000011001100000011011000000111100
3743,256,31,2,M101000000100001000011001100000011011000000111100
3808,231,0,15,M001110100010000000100010110111000000000000110011
3809,231,1,9,M001110100010000000100010110111000000000000110011
3810,231,2,22,M001110100010000000100010110111000000000000110011
3811,231,3,19,M001110100010000000100010110111000000000000110011
3812,231,4,20,M001110100010000000100010110111000000000000110011
3813,231,5,6,M001110100010000000100010110111000000000000110011
3814,231,6,12,M001110100010000000100010110111000000000000110011
3815,231,7,4,M001110100010000000100010110111000000000000110011
3816,231,8,3,M001110100010000000100010110111000000000000110011
3817,231,9,24,M001110100010000000100010110111000000000000110011
3818,231,10,26,M001110100010000000100010110111000000000000110011
3819,231,11,18,M001110100010000000100010110111000000000000110011
3820,231,12,17,M001110100010000000100010110111000000000000110011
3821,231,13,29,M001110100010000000100010110111000000000000110011
3822,231,14,21,M001110100010000000100010110111000000000000110011
3823,231,15,27,M001110100010000000100010110111000000000000110011
3824,231,16,2,M001110100010000000100010110111000000000000110011
3825,231,17,0,M001110100010000000100010110111000000000000110011
3826,231,18,25,M001110100010000000100010110111000000000000110011
3827,231,19,8,M001110100010000000100010110111000000000000110011
3828,231,20,5,M001110100010000000100010110111000000000000110011
3829,231,21,1,M001110100010000000100010110111000000000000110011
3830,231,22,30,M001110100010000000100010110111000000000000110011
3831,231,23,7,M001110100010000000100010110111000000000000110011
3832,231,24,11,M001110100010000000100010110111000000000000110011
3833,231,25,10,M001110100010000000100010110111000000000000110011
3834,231,26,13,M001110100010000000100010110111000000000000110011
3835,231,27,14,M001110100010000000100010110111000000000000110011
3836,231,28,23,M001110100010000000100010110111000000000000110011
3837,231,29,31,M001110100010000000100010110111000000000000110011
3838,231,30,28,M001110100010000000100010110111000000000000110011
3839,231,31,16,M001110100010000000100010110111000000000000110011
4064,313,0,26,M101010001010000110000000101011000000010100010011
4065,313,1,23,M101010001010000110000000101011000000010100010011
4066,313,2,12,M101010001010000110000000101011000000010100010011
4067,313,3,2,M101010001010000110000000101011000000010100010011
4068,313,4,6,M101010001010000110000000101011000000010100010011
4069,313,5,17,M101010001010000110000000101011000000010100010011
4070,313,6,18,M101010001010000110000000101011000000010100010011
4071,313,7,11,M101010001010000110000000101011000000010100010011
4072,313,8,1,M101010001010000110000000101011000000010100010011
4073,313,9,21,M101010001010000110000000101011000000010100010011
4074,313,10,9,M101010001010000110000000101011000000010100010011
4075,313,11,19,M101010001010000110000000101011000000010100010011
4076,313,12,31,M101010001010000110000000101011000000010100010011
4077,313,13,24,M101010001010000110000000101011000000010100010011
4078,313,14,25,M101010001010000110000000101011000000010100010011
4079,313,15,5,M101010001010000110000000101011000000010100010011
4080,313,16,27,M101010001010000110000000101011000000010100010011
4081,313,17,30,M101010001010000110000000101011000000010100010011
4082,313,18,14,M101010001010000110000000101011000000010100010011
4083,313,19,3,M101010001010000110000000101011000000010100010011
4084,313,20,10,M101010001010000110000000101011000000010100010011
4085,313,21,13,M101010001010000110000000101011000000010100010011
4086,313,22,16,M101010001010000110000000101011000000010100010011
4087,313,23,7,M101010001010000110000000101011000000010100010011
4088,313,24,28,M101010001010000110000000101011000000010100010011
4089,313,25,0,M101010001010000110000000101011000000010100010011
4090,313,26,29,M101010001010000110000000101011000000010100010011
4091,313,27,15,M101010001010000110000000101011000000010100010011
4092,313,28,4,M101010001010000110000000101011000000010100010011
4093,313,29,22,M101010001010000110000000101011000000010100010011
4094,313,30,20,M101010001010000110000000101011000000010100010011
4095,313,31,8,M101010001010000110000000101011000000010100010011
4224,124,0,4,M110101000001100010001010100000010000001011000110
4225,124,1,29,M110101000001100010001010100000010000001011000110
4226,124,2,20,M110101000001100010001010100000010000001011000110
4227,124,3,30,M110101000001100010001010100000010000001011000110
4228,124,4,11,M110101000001100010001010100000010000001011000110
4229,124,5,2,M110101000001100010001010100000010000001011000110
4230,124,6,28,M110101000001100010001010100000010000001011000110
4231,124,7,9,M110101000001100010001010100000010000001011000110
4232,124,8,6,M110101000001100010001010100000010000001011000110
4233,124,9,10,M110101000001100010001010100000010000001011000110
4234,124,10,31,M110101000001100010001010100000010000001011000110
4235,124,11,19,M110101000001100010001010100000010000001011000110
4236,124,12,18,M110101000001100010001010100000010000001011000110
4237,124,13,27,M110101000001100010001010100000010000001011000110
4238,124,14,5,M110101000001100010001010100000010000001011000110
4239,124,15,26,M110101000001100010001010100000010000001011000110
4240,124,16,1,M110101000001100010001010100000010000001011000110
4241,124,17,7,M110101000001100010001010100000010000001011000110
4242,124,18,24,M110101000001100010001010100000010000001011000110
4243,124,19,21,M110101000001100010001010100000010000001011000110
4244,124,20,22,M110101000001100010001010100000010000001011000110
4245,124,21,13,M110101000001100010001010100000010000001011000110
4246,124,22,16,M110101000001100010001010100000010000001011000110
4247,124,23,15,M110101000001100010001010100000010000001011000110
4248,124,24,14,M110101000001100010001010100000010000001011000110
4249,124,25,8,M110101000001100010001010100000010000001011000110
4250,124,26,25,M110101000001100010001010100000010000001011000110
4251,124,27,23,M110101000001100010001010100000010000001011000110
4252,124,28,0,M110101000001100010001010100000010000001011000110
4253,124,29,3,M110101000001100010001010100000010000001011000110
4254,124,30,12,M110101000001100010001010100000010000001011000110
4255,124,31,17,M110101000001100010001010100000010000001011000110
4288,82,0,0,M011101010000110000100010110000001001100000100010
4289,82,1,24,M011101010000110000100010110000001001100000100010
4290,82,2,1,M011101010000110000100010110000001001100000100010
4291,82,3,16,M011101010000110000100010110000001001100000100010
4292,82,4,13,M011101010000110000100010110000001001100000100010
4293,82,5,5,M011101010000110000100010110000001001100000100010
4294,82,6,8,M011101010000110000100010110000001001100000100010
4295,82,7,22,M011101010000110000100010110000001001100000100010
4296,82,8,2,M011101010000110000100010110000001001100000100010
4297,82,9,9,M011101010000110000100010110000001001100000100010
4298,82,10,28,M011101010000110000100010110000001001100000100010
4299,82,11,15,M011101010000110000100010110000001001100000100010
4300,82,12,27,M011101010000110000100010110000001001100000100010
4301,82,13,11,M011101010000110000100010110000001001100000100010
4302,82,14,21,M011101010000110000100010110000001001100000100010
4303,82,15,31,M011101010000110000100010110000001001100000100010
4304,82,16,20,M011101010000110000100010110000001001100000100010
4305,82,17,18,M011101010000110000100010110000001001100000100010
4306,82,18,14,M011101010000110000100010110000001001100000100010
4307,82,19,29,M011101010000110000100010110000001001100000100010
4308,82,20,19,M011101010000110000100010110000001001100000100010
4309,82,21,10,M011101010000110000100010110000001001100000100010
4310,82,22,6,M011101010000110000100010110000001001100000100010
4311,82,23,25,M011101010000110000100010110000001001100000100010
4312,82,24,4,M011101010000110000100010110000001001100000100010
4313,82,25,26,M011101010000110000100010110000001001100000100010
4314,82,26,30,M011101010000110000100010110000001001100000100010
4315,82,27,23,M011101010000110000100010110000001001100000100010
4316,82,28,12,M011101010000110000100010110000001001100000100010
4317,82,29,17,M011101010000110000100010110000001001100000100010
4318,82,30,3,M011101010000110000100010110000001001100000100010
4319,82,31,7,M011101010000110000100010110000001001100000100010
4544,288,0,28,M001011100000011010000100000011000010110000011010
4545,288,1,18,M001011100000011010000100000011000010110000011010
4546,288,2,24,M001011100000011010000100000011000010110000011010
4547,288,3,25,M001011100000011010000100000011000010110000011010
4548,288,4,16,M001011100000011010000100000011000010110000011010
4549,288,5,12,M001011100000011010000100000011000010110000011010
4550,288,6,6,M001011100000011010000100000011000010110000011010
4551,288,7,20,M001011100000011010000100000011000010110000011010
4552,288,8,21,M001011100000011010000100000011000010110000011010
4553,288,9,23,M001011100000011010000100000011000010110000011010
4554,288,10,26,M001011100000011010000100000011000010110000011010
4555,288,11,29,M001011100000011010000100000011000010110000011010
4556,288,12,30,M001011100000011010000100000011000010110000011010
4557,288,13,8,M001011100000011010000100000011000010110000011010
4558,288,14,7,M001011100000011010000100000011000010110000011010
4559,288,15,13,M001011100000011010000100000011000010110000011010
4560,288,16,14,M001011100000011010000100000011000010110000011010
4561,288,17,31,M001011100000011010000100000011000010110000011010
4562,288,18,22,M001011100000011010000100000011000010110000011010
4563,288,19,15,M001011100000011010000100000011000010110000011010
4564,288,20,9,M001011100000011010000100000011000010110000011010
4565,288,21,11,M001011100000011010000100000011000010110000011010
4566,288,22,4,M001011100000011010000100000011000010110000011010
4567,288,23,19,M001011100000011010000100000011000010110000011010
4568,288,24,3,M001011100000011010000100000011000010110000011010
4569,288,25,5,M001011100000011010000100000011000010110000011010
4570,288,26,10,M001011100000011010000100000011000010110000011010
4571,288,27,17,M001011100000011010000100000011000010110000011010
4572,288,28,1,M001011100000011010000100000011000010110000011010
4573,288,29,27,M001011100000011010000100000011000010110000011010
4574,288,30,0,M001011100000011010000100000011000010110000011010
4575,288,31,2,M001011100000011010000100000011000010110000011010
4640,3,0,6,M011101010100000000010110100000011000001010000110
4641,3,1,16,M011101010100000000010110100000011000001010000110
4642,3,2,12,M011101010100000000010110100000011000001010000110
4643,3,3,15,M011101010100000000010110100000011000001010000110
4644,3,4,0,M011101010100000000010110100000011000001010000110
4645,3,5,21,M011101010100000000010110100000011000001010000110
4646,3,6,3,M011101010100000000010110100000011000001010000110
4647,3,7,7,M011101010100000000010110100000011000001010000110
4648,3,8,31,M011101010100000000010110100000011000001010000110
4649,3,9,13,M011101010100000000010110100000011000001010000110
4650,3,10,20,M011101010100000000010110100000011000001010000110
4651,3,11,14,M011101010100000000010110100000011000001010000110
4652,3,12,8,M011101010100000000010110100000011000001010000110
4653,3,13,17,M011101010100000000010110100000011000001010000110
4654,3,14,22,M011101010100000000010110100000011000001010000110
4655,3,15,27,M011101010100000000010110100000011000001010000110
4656,3,16,9,M011101010100000000010110100000011000001010000110
4657,3,17,19,M011101010100000000010110100000011000001010000110
4658,3,18,25,M011101010100000000010110100000011000001010000110
4659,3,19,23,M011101010100000000010110100000011000001010000110
4660,3,20,2,M011101010100000000010110100000011000001010000110
4661,3,21,28,M011101010100000000010110100000011000001010000110
4662,3,22,1,M011101010100000000010110100000011000001010000110
4663,3,23,4,M011101010100000000010110100000011000001010000110
4664,3,24,18,M011101010100000000010110100000011000001010000110
4665,3,25,24,M011101010100000000010110100000011000001010000110
4666,3,26,10,M011101010100000000010110100000011000001010000110
4667,3,27,30,M011101010100000000010110100000011000001010000110
4668,3,28,5,M011101010100000000010110100000011000001010000110
4669,3,29,29,M011101010100000000010110100000011000001010000110
4670,3,30,26,M011101010100000000010110100000011000001010000110
4671,3,31,11,M011101010100000000010110100000011000001010000110
4736,462,0,16,M101000000010010000011000000110110000000100111011
4737,462,1,9,M101000000010010000011000000110110000000100111011
4738,462,2,25,M101000000010010000011000000110110000000100111011
4739,462,3,23,M101000000010010000011000000110110000000100111011
4740,462,4,17,M101000000010010000011000000110110000000100111011
4741,462,5,3,M101000000010010000011000000110110000000100111011
4742,462,6,30,M101000000010010000011000000110110000000100111011
4743,462,7,29,M101000000010010000011000000110110000000100111011
4744,462,8,20,M101000000010010000011000000110110000000100111011
4745,462,9,19,M101000000010010000011000000110110000000100111011
4746,462,10,14,M101000000010010000011000000110110000000100111011
4747,462,11,1,M101000000010010000011000000110110000000100111011
4748,462,12,12,M101000000010010000011000000110110000000100111011
4749,462,13,0,M101000000010010000011000000110110000000100111011
4750,462,14,7,M101000000010010000011000000110110000000100111011
4751,462,15,11,M101000000010010000011000000110110000000100111011
4752,462,16,31,M101000000010010000011000000110110000000100111011
4753,462,17,18,M101000000010010000011000000110110000000100111011
4754,462,18,8,M101000000010010000011000000110110000000100111011
4755,462,19,13,M101000000010010000011000000110110000000100111011
4756,462,20,22,M101000000010010000011000000110110000000100111011
4757,462,21,24,M101000000010010000011000000110110000000100111011
4758,462,22,5,M101000000010010000011000000110110000000100111011
4759,462,23,27,M101000000010010000011000000110110000000100111011
4760,462,24,2,M101000000010010000011000000110110000000100111011
4761,462,25,10,M101000000010010000011000000110110000000100111011
4762,462,26,21,M101000000010010000011000000110110000000100111011
4763,462,27,4,M101000000010010000011000000110110000000100111011
4764,462,28,28,M101000000010010000011000000110110000000100111011
4765,462,29,6,M101000000010010000011000000110110000000100111011
4766,462,30,15,M101000000010010000011000000110110000000100111011
4767,462,31,26,M101000000010010000011000000110110000000100111011
4768,461,0,4,M111011010000001000110010101000000000001010110000
4769,461,1,29,M111011010000001000110010101000000000001010110000
4770,461,2,3,M111011010000001000110010101000000000001010110000
4771,461,3,11,M111011010000001000110010101000000000001010110000
4772,461,4,24,M111011010000001000110010101000000000001010110000
4773,461,5,20,M111011010000001000110010101000000000001010110000
4774,461,6,9,M111011010000001000110010101000000000001010110000
4775,461,7,8,M111011010000001000110010101000000000001010110000
4776,461,8,7,M111011010000001000110010101000000000001010110000
4777,461,9,1,M111011010000001000110010101000000000001010110000
4778,461,10,31,M111011010000001000110010101000000000001010110000
4779,461,11,28,M111011010000001000110010101000000000001010110000
4780,461,12,27,M111011010000001000110010101000000000001010110000
4781,461,13,12,M111011010000001000110010101000000000001010110000
4782,461,14,23,M111011010000001000110010101000000000001010110000
4783,461,15,14,M111011010000001000110010101000000000001010110000
4784,461,16,26,M111011010000001000110010101000000000001010110000
4785,461,17,16,M111011010000001000110010101000000000001010110000
4786,461,18,15,M111011010000001000110010101000000000001010110000
4787,461,19,10,M111011010000001000110010101000000000001010110000
4788,461,20,18,M111011010000001000110010101000000000001010110000
4789,461,21,17,M111011010000001000110010101000000000001010110000
4790,461,22,19,M111011010000001000110010101000000000001010110000
4791,461,23,25,M111011010000001000110010101000000000001010110000
4792,461,24,6,M111011010000001000110010101000000000001010110000
4793,461,25,22,M111011010000001000110010101000000000001010110000
4794,461,26,5,M111011010000001000110010101000000000001010110000
4795,461,27,13,M111011010000001000110010101000000000001010110000
4796,461,28,30,M111011010000001000110010101000000000001010110000
4797,461,29,2,M111011010000001000110010101000000000001010110000
4798,461,30,0,M111011010000001000110010101000000000001010110000
4799,461,31,21,M111011010000001000110010101000000000001010110000
5024,475,0,11,M011010000010010000000011000101101010000001101100
5025,475,1,1,M011010000010010000000011000101101010000001101100
5026,475,2,0,M011010000010010000000011000101101010000001101100
5027,475,3,28,M011010000010010000000011000101101010000001101100
5028,475,4,12,M011010000010010000000011000101101010000001101100
5029,475,5,5,M011010000010010000000011000101101010000001101100
5030,475,6,9,M011010000010010000000011000101101010000001101100
5031,475,7,13,M011010000010010000000011000101101010000001101100
5032,475,8,6,M011010000010010000000011000101101010000001101100
5033,475,9,27,M011010000010010000000011000101101010000001101100
5034,475,10,14,M011010000010010000000011000101101010000001101100
5035,475,11,16,M011010000010010000000011000101101010000001101100
5036,475,12,8,M011010000010010000000011000101101010000001101100
5037,475,13,18,M011010000010010000000011000101101010000001101100
5038,475,14,15,M011010000010010000000011000101101010000001101100
5039,475,15,17,M011010000010010000000011000101101010000001101100
5040,475,16,22,M011010000010010000000011000101101010000001101100
5041,475,17,19,M011010000010010000000011000101101010000001101100
5042,475,18,29,M011010000010010000000011000101101010000001101100
5043,475,19,10,M011010000010010000000011000101101010000001101100
5044,475,20,4,M011010000010010000000011000101101010000001101100
5045,475,21,3,M011010000010010000000011000101101010000001101100
5046,475,22,30,M011010000010010000000011000101101010000001101100
5047,475,23,2,M011010000010010000000011000101101010000001101100
5048,475,24,20,M011010000010010000000011000101101010000001101100
5049,475,25,21,M011010000010010000000011000101101010000001101100
5050,475,26,23,M011010000010010000000011000101101010000001101100
5051,475,27,24,M011010000010010000000011000101101010000001101100
5052,475,28,7,M011010000010010000000011000101101010000001101100
5053,475,29,26,M011010000010010000000011000101101010000001101100
5054,475,30,25,M011010000010010000000011000101101010000001101100
5055,475,31,31,M011010000010010000000011000101101010000001101100
5088,109,0,13,M011101011000000001001011000000000010100001001011
5089,109,1,9,M011101011000000001001011000000000010100001001011
5090,109,2,30,M011101011000000001001011000000000010100001001011
5091,109,3,20,M011101011000000001001011000000000010100001001011
5092,109,4,19,M011101011000000001001011000000000010100001001011
5093,109,5,0,M011101011000000001001011000000000010100001001011
5094,109,6,5,M011101011000000001001011000000000010100001001011
5095,109,7,10,M011101011000000001001011000000000010100001001011
5096,109,8,15,M011101011000000001001011000000000010100001001011
5097,109,9,26,M011101011000000001001011000000000010100001001011
5098,109,10,12,M011101011000000001001011000000000010100001001011
5099,109,11,8,M011101011000000001001011000000000010100001001011
5100,109,12,6,M011101011000000001001011000000000010100001001011
5101,109,13,21,M011101011000000001001011000000000010100001001011
5102,109,14,14,M011101011000000001001011000000000010100001001011
5103,109,15,23,M011101011000000001001011000000000010100001001011
5104,109,16,25,M011101011000000001001011000000000010100001001011
5105,109,17,1,M011101011000000001001011000000000010100001001011
5106,109,18,17,M011101011000000001001011000000000010100001001011
5107,109,19,11,M011101011000000001001011000000000010100001001011
5108,109,20,3,M011101011000000001001011000000000010100001001011
5109,109,21,7,M011101011000000001001011000000000010100001001011
5110,109,22,27,M011101011000000001001011000000000010100001001011
5111,109,23,28,M011101011000000001001011000000000010100001001011
5112,109,24,29,M011101011000000001001011000000000010100001001011
5113,109,25,16,M011101011000000001001011000000000010100001001011
5114,109,26,22,M011101011000000001001011000000000010100001001011
5115,109,27,31,M011101011000000001001011000000000010100001001011
5116,109,28,4,M011101011000000001001011000000000010100001001011
5117,109,29,24,M011101011000000001001011000000000010100001001011
5118,109,30,2,M011101011000000001001011000000000010100001001011
5119,109,31,18,M011101011000000001001011000000000010100001001011
5152,549,0,11,M011010100000001110001000001101000100010100110000
5153,549,1,3,M011010100000001110001000001101000100010100110000
5154,549,2,9,M011010100000001110001000001101000100010100110000
5155,549,3,19,M011010100000001110001000001101000100010100110000
5156,549,4,16,M011010100000001110001000001101000100010100110000
5157,549,5,4,M011010100000001110001000001101000100010100110000
5158,549,6,30,M011010100000001110001000001101000100010100110000
5159,549,7,14,M011010100000001110001000001101000100010100110000
5160,549,8,25,M011010100000001110001000001101000100010100110000
5161,549,9,20,M011010100000001110001000001101000100010100110000
5162,549,10,27,M011010100000001110001000001101000100010100110000
5163,549,11,17,M011010100000001110001000001101000100010100110000
5164,549,12,8,M011010100000001110001000001101000100010100110000
5165,549,13,18,M011010100000001110001000001101000100010100110000
5166,549,14,6,M011010100000001110001000001101000100010100110000
5167,549,15,23,M011010100000001110001000001101000100010100110000
5168,549,16,29,M011010100000001110001000001101000100010100110000
5169,549,17,2,M011010100000001110001000001101000100010100110000
5170,549,18,0,M011010100000001110001000001101000100010100110000
5171,549,19,31,M011010100000001110001000001101000100010100110000
5172,549,20,24,M011010100000001110001000001101000100010100110000
5173,549,21,12,M011010100000001110001000001101000100010100110000
5174,549,22,28,M011010100000001110001000001101000100010100110000
5175,549,23,21,M011010100000001110001000001101000100010100110000
5176,549,24,26,M011010100000001110001000001101000100010100110000
5177,549,25,15,M011010100000001110001000001101000100010100110000
5178,549,26,1,M011010100000001110001000001101000100010100110000
5179,549,27,5,M011010100000001110001000001101000100010100110000
5180,549,28,10,M011010100000001110001000001101000100010100110000
5181,549,29,22,M011010100000001110001000001101000100010100110000
5182,549,30,13,M011010100000001110001000001101000100010100110000
5183,549,31,7,M011010100000001110001000001101000100010100110000
5600,359,0,29,M010110000000000001100011001101010100100010010001
5601,359,1,11,M010110000000000001100011001101010100100010010001
5602,359,2,10,M010110000000000001100011001101010100100010010001
5603,359,3,6,M010110000000000001100011001101010100100010010001
5604,359,4,15,M010110000000000001100011001101010100100010010001
5605,359,5,22,M010110000000000001100011001101010100100010010001
5606,359,6,19,M010110000000000001100011001101010100100010010001
5607,359,7,18,M010110000000000001100011001101010100100010010001
5608,359,8,28,M010110000000000001100011001101010100100010010001
5609,359,9,1,M010110000000000001100011001101010100100010010001
5610,359,10,31,M010110000000000001100011001101010100100010010001
5611,359,11,8,M010110000000000001100011001101010100100010010001
5612,359,12,7,M010110000000000001100011001101010100100010010001
5613,359,13,5,M010110000000000001100011001101010100100010010001
5614,359,14,12,M010110000000000001100011001101010100100010010001
5615,359,15,24,M010110000000000001100011001101010100100010010001
5616,359,16,14,M010110000000000001100011001101010100100010010001
5617,359,17,3,M010110000000000001100011001101010100100010010001
5618,359,18,9,M010110000000000001100011001101010100100010010001
5619,359,19,2,M010110000000000001100011001101010100100010010001
5620,359,20,23,M010110000000000001100011001101010100100010010001
5621,359,21,20,M010110000000000001100011001101010100100010010001
5622,359,22,27,M010110000000000001100011001101010100100010010001
5623,359,23,26,M010110000000000001100011001101010100100010010001
5624,359,24,30,M010110000000000001100011001101010100100010010001
5625,359,25,0,M010110000000000001100011001101010100100010010001
5626,359,26,25,M010110000000000001100011001101010100100010010001
5627,359,27,21,M010110000000000001100011001101010100100010010001
5628,359,28,4,M010110000000000001100011001101010100100010010001
5629,359,29,13,M010110000000000001100011001101010100100010010001
5630,359,30,17,M010110000000000001100011001101010100100010010001
5631,359,31,16,M010110000000000001100011001101010100100010010001
5728,551,0,22,M010101010001001000000000000100011110000010011101
5729,551,1,31,M010101010001001000000000000100011110000010011101
5730,551,2,14,M010101010001001000000000000100011110000010011101
5731,551,3,23,M010101010001001000000000000100011110000010011101
5732,551,4,3,M010101010001001000000000000100011110000010011101
5733,551,5,28,M010101010001001000000000000100011110000010011101
5734,551,6,13,M010101010001001000000000000100011110000010011101
5735,551,7,27,M010101010001001000000000000100011110000010011101
5736,551,8,15,M010101010001001000000000000100011110000010011101
5737,551,9,17,M010101010001001000000000000100011110000010011101
5738,551,10,18,M010101010001001000000000000100011110000010011101
5739,551,11,30,M010101010001001000000000000100011110000010011101
5740,551,12,5,M010101010001001000000000000100011110000010011101
5741,551,13,2,M010101010001001000000000000100011110000010011101
5742,551,14,6,M010101010001001000000000000100011110000010011101
5743,551,15,26,M010101010001001000000000000100011110000010011101
5744,551,16,11,M010101010001001000000000000100011110000010011101
5745,551,17,12,M010101010001001000000000000100011110000010011101
5746,551,18,19,M010101010001001000000000000100011110000010011101
5747,551,19,29,M010101010001001000000000000100011110000010011101
5748,551,20,4,M010101010001001000000000000100011110000010011101
5749,551,21,25,M010101010001001000000000000100011110000010011101
5750,551,22,1,M010101010001001000000000000100011110000010011101
5751,551,23,20,M010101010001001000000000000100011110000010011101
5752,551,24,24,M010101010001001000000000000100011110000010011101
5753,551,25,21,M010101010001001000000000000100011110000010011101
5754,551,26,8,M010101010001001000000000000100011110000010011101
5755,551,27,16,M010101010001001000000000000100011110000010011101
5756,551,28,10,M010101010001001000000000000100011110000010011101
5757,551,29,7,M010101010001001000000000000100011110000010011101
5758,551,30,9,M010101010001001000000000000100011110000010011101
5759,551,31,0,M010101010001001000000000000100011110000010011101
5824,362,0,12,M011010100010100101000000001000100000010111010100
5825,362,1,20,M011010100010100101000000001000100000010111010100
5826,362,2,26,M011010100010100101000000001000100000010111010100
5827,362,3,2,M011010100010100101000000001000100000010111010100
5828,362,4,10,M011010100010100101000000001000100000010111010100
5829,362,5,30,M011010100010100101000000001000100000010111010100
5830,362,6,11,M011010100010100101000000001000100000010111010100
5831,362,7,21,M011010100010100101000000001000100000010111010100
5832,362,8,19,M011010100010100101000000001000100000010111010100
5833,362,9,1,M011010100010100101000000001000100000010111010100
5834,362,10,6,M011010100010100101000000001000100000010111010100
5835,362,11,15,M011010100010100101000000001000100000010111010100
5836,362,12,31,M011010100010100101000000001000100000010111010100
5837,362,13,5,M011010100010100101000000001000100000010111010100
5838,362,14,14,M011010100010100101000000001000100000010111010100
5839,362,15,0,M011010100010100101000000001000100000010111010100
5840,362,16,28,M011010100010100101000000001000100000010111010100
5841,362,17,16,M011010100010100101000000001000100000010111010100
5842,362,18,25,M011010100010100101000000001000100000010111010100
5843,362,19,17,M011010100010100101000000001000100000010111010100
5844,362,20,23,M011010100010100101000000001000100000010111010100
5845,362,21,18,M011010100010100101000000001000100000010111010100
5846,362,22,4,M011010100010100101000000001000100000010111010100
5847,362,23,3,M011010100010100101000000001000100000010111010100
5848,362,24,27,M011010100010100101000000001000100000010111010100
5849,362,25,7,M011010100010100101000000001000100000010111010100
5850,362,26,9,M011010100010100101000000001000100000010111010100
5851,362,27,24,M011010100010100101000000001000100000010111010100
5852,362,28,13,M011010100010100101000000001000100000010111010100
5853,362,29,22,M011010100010100101000000001000100000010111010100
5854,362,30,8,M011010100010100101000000001000100000010111010100
5855,362,31,29,M011010100010100101000000001000100000010111010100
6016,395,0,24,M011101101100010000011000001000000001000010001011
6017,395,1,10,M011101101100010000011000001000000001000010001011
6018,395,2,0,M011101101100010000011000001000000001000010001011
6019,395,3,19,M011101101100010000011000001000000001000010001011
6020,395,4,15,M011101101100010000011000001000000001000010001011
6021,395,5,25,M011101101100010000011000001000000001000010001011
6022,395,6,21,M011101101100010000011000001000000001000010001011
6023,395,7,13,M011101101100010000011000001000000001000010001011
6024,395,8,30,M011101101100010000011000001000000001000010001011
6025,395,9,31,M011101101100010000011000001000000001000010001011
6026,395,10,20,M011101101100010000011000001000000001000010001011
6027,395,11,18,M011101101100010000011000001000000001000010001011
6028,395,12,17,M011101101100010000011000001000000001000010001011
6029,395,13,16,M011101101100010000011000001000000001000010001011
6030,395,14,22,M011101101100010000011000001000000001000010001011
6031,395,15,9,M011101101100010000011000001000000001000010001011
6032,395,16,2,M011101101100010000011000001000000001000010001011
6033,395,17,11,M011101101100010000011000001000000001000010001011
6034,395,18,5,M011101101100010000011000001000000001000010001011
6035,395,19,23,M011101101100010000011000001000000001000010001011
6036,395,20,4,M011101101100010000011000001000000001000010001011
6037,395,21,8,M011101101100010000011000001000000001000010001011
6038,395,22,26,M011101101100010000011000001000000001000010001011
6039,395,23,7,M011101101100010000011000001000000001000010001011
6040,395,24,14,M011101101100010000011000001000000001000010001011
6041,395,25,12,M011101101100010000011000001000000001000010001011
6042,395,26,27,M011101101100010000011000001000000001000010001011
6043,395,27,6,M011101101100010000011000001000000001000010001011
6044,395,28,1,M011101101100010000011000001000000001000010001011
6045,395,29,3,M011101101100010000011000001000000001000010001011
6046,395,30,29,M011101101100010000011000001000000001000010001011
6047,395,31,28,M011101101100010000011000001000000001000010001011
6240,354,0,10,M010100000001110100100000110100001000100001110010
6241,354,1,31,M010100000001110100100000110100001000100001110010
6242,354,2,15,M010100000001110100100000110100001000100001110010
6243,354,3,3,M010100000001110100100000110100001000100001110010
6244,354,4,29,M010100000001110100100000110100001000100001110010
6245,354,5,27,M010100000001110100100000110100001000100001110010
6246,354,6,12,M010100000001110100100000110100001000100001110010
6247,354,7,17,M010100000001110100100000110100001000100001110010
6248,354,8,5,M010100000001110100100000110100001000100001110010
6249,354,9,8,M010100000001110100100000110100001000100001110010
6250,354,10,28,M010100000001110100100000110100001000100001110010
6251,354,11,6,M010100000001110100100000110100001000100001110010
6252,354,12,20,M010100000001110100100000110100001000100001110010
6253,354,13,13,M010100000001110100100000110100001000100001110010
6254,354,14,23,M010100000001110100100000110100001000100001110010
6255,354,15,16,M010100000001110100100000110100001000100001110010
6256,354,16,2,M010100000001110100100000110100001000100001110010
6257,354,17,9,M010100000001110100100000110100001000100001110010
6258,354,18,14,M010100000001110100100000110100001000100001110010
6259,354,19,18,M010100000001110100100000110100001000100001110010
6260,354,20,7,M010100000001110100100000110100001000100001110010
6261,354,21,30,M010100000001110100100000110100001000100001110010
6262,354,22,19,M010100000001110100100000110100001000100001110010
6263,354,23,1,M010100000001110100100000110100001000100001110010
6264,354,24,26,M010100000001110100100000110100001000100001110010
6265,354,25,11,M010100000001110100100000110100001000100001110010
6266,354,26,24,M010100000001110100100000110100001000100001110010
6267,354,27,4,M010100000001110100100000110100001000100001110010
6268,354,28,22,M010100000001110100100000110100001000100001110010
6269,354,29,21,M010100000001110100100000110100001000100001110010
6270,354,30,0,M010100000001110100100000110100001000100001110010
6271,354,31,25,M010100000001110100100000110100001000100001110010
6368,376,0,30,M010100000000000101100001111001000001100000010111
6369,376,1,1,M010100000000000101100001111001000001100000010111
6370,376,2,22,M010100000000000101100001111001000001100000010111
6371,376,3,23,M010100000000000101100001111001000001100000010111
6372,376,4,16,M010100000000000101100001111001000001100000010111
6373,376,5,11,M010100000000000101100001111001000001100000010111
6374,376,6,15,M010100000000000101100001111001000001100000010111
6375,376,7,31,M010100000000000101100001111001000001100000010111
6376,376,8,17,M010100000000000101100001111001000001100000010111
6377,376,9,20,M010100000000000101100001111001000001100000010111
6378,376,10,27,M010100000000000101100001111001000001100000010111
6379,376,11,26,M010100000000000101100001111001000001100000010111
6380,376,12,24,M010100000000000101100001111001000001100000010111
6381,376,13,4,M010100000000000101100001111001000001100000010111
6382,376,14,19,M010100000000000101100001111001000001100000010111
6383,376,15,18,M010100000000000101100001111001000001100000010111
6384,376,16,29,M010100000000000101100001111001000001100000010111
6385,376,17,25,M010100000000000101100001111001000001100000010111
6386,376,18,3,M010100000000000101100001111001000001100000010111
6387,376,19,8,M010100000000000101100001111001000001100000010111
6388,376,20,12,M010100000000000101100001111001000001100000010111
6389,376,21,21,M010100000000000101100001111001000001100000010111
6390,376,22,10,M010100000000000101100001111001000001100000010111
6391,376,23,28,M010100000000000101100001111001000001100000010111
6392,376,24,2,M010100000000000101100001111001000001100000010111
6393,376,25,14,M010100000000000101100001111001000001100000010111
6394,376,26,13,M010100000000000101100001111001000001100000010111
6395,376,27,6,M010100000000000101100001111001000001100000010111
6396,376,28,5,M010100000000000101100001111001000001100000010111
6397,376,29,0,M010100000000000101100001111001000001100000010111
6398,376,30,7,M010100000000000101100001111001000001100000010111
6399,376,31,9,M010100000000000101100001111001000001100000010111
6656,331,0,13,M110101000010000000010010000000110000110001111010
6657,331,1,1,M110101000010000000010010000000110000110001111010
6658,331,2,19,M110101000010000000010010000000110000110001111010
6659,331,3,14,M110101000010000000010010000000110000110001111010
6660,331,4,10,M110101000010000000010010000000110000110001111010
6661,331,5,25,M110101000010000000010010000000110000110001111010
6662,331,6,7,M110101000010000000010010000000110000110001111010
6663,331,7,24,M110101000010000000010010000000110000110001111010
6664,331,8,9,M110101000010000000010010000000110000110001111010
6665,331,9,29,M110101000010000000010010000000110000110001111010
6666,331,10,22,M110101000010000000010010000000110000110001111010
6667,331,11,8,M110101000010000000010010000000110000110001111010
6668,331,12,26,M110101000010000000010010000000110000110001111010
6669,331,13,2,M110101000010000000010010000000110000110001111010
6670,331,14,21,M110101000010000000010010000000110000110001111010
6671,331,15,16,M110101000010000000010010000000110000110001111010
6672,331,16,30,M110101000010000000010010000000110000110001111010
6673,331,17,11,M110101000010000000010010000000110000110001111010
6674,331,18,20,M110101000010000000010010000000110000110001111010
6675,331,19,23,M110101000010000000010010000000110000110001111010
6676,331,20,12,M110101000010000000010010000000110000110001111010
6677,331,21,17,M110101000010000000010010000000110000110001111010
6678,331,22,5,M110101000010000000010010000000110000110001111010
6679,331,23,18,M110101000010000000010010000000110000110001111010
6680,331,24,6,M110101000010000000010010000000110000110001111010
6681,331,25,31,M110101000010000000010010000000110000110001111010
6682,331,26,15,M110101000010000000010010000000110000110001111010
6683,331,27,27,M110101000010000000010010000000110000110001111010
6684,331,28,0,M110101000010000000010010000000110000110001111010
6685,331,29,4,M110101000010000000010010000000110000110001111010
6686,331,30,3,M110101000010000000010010000000110000110001111010
6687,331,31,28,M110101000010000000010010000000110000110001111010
6784,192,0,25,M001011000011001000000011010010000010010100110001
6785,192,1,4,M001011000011001000000011010010000010010100110001
6786,192,2,29,M001011000011001000000011010010000010010100110001
6787,192,3,17,M001011000011001000000011010010000010010100110001
6788,192,4,6,M001011000011001000000011010010000010010100110001
6789,192,5,20,M001011000011001000000011010010000010010100110001
6790,192,6,26,M001011000011001000000011010010000010010100110001
6791,192,7,16,M001011000011001000000011010010000010010100110001
6792,192,8,10,M001011000011001000000011010010000010010100110001
6793,192,9,18,M001011000011001000000011010010000010010100110001
6794,192,10,23,M001011000011001000000011010010000010010100110001
6795,192,11,14,M001011000011001000000011010010000010010100110001
6796,192,12,0,M001011000011001000000011010010000010010100110001
6797,192,13,15,M001011000011001000000011010010000010010100110001
6798,192,14,28,M001011000011001000000011010010000010010100110001
6799,192,15,13,M001011000011001000000011010010000010010100110001
6800,192,16,21,M001011000011001000000011010010000010010100110001
6801,192,17,30,M001011000011001000000011010010000010010100110001
6802,192,18,22,M001011000011001000000011010010000010010100110001
6803,192,19,2,M001011000011001000000011010010000010010100110001
6804,192,20,9,M001011000011001000000011010010000010010100110001
6805,192,21,27,M001011000011001000000011010010000010010100110001
6806,192,22,3,M001011000011001000000011010010000010010100110001
6807,192,23,5,M001011000011001000000011010010000010010100110001
6808,192,24,11,M001011000011001000000011010010000010010100110001
6809,192,25,12,M001011000011001000000011010010000010010100110001
6810,192,26,24,M001011000011001000000011010010000010010100110001
6811,192,27,31,M001011000011001000000011010010000010010100110001
6812,192,28,1,M001011000011001000000011010010000010010100110001
6813,192,29,8,M001011000011001000000011010010000010010100110001
6814,192,30,19,M001011000011001000000011010010000010010100110001
6815,192,31,7,M001011000011001000000011010010000010010100110001
6880,279,0,10,M101101001010000011000000001000000001000101101110
6881,279,1,29,M101101001010000011000000001000000001000101101110
6882,279,2,1,M101101001010000011000000001000000001000101101110
6883,279,3,12,M101101001010000011000000001000000001000101101110
6884,279,4,21,M101101001010000011000000001000000001000101101110
6885,279,5,8,M101101001010000011000000001000000001000101101110
6886,279,6,13,M101101001010000011000000001000000001000101101110
6887,279,7,24,M101101001010000011000000001000000001000101101110
6888,279,8,17,M101101001010000011000000001000000001000101101110
6889,279,9,20,M101101001010000011000000001000000001000101101110
6890,279,10,27,M101101001010000011000000001000000001000101101110
6891,279,11,31,M101101001010000011000000001000000001000101101110
6892,279,12,15,M101101001010000011000000001000000001000101101110
6893,279,13,14,M101101001010000011000000001000000001000101101110
6894,279,14,16,M101101001010000011000000001000000001000101101110
6895,279,15,30,M101101001010000011000000001000000001000101101110
6896,279,16,11,M101101001010000011000000001000000001000101101110
6897,279,17,26,M101101001010000011000000001000000001000101101110
6898,279,18,23,M101101001010000011000000001000000001000101101110
6899,279,19,3,M101101001010000011000000001000000001000101101110
6900,279,20,18,M101101001010000011000000001000000001000101101110
6901,279,21,7,M101101001010000011000000001000000001000101101110
6902,279,22,2,M101101001010000011000000001000000001000101101110
6903,279,23,28,M101101001010000011000000001000000001000101101110
6904,279,24,0,M101101001010000011000000001000000001000101101110
6905,279,25,25,M101101001010000011000000001000000001000101101110
6906,279,26,5,M101101001010000011000000001000000001000101101110
6907,279,27,22,M101101001010000011000000001000000001000101101110
6908,279,28,6,M101101001010000011000000001000000001000101101110
6909,279,29,9,M101101001010000011000000001000000001000101101110
6910,279,30,19,M101101001010000011000000001000000001000101101110
6911,279,31,4,M101101001010000011000000001000000001000101101110
6976,157,0,27,M000010100110000101000000010100010011100000101101
6977,157,1,26,M000010100110000101000000010100010011100000101101
6978,157,2,19,M000010100110000101000000010100010011100000101101
6979,157,3,7,M000010100110000101000000010100010011100000101101
6980,157,4,16,M000010100110000101000000010100010011100000101101
6981,157,5,29,M000010100110000101000000010100010011100000101101
6982,157,6,5,M000010100110000101000000010100010011100000101101
6983,157,7,22,M000010100110000101000000010100010011100000101101
6984,157,8,2,M000010100110000101000000010100010011100000101101
6985,157,9,0,M000010100110000101000000010100010011100000101101
6986,157,10,18,M000010100110000101000000010100010011100000101101
6987,157,11,10,M000010100110000101000000010100010011100000101101
6988,157,12,21,M000010100110000101000000010100010011100000101101
6989,157,13,9,M000010100110000101000000010100010011100000101101
6990,157,14,11,M000010100110000101000000010100010011100000101101
6991,157,15,12,M000010100110000101000000010100010011100000101101
6992,157,16,6,M000010100110000101000000010100010011100000101101
6993,157,17,14,M000010100110000101000000010100010011100000101101
6994,157,18,30,M000010100110000101000000010100010011100000101101
6995,157,19,17,M000010100110000101000000010100010011100000101101
6996,157,20,13,M000010100110000101000000010100010011100000101101
6997,157,21,23,M000010100110000101000000010100010011100000101101
6998,157,22,20,M000010100110000101000000010100010011100000101101
6999,157,23,8,M000010100110000101000000010100010011100000101101
7000,157,24,3,M000010100110000101000000010100010011100000101101
7001,157,25,25,M000010100110000101000000010100010011100000101101
7002,157,26,15,M000010100110000101000000010100010011100000101101
7003,157,27,31,M000010100110000101000000010100010011100000101101
7004,157,28,28,M000010100110000101000000010100010011100000101101
7005,157,29,4,M000010100110000101000000010100010011100000101101
7006,157,30,1,M000010100110000101000000010100010011100000101101
7007,157,31,24,M000010100110000101000000010100010011100000101101
7232,191,0,6,M010100000010000000000110100011010000001010111011
7233,191,1,16,M010100000010000000000110100011010000001010111011
7234,191,2,19,M010100000010000000000110100011010000001010111011
7235,191,3,14,M010100000010000000000110100011010000001010111011
7236,191,4,22,M010100000010000000000110100011010000001010111011
7237,191,5,5,M010100000010000000000110100011010000001010111011
7238,191,6,12,M010100000010000000000110100011010000001010111011
7239,191,7,7,M010100000010000000000110100011010000001010111011
7240,191,8,20,M010100000010000000000110100011010000001010111011
7241,191,9,4,M010100000010000000000110100011010000001010111011
7242,191,10,21,M010100000010000000000110100011010000001010111011
7243,191,11,3,M010100000010000000000110100011010000001010111011
7244,191,12,1,M010100000010000000000110100011010000001010111011
7245,191,13,18,M010100000010000000000110100011010000001010111011
7246,191,14,25,M010100000010000000000110100011010000001010111011
7247,191,15,23,M010100000010000000000110100011010000001010111011
7248,191,16,11,M010100000010000000000110100011010000001010111011
7249,191,17,31,M010100000010000000000110100011010000001010111011
7250,191,18,13,M010100000010000000000110100011010000001010111011
7251,191,19,29,M010100000010000000000110100011010000001010111011
7252,191,20,2,M010100000010000000000110100011010000001010111011
7253,191,21,0,M010100000010000000000110100011010000001010111011
7254,191,22,8,M010100000010000000000110100011010000001010111011
7255,191,23,15,M010100000010000000000110100011010000001010111011
7256,191,24,9,M010100000010000000000110100011010000001010111011
7257,191,25,27,M010100000010000000000110100011010000001010111011
7258,191,26,24,M010100000010000000000110100011010000001010111011
7259,191,27,30,M010100000010000000000110100011010000001010111011
7260,191,28,10,M010100000010000000000110100011010000001010111011
7261,191,29,17,M010100000010000000000110100011010000001010111011
7262,191,30,26,M010100000010000000000110100011010000001010111011
7263,191,31,28,M010100000010000000000110100011010000001010111011
7264,545,0,7,M101101000010101010000000000000101010001000110110
7265,545,1,8,M101101000010101010000000000000101010001000110110
7266,545,2,11,M101101000010101010000000000000101010001000110110
7267,545,3,24,M101101000010101010000000000000101010001000110110
7268,545,4,31,M101101000010101010000000000000101010001000110110
7269,545,5,10,M101101000010101010000000000000101010001000110110
7270,545,6,19,M101101000010101010000000000000101010001000110110
7271,545,7,13,M101101000010101010000000000000101010001000110110
7272,545,8,22,M101101000010101010000000000000101010001000110110
7273,545,9,4,M101101000010101010000000000000101010001000110110
7274,545,10,27,M101101000010101010000000000000101010001000110110
7275,545,11,30,M101101000010101010000000000000101010001000110110
7276,545,12,25,M101101000010101010000000000000101010001000110110
7277,545,13,5,M101101000010101010000000000000101010001000110110
7278,545,14,21,M101101000010101010000000000000101010001000110110
7279,545,15,16,M101101000010101010000000000000101010001000110110
7280,545,16,28,M101101000010101010000000000000101010001000110110
7281,545,17,12,M101101000010101010000000000000101010001000110110
7282,545,18,29,M101101000010101010000000000000101010001000110110
7283,545,19,15,M101101000010101010000000000000101010001000110110
7284,545,20,18,M101101000010101010000000000000101010001000110110
7285,545,21,6,M101101000010101010000000000000101010001000110110
7286,545,22,2,M101101000010101010000000000000101010001000110110
7287,545,23,14,M101101000010101010000000000000101010001000110110
7288,545,24,26,M101101000010101010000000000000101010001000110110
7289,545,25,17,M101101000010101010000000000000101010001000110110
7290,545,26,3,M101101000010101010000000000000101010001000110110
7291,545,27,23,M101101000010101010000000000000101010001000110110
7292,545,28,9,M101101000010101010000000000000101010001000110110
7293,545,29,1,M101101000010101010000000000000101010001000110110
7294,545,30,20,M101101000010101010000000000000101010001000110110
7295,545,31,0,M101101000010101010000000000000101010001000110110
7392,530,0,15,M110001001000010010011000000000010101000010011110
7393,530,1,21,M110001001000010010011000000000010101000010011110
7394,530,2,14,M110001001000010010011000000000010101000010011110
7395,530,3,17,M110001001000010010011000000000010101000010011110
7396,530,4,3,M110001001000010010011000000000010101000010011110
7397,530,5,8,M110001001000010010011000000000010101000010011110
7398,530,6,24,M110001001000010010011000000000010101000010011110
7399,530,7,1,M110001001000010010011000000000010101000010011110
7400,530,8,6,M110001001000010010011000000000010101000010011110
7401,530,9,0,M110001001000010010011000000000010101000010011110
7402,530,10,13,M110001001000010010011000000000010101000010011110
7403,530,11,10,M110001001000010010011000000000010101000010011110
7404,530,12,7,M110001001000010010011000000000010101000010011110
7405,530,13,18,M110001001000010010011000000000010101000010011110
7406,530,14,29,M110001001000010010011000000000010101000010011110
7407,530,15,22,M110001001000010010011000000000010101000010011110
7408,530,16,4,M110001001000010010011000000000010101000010011110
7409,530,17,31,M110001001000010010011000000000010101000010011110
7410,530,18,12,M110001001000010010011000000000010101000010011110
7411,530,19,2,M110001001000010010011000000000010101000010011110
7412,530,20,5,M110001001000010010011000000000010101000010011110
7413,530,21,30,M110001001000010010011000000000010101000010011110
7414,530,22,25,M110001001000010010011000000000010101000010011110
7415,530,23,28,M110001001000010010011000000000010101000010011110
7416,530,24,23,M110001001000010010011000000000010101000010011110
7417,530,25,26,M110001001000010010011000000000010101000010011110
7418,530,26,16,M110001001000010010011000000000010101000010011110
7419,530,27,27,M110001001000010010011000000000010101000010011110
7420,530,28,20,M110001001000010010011000000000010101000010011110
7421,530,29,11,M110001001000010010011000000000010101000010011110
7422,530,30,9,M110001001000010010011000000000010101000010011110
7423,530,31,19,M110001001000010010011000000000010101000010011110
7712,510,0,18,M001110100001000100001010001100010000000100101110
7713,510,1,12,M001110100001000100001010001100010000000100101110
7714,510,2,1,M001110100001000100001010001100010000000100101110
7715,510,3,15,M001110100001000100001010001100010000000100101110
7716,510,4,30,M001110100001000100001010001100010000000100101110
7717,510,5,10,M001110100001000100001010001100010000000100101110
7718,510,6,20,M001110100001000100001010001100010000000100101110
7719,510,7,9,M001110100001000100001010001100010000000100101110
7720,510,8,23,M001110100001000100001010001100010000000100101110
7721,510,9,16,M001110100001000100001010001100010000000100101110
7722,510,10,26,M001110100001000100001010001100010000000100101110
7723,510,11,7,M001110100001000100001010001100010000000100101110
7724,510,12,27,M001110100001000100001010001100010000000100101110
7725,510,13,19,M001110100001000100001010001100010000000100101110
7726,510,14,29,M001110100001000100001010001100010000000100101110
7727,510,15,31,M001110100001000100001010001100010000000100101110
7728,510,16,25,M001110100001000100001010001100010000000100101110
7729,510,17,21,M001110100001000100001010001100010000000100101110
7730,510,18,24,M001110100001000100001010001100010000000100101110
7731,510,19,4,M001110100001000100001010001100010000000100101110
7732,510,20,14,M001110100001000100001010001100010000000100101110
7733,510,21,2,M001110100001000100001010001100010000000100101110
7734,510,22,3,M001110100001000100001010001100010000000100101110
7735,510,23,13,M001110100001000100001010001100010000000100101110
7736,510,24,6,M001110100001000100001010001100010000000100101110
7737,510,25,8,M001110100001000100001010001100010000000100101110
7738,510,26,5,M001110100001000100001010001100010000000100101110
7739,510,27,11,M001110100001000100001010001100010000000100101110
7740,510,28,17,M001110100001000100001010001100010000000100101110
7741,510,29,22,M001110100001000100001010001100010000000100101110
7742,510,30,0,M001110100001000100001010001100010000000100101110
7743,510,31,28,M001110100001000100001010001100010000000100101110
7744,2,0,27,M010011010000001000000001100100110100100000101110
7745,2,1,25,M010011010000001000000001100100110100100000101110
7746,2,2,10,M010011010000001000000001100100110100100000101110
7747,2,3,2,M010011010000001000000001100100110100100000101110
7748,2,4,24,M010011010000001000000001100100110100100000101110
7749,2,5,19,M010011010000001000000001100100110100100000101110
7750,2,6,16,M010011010000001000000001100100110100100000101110
7751,2,7,6,M010011010000001000000001100100110100100000101110
7752,2,8,8,M010011010000001000000001100100110100100000101110
7753,2,9,13,M010011010000001000000001100100110100100000101110
7754,2,10,31,M010011010000001000000001100100110100100000101110
7755,2,11,22,M010011010000001000000001100100110100100000101110
7756,2,12,14,M010011010000001000000001100100110100100000101110
7757,2,13,11,M010011010000001000000001100100110100100000101110
7758,2,14,30,M010011010000001000000001100100110100100000101110
7759,2,15,15,M010011010000001000000001100100110100100000101110
7760,2,16,21,M010011010000001000000001100100110100100000101110
7761,2,17,26,M010011010000001000000001100100110100100000101110
7762,2,18,3,M010011010000001000000001100100110100100000101110
7763,2,19,23,M010011010000001000000001100100110100100000101110
7764,2,20,5,M010011010000001000000001100100110100100000101110
7765,2,21,4,M010011010000001000000001100100110100100000101110
7766,2,22,18,M010011010000001000000001100100110100100000101110
7767,2,23,28,M010011010000001000000001100100110100100000101110
7768,2,24,0,M010011010000001000000001100100110100100000101110
7769,2,25,20,M010011010000001000000001100100110100100000101110
7770,2,26,9,M010011010000001000000001100100110100100000101110
7771,2,27,17,M010011010000001000000001100100110100100000101110
7772,2,28,12,M010011010000001000000001100100110100100000101110
7773,2,29,7,M010011010000001000000001100100110100100000101110
7774,2,30,29,M010011010000001000000001100100110100100000101110
7775,2,31,1,M010011010000001000000001100100110100100000101110
7776,570,0,28,M101101000000000100010000000000101011001100001111
7777,570,1,31,M101101000000000100010000000000101011001100001111
7778,570,2,1,M101101000000000100010000000000101011001100001111
7779,570,3,17,M101101000000000100010000000000101011001100001111
7780,570,4,11,M101101000000000100010000000000101011001100001111
7781,570,5,25,M101101000000000100010000000000101011001100001111
7782,570,6,7,M101101000000000100010000000000101011001100001111
7783,570,7,6,M101101000000000100010000000000101011001100001111
7784,570,8,10,M101101000000000100010000000000101011001100001111
7785,570,9,0,M101101000000000100010000000000101011001100001111
7786,570,10,16,M101101000000000100010000000000101011001100001111
7787,570,11,14,M101101000000000100010000000000101011001100001111
7788,570,12,30,M101101000000000100010000000000101011001100001111
7789,570,13,20,M101101000000000100010000000000101011001100001111
7790,570,14,5,M101101000000000100010000000000101011001100001111
7791,570,15,29,M101101000000000100010000000000101011001100001111
7792,570,16,26,M101101000000000100010000000000101011001100001111
7793,570,17,8,M101101000000000100010000000000101011001100001111
7794,570,18,18,M101101000000000100010000000000101011001100001111
7795,570,19,22,M101101000000000100010000000000101011001100001111
7796,570,20,19,M101101000000000100010000000000101011001100001111
7797,570,21,9,M101101000000000100010000000000101011001100001111
7798,570,22,24,M101101000000000100010000000000101011001100001111
7799,570,23,13,M101101000000000100010000000000101011001100001111
7800,570,24,3,M101101000000000100010000000000101011001100001111
7801,570,25,15,M101101000000000100010000000000101011001100001111
7802,570,26,21,M101101000000000100010000000000101011001100001111
7803,570,27,12,M101101000000000100010000000000101011001100001111
7804,570,28,27,M101101000000000100010000000000101011001100001111
7805,570,29,4,M101101000000000100010000000000101011001100001111
7806,570,30,23,M101101000000000100010000000000101011001100001111
7807,570,31,2,M101101000000000100010000000000101011001100001111
9376,523,0,11,M101101100000000000000001101100000011010000111001
9377,523,1,0,M101101100000000000000001101100000011010000111001
9378,523,2,4,M101101100000000000000001101100000011010000111001
9379,523,3,29,M101101100000000000000001101100000011010000111001
9380,523,4,14,M101101100000000000000001101100000011010000111001
9381,523,5,16,M101101100000000000000001101100000011010000111001
9382,523,6,3,M101101100000000000000001101100000011010000111001
9383,523,7,8,M101101100000000000000001101100000011010000111001
9384,523,8,9,M101101100000000000000001101100000011010000111001
9385,523,9,7,M101101100000000000000001101100000011010000111001
9386,523,10,28,M101101100000000000000001101100000011010000111001
9387,523,11,25,M101101100000000000000001101100000011010000111001
9388,523,12,31,M101101100000000000000001101100000011010000111001
9389,523,13,24,M101101100000000000000001101100000011010000111001
9390,523,14,18,M101101100000000000000001101100000011010000111001
9391,523,15,15,M101101100000000000000001101100000011010000111001
9392,523,16,17,M101101100000000000000001101100000011010000111001
9393,523,17,2,M101101100000000000000001101100000011010000111001
9394,523,18,27,M101101100000000000000001101100000011010000111001
9395,523,19,6,M101101100000000000000001101100000011010000111001
9396,523,20,23,M101101100000000000000001101100000011010000111001
9397,523,21,26,M101101100000000000000001101100000011010000111001
9398,523,22,10,M101101100000000000000001101100000011010000111001
9399,523,23,21,M101101100000000000000001101100000011010000111001
9400,523,24,22,M101101100000000000000001101100000011010000111001
9401,523,25,19,M101101100000000000000001101100000011010000111001
9402,523,26,13,M101101100000000000000001101100000011010000111001
9403,523,27,1,M101101100000000000000001101100000011010000111001
9404,523,28,12,M101101100000000000000001101100000011010000111001
9405,523,29,30,M101101100000000000000001101100000011010000111001
9406,523,30,5,M101101100000000000000001101100000011010000111001
9407,523,31,20,M101101100000000000000001101100000011010000111001
9440,416,0,18,M100101010000011000000000100101001100000000101111
9441,416,1,20,M100101010000011000000000100101001100000000101111
9442,416,2,30,M100101010000011000000000100101001100000000101111
9443,416,3,3,M100101010000011000000000100101001100000000101111
9444,416,4,0,M100101010000011000000000100101001100000000101111
9445,416,5,24,M100101010000011000000000100101001100000000101111
9446,416,6,31,M100101010000011000000000100101001100000000101111
9447,416,7,11,M100101010000011000000000100101001100000000101111
9448,416,8,17,M100101010000011000000000100101001100000000101111
9449,416,9,29,M100101010000011000000000100101001100000000101111
9450,416,10,16,M100101010000011000000000100101001100000000101111
9451,416,11,27,M100101010000011000000000100101001100000000101111
9452,416,12,21,M100101010000011000000000100101001100000000101111
9453,416,13,14,M100101010000011000000000100101001100000000101111
9454,416,14,4,M100101010000011000000000100101001100000000101111
9455,416,15,7,M100101010000011000000000100101001100000000101111
9456,416,16,28,M100101010000011000000000100101001100000000101111
9457,416,17,26,M100101010000011000000000100101001100000000101111
9458,416,18,25,M100101010000011000000000100101001100000000101111
9459,416,19,10,M100101010000011000000000100101001100000000101111
9460,416,20,5,M100101010000011000000000100101001100000000101111
9461,416,21,6,M100101010000011000000000100101001100000000101111
9462,416,22,2,M100101010000011000000000100101001100000000101111
9463,416,23,12,M100101010000011000000000100101001100000000101111
9464,416,24,13,M100101010000011000000000100101001100000000101111
9465,416,25,22,M100101010000011000000000100101001100000000101111
9466,416,26,23,M100101010000011000000000100101001100000000101111
9467,416,27,19,M100101010000011000000000100101001100000000101111
9468,416,28,9,M100101010000011000000000100101001100000000101111
9469,416,29,15,M100101010000011000000000100101001100000000101111
9470,416,30,1,M100101010000011000000000100101001100000000101111
9471,416,31,8,M100101010000011000000000100101001100000000101111
9600,419,0,28,M011011010100001100010001001000001100010000110000
9601,419,1,4,M011011010100001100010001001000001100010000110000
9602,419,2,15,M011011010100001100010001001000001100010000110000
9603,419,3,5,M011011010100001100010001001000001100010000110000
9604,419,4,1,M011011010100001100010001001000001100010000110000
9605,419,5,8,M011011010100001100010001001000001100010000110000
9606,419,6,21,M011011010100001100010001001000001100010000110000
9607,419,7,25,M011011010100001100010001001000001100010000110000
9608,419,8,22,M011011010100001100010001001000001100010000110000
9609,419,9,24,M011011010100001100010001001000001100010000110000
9610,419,10,27,M011011010100001100010001001000001100010000110000
9611,419,11,2,M011011010100001100010001001000001100010000110000
9612,419,12,6,M011011010100001100010001001000001100010000110000
9613,419,13,30,M011011010100001100010001001000001100010000110000
9614,419,14,7,M011011010100001100010001001000001100010000110000
9615,419,15,31,M011011010100001100010001001000001100010000110000
9616,419,16,26,M011011010100001100010001001000001100010000110000
9617,419,17,20,M011011010100001100010001001000001100010000110000
9618,419,18,11,M011011010100001100010001001000001100010000110000
9619,419,19,3,M011011010100001100010001001000001100010000110000
9620,419,20,18,M011011010100001100010001001000001100010000110000
9621,419,21,13,M011011010100001100010001001000001100010000110000
9622,419,22,23,M011011010100001100010001001000001100010000110000
9623,419,23,16,M011011010100001100010001001000001100010000110000
9624,419,24,0,M011011010100001100010001001000001100010000110000
9625,419,25,19,M011011010100001100010001001000001100010000110000
9626,419,26,17,M011011010100001100010001001000001100010000110000
9627,419,27,9,M011011010100001100010001001000001100010000110000
9628,419,28,12,M011011010100001100010001001000001100010000110000
9629,419,29,29,M011011010100001100010001001000001100010000110000
9630,419,30,14,M011011010100001100010001001000001100010000110000
9631,419,31,10,M011011010100001100010001001000001100010000110000
9728,286,0,11,M010111100000000011000100010100100000010000001111
9729,286,1,5,M010111100000000011000100010100100000010000001111
9730,286,2,6,M010111100000000011000100010100100000010000001111
9731,286,3,26,M010111100000000011000100010100100000010000001111
9732,286,4,24,M010111100000000011000100010100100000010000001111
9733,286,5,9,M010111100000000011000100010100100000010000001111
9734,286,6,8,M010111100000000011000100010100100000010000001111
9735,286,7,15,M010111100000000011000100010100100000010000001111
9736,286,8,25,M010111100000000011000100010100100000010000001111
9737,286,9,23,M010111100000000011000100010100100000010000001111
9738,286,10,2,M010111100000000011000100010100100000010000001111
9739,286,11,20,M010111100000000011000100010100100000010000001111
9740,286,12,4,M010111100000000011000100010100100000010000001111
9741,286,13,17,M010111100000000011000100010100100000010000001111
9742,286,14,1,M010111100000000011000100010100100000010000001111
9743,286,15,19,M010111100000000011000100010100100000010000001111
9744,286,16,29,M010111100000000011000100010100100000010000001111
9745,286,17,0,M010111100000000011000100010100100000010000001111
9746,286,18,7,M010111100000000011000100010100100000010000001111
9747,286,19,28,M010111100000000011000100010100100000010000001111
9748,286,20,27,M010111100000000011000100010100100000010000001111
9749,286,21,16,M010111100000000011000100010100100000010000001111
9750,286,22,21,M010111100000000011000100010100100000010000001111
9751,286,23,14,M010111100000000011000100010100100000010000001111
9752,286,24,3,M010111100000000011000100010100100000010000001111
9753,286,25,31,M010111100000000011000100010100100000010000001111
9754,286,26,30,M010111100000000011000100010100100000010000001111
9755,286,27,13,M010111100000000011000100010100100000010000001111
9756,286,28,10,M010111100000000011000100010100100000010000001111
9757,286,29,12,M010111100000000011000100010100100000010000001111
9758,286,30,22,M010111100000000011000100010100100000010000001111
9759,286,31,18,M010111100000000011000100010100100000010000001111
9952,158,0,2,M001110001000101000101001000000001111000010001010
9953,158,1,23,M001110001000101000101001000000001111000010001010
9954,158,2,4,M001110001000101000101001000000001111000010001010
9955,158,3,20,M001110001000101000101001000000001111000010001010
9956,158,4,21,M001110001000101000101001000000001111000010001010
9957,158,5,5,M001110001000101000101001000000001111000010001010
9958,158,6,10,M001110001000101000101001000000001111000010001010
9959,158,7,12,M001110001000101000101001000000001111000010001010
9960,158,8,11,M001110001000101000101001000000001111000010001010
9961,158,9,30,M001110001000101000101001000000001111000010001010
9962,158,10,31,M001110001000101000101001000000001111000010001010
9963,158,11,28,M001110001000101000101001000000001111000010001010
9964,158,12,1,M001110001000101000101001000000001111000010001010
9965,158,13,13,M001110001000101000101001000000001111000010001010
9966,158,14,6,M001110001000101000101001000000001111000010001010
9967,158,15,19,M001110001000101000101001000000001111000010001010
9968,158,16,7,M001110001000101000101001000000001111000010001010
9969,158,17,22,M001110001000101000101001000000001111000010001010
9970,158,18,8,M001110001000101000101001000000001111000010001010
9971,158,19,26,M001110001000101000101001000000001111000010001010
9972,158,20,0,M001110001000101000101001000000001111000010001010
9973,158,21,9,M001110001000101000101001000000001111000010001010
9974,158,22,29,M001110001000101000101001000000001111000010001010
9975,158,23,16,M001110001000101000101001000000001111000010001010
9976,158,24,27,M001110001000101000101001000000001111000010001010
9977,158,25,3,M001110001000101000101001000000001111000010001010
9978,158,26,15,M001110001000101000101001000000001111000010001010
9979,158,27,17,M001110001000101000101001000000001111000010001010
9980,158,28,24,M001110001000101000101001000000001111000010001010
9981,158,29,25,M001110001000101000101001000000001111000010001010
9982,158,30,14,M001110001000101000101001000000001111000010001010
9983,158,31,18,M001110001000101000101001000000001111000010001010
9984,170,0,13,M011101000100000000001000000011010000110000111101
9985,170,1,17,M011101000100000000001000000011010000110000111101
9986,170,2,18,M011101000100000000001000000011010000110000111101
9987,170,3,19,M011101000100000000001000000011010000110000111101
9988,170,4,24,M011101000100000000001000000011010000110000111101
9989,170,5,6,M011101000100000000001000000011010000110000111101
9990,170,6,25,M011101000100000000001000000011010000110000111101
9991,170,7,7,M011101000100000000001000000011010000110000111101
9992,170,8,11,M011101000100000000001000000011010000110000111101
9993,170,9,28,M011101000100000000001000000011010000110000111101
9994,170,10,27,M011101000100000000001000000011010000110000111101
9995,170,11,5,M011101000100000000001000000011010000110000111101
9996,170,12,12,M011101000100000000001000000011010000110000111101
9997,170,13,30,M011101000100000000001000000011010000110000111101
9998,170,14,20,M011101000100000000001000000011010000110000111101
9999,170,15,1,M011101000100000000001000000011010000110000111101
10000,170,16,23,M011101000100000000001000000011010000110000111101
10001,170,17,22,M011101000100000000001000000011010000110000111101
10002,170,18,29,M011101000100000000001000000011010000110000111101
10003,170,19,21,M011101000100000000001000000011010000110000111101
10004,170,20,16,M011101000100000000001000000011010000110000111101
10005,170,21,4,M011101000100000000001000000011010000110000111101
10006,170,22,0,M011101000100000000001000000011010000110000111101
10007,170,23,31,M011101000100000000001000000011010000110000111101
10008,170,24,26,M011101000100000000001000000011010000110000111101
10009,170,25,3,M011101000100000000001000000011010000110000111101
10010,170,26,14,M011101000100000000001000000011010000110000111101
10011,170,27,15,M011101000100000000001000000011010000110000111101
10012,170,28,10,M011101000100000000001000000011010000110000111101
10013,170,29,9,M011101000100000000001000000011010000110000111101
10014,170,30,2,M011101000100000000001000000011010000110000111101
10015,170,31,8,M011101000100000000001000000011010000110000111101
10080,368,0,22,M010101000110101010001001010010000000000010011100
10081,368,1,12,M010101000110101010001001010010000000000010011100
10082,368,2,21,M010101000110101010001001010010000000000010011100
10083,368,3,16,M010101000110101010001001010010000000000010011100
10084,368,4,10,M010101000110101010001001010010000000000010011100
10085,368,5,1,M010101000110101010001001010010000000000010011100
10086,368,6,9,M010101000110101010001001010010000000000010011100
10087,368,7,13,M010101000110101010001001010010000000000010011100
10088,368,8,23,M010101000110101010001001010010000000000010011100
10089,368,9,29,M010101000110101010001001010010000000000010011100
10090,368,10,24,M010101000110101010001001010010000000000010011100
10091,368,11,2,M010101000110101010001001010010000000000010011100
10092,368,12,6,M010101000110101010001001010010000000000010011100
10093,368,13,17,M010101000110101010001001010010000000000010011100
10094,368,14,8,M010101000110101010001001010010000000000010011100
10095,368,15,28,M010101000110101010001001010010000000000010011100
10096,368,16,0,M010101000110101010001001010010000000000010011100
10097,368,17,31,M010101000110101010001001010010000000000010011100
10098,368,18,26,M010101000110101010001001010010000000000010011100
10099,368,19,27,M010101000110101010001001010010000000000010011100
10100,368,20,4,M010101000110101010001001010010000000000010011100
10101,368,21,30,M010101000110101010001001010010000000000010011100
10102,368,22,3,M010101000110101010001001010010000000000010011100
10103,368,23,7,M010101000110101010001001010010000000000010011100
10104,368,24,11,M010101000110101010001001010010000000000010011100
10105,368,25,25,M010101000110101010001001010010000000000010011100
10106,368,26,18,M010101000110101010001001010010000000000010011100
10107,368,27,14,M010101000110101010001001010010000000000010011100
10108,368,28,5,M010101000110101010001001010010000000000010011100
10109,368,29,15,M010101000110101010001001010010000000000010011100
10110,368,30,19,M010101000110101010001001010010000000000010011100
10111,368,31,20,M010101000110101010001001010010000000000010011100
10240,0,0,5,M010000110000000100001101000000100010000111101101
10241,0,1,23,M010000110000000100001101000000100010000111101101
10242,0,2,24,M010000110000000100001101000000100010000111101101
10243,0,3,0,M010000110000000100001101000000100010000111101101
10244,0,4,19,M010000110000000100001101000000100010000111101101
10245,0,5,2,M010000110000000100001101000000100010000111101101
10246,0,6,30,M010000110000000100001101000000100010000111101101
10247,0,7,11,M010000110000000100001101000000100010000111101101
10248,0,8,22,M010000110000000100001101000000100010000111101101
10249,0,9,20,M010000110000000100001101000000100010000111101101
10250,0,10,18,M010000110000000100001101000000100010000111101101
10251,0,11,16,M010000110000000100001101000000100010000111101101
10252,0,12,28,M010000110000000100001101000000100010000111101101
10253,0,13,12,M010000110000000100001101000000100010000111101101
10254,0,14,4,M010000110000000100001101000000100010000111101101
10255,0,15,13,M010000110000000100001101000000100010000111101101
10256,0,16,3,M010000110000000100001101000000100010000111101101
10257,0,17,1,M010000110000000100001101000000100010000111101101
10258,0,18,8,M010000110000000100001101000000100010000111101101
10259,0,19,15,M010000110000000100001101000000100010000111101101
10260,0,20,7,M010000110000000100001101000000100010000111101101
10261,0,21,6,M010000110000000100001101000000100010000111101101
10262,0,22,21,M010000110000000100001101000000100010000111101101
10263,0,23,25,M010000110000000100001101000000100010000111101101
10264,0,24,14,M010000110000000100001101000000100010000111101101
10265,0,25,26,M010000110000000100001101000000100010000111101101
10266,0,26,31,M010000110000000100001101000000100010000111101101
10267,0,27,10,M010000110000000100001101000000100010000111101101
10268,0,28,27,M010000110000000100001101000000100010000111101101
10269,0,29,29,M010000110000000100001101000000100010000111101101
10270,0,30,9,M010000110000000100001101000000100010000111101101
10271,0,31,17,M010000110000000100001101000000100010000111101101
10304,17,0,22,M100011101010100000000000000000110011000010111100
10305,17,1,0,M100011101010100000000000000000110011000010111100
10306,17,2,14,M100011101010100000000000000000110011000010111100
10307,17,3,4,M100011101010100000000000000000110011000010111100
10308,17,4,24,M100011101010100000000000000000110011000010111100
10309,17,5,31,M100011101010100000000000000000110011000010111100
10310,17,6,15,M100011101010100000000000000000110011000010111100
10311,17,7,17,M100011101010100000000000000000110011000010111100
10312,17,8,16,M100011101010100000000000000000110011000010111100
10313,17,9,25,M100011101010100000000000000000110011000010111100
10314,17,10,28,M100011101010100000000000000000110011000010111100
10315,17,11,29,M100011101010100000000000000000110011000010111100
10316,17,12,7,M100011101010100000000000000000110011000010111100
10317,17,13,3,M100011101010100000000000000000110011000010111100
10318,17,14,11,M100011101010100000000000000000110011000010111100
10319,17,15,1,M100011101010100000000000000000110011000010111100
10320,17,16,30,M100011101010100000000000000000110011000010111100
10321,17,17,8,M100011101010100000000000000000110011000010111100
10322,17,18,26,M100011101010100000000000000000110011000010111100
10323,17,19,27,M100011101010100000000000000000110011000010111100
10324,17,20,5,M100011101010100000000000000000110011000010111100
10325,17,21,21,M100011101010100000000000000000110011000010111100
10326,17,22,13,M100011101010100000000000000000110011000010111100
10327,17,23,19,M100011101010100000000000000000110011000010111100
10328,17,24,12,M100011101010100000000000000000110011000010111100
10329,17,25,6,M100011101010100000000000000000110011000010111100
10330,17,26,23,M100011101010100000000000000000110011000010111100
10331,17,27,20,M100011101010100000000000000000110011000010111100
10332,17,28,9,M100011101010100000000000000000110011000010111100
10333,17,29,2,M100011101010100000000000000000110011000010111100
10334,17,30,18,M100011101010100000000000000000110011000010111100
10335,17,31,10,M100011101010100000000000000000110011000010111100
10848,69,0,1,M101000000100110100000011010001011000000000011110
10849,69,1,30,M101000000100110100000011010001011000000000011110
10850,69,2,2,M101000000100110100000011010001011000000000011110
10851,69,3,21,M101000000100110100000011010001011000000000011110
10852,69,4,16,M101000000100110100000011010001011000000000011110
10853,69,5,13,M101000000100110100000011010001011000000000011110
10854,69,6,9,M101000000100110100000011010001011000000000011110
10855,69,7,26,M101000000100110100000011010001011000000000011110
10856,69,8,3,M101000000100110100000011010001011000000000011110
10857,69,9,19,M101000000100110100000011010001011000000000011110
10858,69,10,11,M101000000100110100000011010001011000000000011110
10859,69,11,18,M101000000100110100000011010001011000000000011110
10860,69,12,25,M101000000100110100000011010001011000000000011110
10861,69,13,29,M101000000100110100000011010001011000000000011110
10862,69,14,12,M101000000100110100000011010001011000000000011110
10863,69,15,24,M101000000100110100000011010001011000000000011110
10864,69,16,6,M101000000100110100000011010001011000000000011110
10865,69,17,0,M101000000100110100000011010001011000000000011110
10866,69,18,17,M101000000100110100000011010001011000000000011110
10867,69,19,4,M101000000100110100000011010001011000000000011110
10868,69,20,15,M101000000100110100000011010001011000000000011110
10869,69,21,7,M101000000100110100000011010001011000000000011110
10870,69,22,8,M101000000100110100000011010001011000000000011110
10871,69,23,31,M101000000100110100000011010001011000000000011110
10872,69,24,27,M101000000100110100000011010001011000000000011110
10873,69,25,10,M101000000100110100000011010001011000000000011110
10874,69,26,22,M101000000100110100000011010001011000000000011110
10875,69,27,20,M101000000100110100000011010001011000000000011110
10876,69,28,23,M101000000100110100000011010001011000000000011110
10877,69,29,14,M101000000100110100000011010001011000000000011110
10878,69,30,5,M101000000100110100000011010001011000000000011110
10879,69,31,28,M101000000100110100000011010001011000000000011110
11424,456,0,31,M101011001000010100000010000000100010001100011101
11425,456,1,0,M101011001000010100000010000000100010001100011101
11426,456,2,5,M101011001000010100000010000000100010001100011101
11427,456,3,4,M101011001000010100000010000000100010001100011101
11428,456,4,1,M101011001000010100000010000000100010001100011101
11429,456,5,27,M101011001000010100000010000000100010001100011101
11430,456,6,15,M101011001000010100000010000000100010001100011101
11431,456,7,14,M101011001000010100000010000000100010001100011101
11432,456,8,7,M101011001000010100000010000000100010001100011101
11433,456,9,8,M101011001000010100000010000000100010001100011101
11434,456,10,26,M101011001000010100000010000000100010001100011101
11435,456,11,23,M101011001000010100000010000000100010001100011101
11436,456,12,28,M101011001000010100000010000000100010001100011101
11437,456,13,22,M101011001000010100000010000000100010001100011101
11438,456,14,18,M101011001000010100000010000000100010001100011101
11439,456,15,24,M101011001000010100000010000000100010001100011101
11440,456,16,20,M101011001000010100000010000000100010001100011101
11441,456,17,19,M101011001000010100000010000000100010001100011101
11442,456,18,21,M101011001000010100000010000000100010001100011101
11443,456,19,10,M101011001000010100000010000000100010001100011101
11444,456,20,30,M101011001000010100000010000000100010001100011101
11445,456,21,9,M101011001000010100000010000000100010001100011101
11446,456,22,25,M101011001000010100000010000000100010001100011101
11447,456,23,29,M101011001000010100000010000000100010001100011101
11448,456,24,6,M101011001000010100000010000000100010001100011101
11449,456,25,16,M101011001000010100000010000000100010001100011101
11450,456,26,3,M101011001000010100000010000000100010001100011101
11451,456,27,12,M101011001000010100000010000000100010001100011101
11452,456,28,11,M101011001000010100000010000000100010001100011101
11453,456,29,13,M101011001000010100000010000000100010001100011101
11454,456,30,17,M101011001000010100000010000000100010001100011101
11455,456,31,2,M101011001000010100000010000000100010001100011101
11456,477,0,19,M101011100010000001010010100000000000000110110011
11457,477,1,0,M101011100010000001010010100000000000000110110011
11458,477,2,9,M101011100010000001010010100000000000000110110011
11459,477,3,22,M101011100010000001010010100000000000000110110011
11460,477,4,18,M101011100010000001010010100000000000000110110011
11461,477,5,6,M101011100010000001010010100000000000000110110011
11462,477,6,25,M101011100010000001010010100000000000000110110011
11463,477,7,3,M101011100010000001010010100000000000000110110011
11464,477,8,15,M101011100010000001010010100000000000000110110011
11465,477,9,12,M101011100010000001010010100000000000000110110011
11466,477,10,28,M101011100010000001010010100000000000000110110011
11467,477,11,21,M101011100010000001010010100000000000000110110011
11468,477,12,23,M101011100010000001010010100000000000000110110011
11469,477,13,27,M101011100010000001010010100000000000000110110011
11470,477,14,30,M101011100010000001010010100000000000000110110011
11471,477,15,29,M101011100010000001010010100000000000000110110011
11472,477,16,24,M101011100010000001010010100000000000000110110011
11473,477,17,17,M101011100010000001010010100000000000000110110011
11474,477,18,4,M101011100010000001010010100000000000000110110011
11475,477,19,5,M101011100010000001010010100000000000000110110011
11476,477,20,8,M101011100010000001010010100000000000000110110011
11477,477,21,2,M101011100010000001010010100000000000000110110011
11478,477,22,11,M101011100010000001010010100000000000000110110011
11479,477,23,7,M101011100010000001010010100000000000000110110011
11480,477,24,16,M101011100010000001010010100000000000000110110011
11481,477,25,13,M101011100010000001010010100000000000000110110011
11482,477,26,1,M101011100010000001010010100000000000000110110011
11483,477,27,20,M101011100010000001010010100000000000000110110011
11484,477,28,26,M101011100010000001010010100000000000000110110011
11485,477,29,14,M101011100010000001010010100000000000000110110011
11486,477,30,31,M101011100010000001010010100000000000000110110011
11487,477,31,10,M101011100010000001010010100000000000000110110011
11520,272,0,15,M101010100001000000010001001101011000010000101100
11521,272,1,18,M101010100001000000010001001101011000010000101100
11522,272,2,16,M101010100001000000010001001101011000010000101100
11523,272,3,10,M101010100001000000010001001101011000010000101100
11524,272,4,4,M101010100001000000010001001101011000010000101100
11525,272,5,30,M101010100001000000010001001101011000010000101100
11526,272,6,20,M101010100001000000010001001101011000010000101100
11527,272,7,3,M101010100001000000010001001101011000010000101100
11528,272,8,31,M101010100001000000010001001101011000010000101100
11529,272,9,8,M101010100001000000010001001101011000010000101100
11530,272,10,27,M101010100001000000010001001101011000010000101100
11531,272,11,0,M101010100001000000010001001101011000010000101100
11532,272,12,2,M101010100001000000010001001101011000010000101100
11533,272,13,26,M101010100001000000010001001101011000010000101100
11534,272,14,6,M101010100001000000010001001101011000010000101100
11535,272,15,17,M101010100001000000010001001101011000010000101100
11536,272,16,19,M101010100001000000010001001101011000010000101100
11537,272,17,12,M101010100001000000010001001101011000010000101100
11538,272,18,24,M101010100001000000010001001101011000010000101100
11539,272,19,13,M101010100001000000010001001101011000010000101100
11540,272,20,1,M101010100001000000010001001101011000010000101100
11541,272,21,21,M101010100001000000010001001101011000010000101100
11542,272,22,25,M101010100001000000010001001101011000010000101100
11543,272,23,22,M101010100001000000010001001101011000010000101100
11544,272,24,7,M101010100001000000010001001101011000010000101100
11545,272,25,29,M101010100001000000010001001101011000010000101100
11546,272,26,9,M101010100001000000010001001101011000010000101100
11547,272,27,5,M101010100001000000010001001101011000010000101100
11548,272,28,14,M101010100001000000010001001101011000010000101100
11549,272,29,11,M101010100001000000010001001101011000010000101100
11550,272,30,28,M101010100001000000010001001101011000010000101100
11551,272,31,23,M101010100001000000010001001101011000010000101100
12000,385,0,26,M110111000100110000100000000010000100010100010110
12001,385,1,21,M110111000100110000100000000010000100010100010110
12002,385,2,13,M110111000100110000100000000010000100010100010110
12003,385,3,10,M110111000100110000100000000010000100010100010110
12004,385,4,17,M110111000100110000100000000010000100010100010110
12005,385,5,22,M110111000100110000100000000010000100010100010110
12006,385,6,28,M110111000100110000100000000010000100010100010110
12007,385,7,25,M110111000100110000100000000010000100010100010110
12008,385,8,15,M110111000100110000100000000010000100010100010110
12009,385,9,2,M110111000100110000100000000010000100010100010110
12010,385,10,12,M110111000100110000100000000010000100010100010110
12011,385,11,6,M110111000100110000100000000010000100010100010110
12012,385,12,5,M110111000100110000100000000010000100010100010110
12013,385,13,18,M110111000100110000100000000010000100010100010110
12014,385,14,14,M110111000100110000100000000010000100010100010110
12015,385,15,20,M110111000100110000100000000010000100010100010110
12016,385,16,7,M110111000100110000100000000010000100010100010110
12017,385,17,30,M110111000100110000100000000010000100010100010110
12018,385,18,3,M110111000100110000100000000010000100010100010110
12019,385,19,24,M110111000100110000100000000010000100010100010110
12020,385,20,8,M110111000100110000100000000010000100010100010110
12021,385,21,23,M110111000100110000100000000010000100010100010110
12022,385,22,1,M110111000100110000100000000010000100010100010110
12023,385,23,4,M110111000100110000100000000010000100010100010110
12024,385,24,19,M110111000100110000100000000010000100010100010110
12025,385,25,0,M110111000100110000100000000010000100010100010110
12026,385,26,16,M110111000100110000100000000010000100010100010110
12027,385,27,31,M110111000100110000100000000010000100010100010110
12028,385,28,11,M110111000100110000100000000010000100010100010110
12029,385,29,29,M110111000100110000100000000010000100010100010110
12030,385,30,9,M110111000100110000100000000010000100010100010110
12031,385,31,27,M110111000100110000100000000010000100010100010110
12128,62,0,4,M101111001000101000000000000000010110101100101000
12129,62,1,30,M101111001000101000000000000000010110101100101000
12130,62,2,2,M101111001000101000000000000000010110101100101000
12131,62,3,23,M101111001000101000000000000000010110101100101000
12132,62,4,22,M101111001000101000000000000000010110101100101000
12133,62,5,13,M101111001000101000000000000000010110101100101000
12134,62,6,25,M101111001000101000000000000000010110101100101000
12135,62,7,21,M101111001000101000000000000000010110101100101000
12136,62,8,18,M101111001000101000000000000000010110101100101000
12137,62,9,16,M101111001000101000000000000000010110101100101000
12138,62,10,0,M101111001000101000000000000000010110101100101000
12139,62,11,17,M101111001000101000000000000000010110101100101000
12140,62,12,6,M101111001000101000000000000000010110101100101000
12141,62,13,8,M101111001000101000000000000000010110101100101000
12142,62,14,19,M101111001000101000000000000000010110101100101000
12143,62,15,31,M101111001000101000000000000000010110101100101000
12144,62,16,1,M101111001000101000000000000000010110101100101000
12145,62,17,5,M101111001000101000000000000000010110101100101000
12146,62,18,12,M101111001000101000000000000000010110101100101000
12147,62,19,24,M101111001000101000000000000000010110101100101000
12148,62,20,26,M101111001000101000000000000000010110101100101000
12149,62,21,14,M101111001000101000000000000000010110101100101000
12150,62,22,10,M101111001000101000000000000000010110101100101000
12151,62,23,3,M101111001000101000000000000000010110101100101000
12152,62,24,27,M101111001000101000000000000000010110101100101000
12153,62,25,7,M101111001000101000000000000000010110101100101000
12154,62,26,20,M101111001000101000000000000000010110101100101000
12155,62,27,29,M101111001000101000000000000000010110101100101000
12156,62,28,11,M101111001000101000000000000000010110101100101000
12157,62,29,15,M101111001000101000000000000000010110101100101000
12158,62,30,9,M101111001000101000000000000000010110101100101000
12159,62,31,28,M101111001000101000000000000000010110101100101000
12256,99,0,25,M101011110100000000000000110010110000000000010111
12257,99,1,30,M101011110100000000000000110010110000000000010111
12258,99,2,7,M101011110100000000000000110010110000000000010111
12259,99,3,26,M101011110100000000000000110010110000000000010111
12260,99,4,10,M101011110100000000000000110010110000000000010111
12261,99,5,12,M101011110100000000000000110010110000000000010111
12262,99,6,22,M101011110100000000000000110010110000000000010111
12263,99,7,9,M101011110100000000000000110010110000000000010111
12264,99,8,2,M101011110100000000000000110010110000000000010111
12265,99,9,13,M101011110100000000000000110010110000000000010111
12266,99,10,20,M101011110100000000000000110010110000000000010111
12267,99,11,18,M101011110100000000000000110010110000000000010111
12268,99,12,19,M101011110100000000000000110010110000000000010111
12269,99,13,5,M101011110100000000000000110010110000000000010111
12270,99,14,28,M101011110100000000000000110010110000000000010111
12271,99,15,17,M101011110100000000000000110010110000000000010111
12272,99,16,6,M101011110100000000000000110010110000000000010111
12273,99,17,23,M101011110100000000000000110010110000000000010111
12274,99,18,11,M101011110100000000000000110010110000000000010111
12275,99,19,21,M101011110100000000000000110010110000000000010111
12276,99,20,3,M101011110100000000000000110010110000000000010111
12277,99,21,4,M101011110100000000000000110010110000000000010111
12278,99,22,15,M101011110100000000000000110010110000000000010111
12279,99,23,14,M101011110100000000000000110010110000000000010111
12280,99,24,8,M101011110100000000000000110010110000000000010111
12281,99,25,31,M101011110100000000000000110010110000000000010111
12282,99,26,24,M101011110100000000000000110010110000000000010111
12283,99,27,27,M101011110100000000000000110010110000000000010111
12284,99,28,29,M101011110100000000000000110010110000000000010111
12285,99,29,16,M101011110100000000000000110010110000000000010111
12286,99,30,0,M101011110100000000000000110010110000000000010111
12287,99,31,1,M101011110100000000000000110010110000000000010111
12352,411,0,1,M011110100000100000101000000000101100001010001110
12353,411,1,11,M011110100000100000101000000000101100001010001110
12354,411,2,27,M011110100000100000101000000000101100001010001110
12355,411,3,13,M011110100000100000101000000000101100001010001110
12356,411,4,21,M011110100000100000101000000000101100001010001110
12357,411,5,31,M011110100000100000101000000000101100001010001110
12358,411,6,26,M011110100000100000101000000000101100001010001110
12359,411,7,5,M011110100000100000101000000000101100001010001110
12360,411,8,7,M011110100000100000101000000000101100001010001110
12361,411,9,24,M011110100000100000101000000000101100001010001110
12362,411,10,2,M011110100000100000101000000000101100001010001110
12363,411,11,3,M011110100000100000101000000000101100001010001110
12364,411,12,22,M011110100000100000101000000000101100001010001110
12365,411,13,28,M011110100000100000101000000000101100001010001110
12366,411,14,17,M011110100000100000101000000000101100001010001110
12367,411,15,20,M011110100000100000101000000000101100001010001110
12368,411,16,29,M011110100000100000101000000000101100001010001110
12369,411,17,23,M011110100000100000101000000000101100001010001110
12370,411,18,14,M011110100000100000101000000000101100001010001110
12371,411,19,0,M011110100000100000101000000000101100001010001110
12372,411,20,25,M011110100000100000101000000000101100001010001110
12373,411,21,19,M011110100000100000101000000000101100001010001110
12374,411,22,9,M011110100000100000101000000000101100001010001110
12375,411,23,6,M011110100000100000101000000000101100001010001110
12376,411,24,10,M011110100000100000101000000000101100001010001110
12377,411,25,18,M011110100000100000101000000000101100001010001110
12378,411,26,30,M011110100000100000101000000000101100001010001110
12379,411,27,8,M011110100000100000101000000000101100001010001110
12380,411,28,16,M011110100000100000101000000000101100001010001110
12381,411,29,12,M011110100000100000101000000000101100001010001110
12382,411,30,15,M011110100000100000101000000000101100001010001110
12383,411,31,4,M011110100000100000101000000000101100001010001110
12576,55,0,5,M010011010000000000011001110000101010000001101010
12577,55,1,16,M010011010000000000011001110000101010000001101010
12578,55,2,11,M010011010000000000011001110000101010000001101010
12579,55,3,13,M010011010000000000011001110000101010000001101010
12580,55,4,28,M010011010000000000011001110000101010000001101010
12581,55,5,22,M010011010000000000011001110000101010000001101010
12582,55,6,10,M010011010000000000011001110000101010000001101010
12583,55,7,15,M010011010000000000011001110000101010000001101010
12584,55,8,24,M010011010000000000011001110000101010000001101010
12585,55,9,4,M010011010000000000011001110000101010000001101010
12586,55,10,20,M010011010000000000011001110000101010000001101010
12587,55,11,12,M010011010000000000011001110000101010000001101010
12588,55,12,7,M010011010000000000011001110000101010000001101010
12589,55,13,27,M010011010000000000011001110000101010000001101010
12590,55,14,26,M010011010000000000011001110000101010000001101010
12591,55,15,19,M010011010000000000011001110000101010000001101010
12592,55,16,9,M010011010000000000011001110000101010000001101010
12593,55,17,8,M010011010000000000011001110000101010000001101010
12594,55,18,25,M010011010000000000011001110000101010000001101010
12595,55,19,30,M010011010000000000011001110000101010000001101010
12596,55,20,21,M010011010000000000011001110000101010000001101010
12597,55,21,18,M010011010000000000011001110000101010000001101010
12598,55,22,23,M010011010000000000011001110000101010000001101010
12599,55,23,31,M010011010000000000011001110000101010000001101010
12600,55,24,0,M010011010000000000011001110000101010000001101010
12601,55,25,6,M010011010000000000011001110000101010000001101010
12602,55,26,29,M010011010000000000011001110000101010000001101010
12603,55,27,14,M010011010000000000011001110000101010000001101010
12604,55,28,3,M010011010000000000011001110000101010000001101010
12605,55,29,17,M010011010000000000011001110000101010000001101010
12606,55,30,1,M010011010000000000011001110000101010000001101010
12607,55,31,2,M010011010000000000011001110000101010000001101010
12608,496,0,12,M011010000001010001100000001000100010000010011111
12609,496,1,0,M011010000001010001100000001000100010000010011111
12610,496,2,9,M011010000001010001100000001000100010000010011111
12611,496,3,25,M011010000001010001100000001000100010000010011111
12612,496,4,30,M011010000001010001100000001000100010000010011111
12613,496,5,22,M011010000001010001100000001000100010000010011111
12614,496,6,19,M011010000001010001100000001000100010000010011111
12615,496,7,1,M011010000001010001100000001000100010000010011111
12616,496,8,6,M011010000001010001100000001000100010000010011111
12617,496,9,14,M011010000001010001100000001000100010000010011111
12618,496,10,31,M011010000001010001100000001000100010000010011111
12619,496,11,18,M011010000001010001100000001000100010000010011111
12620,496,12,20,M011010000001010001100000001000100010000010011111
12621,496,13,21,M011010000001010001100000001000100010000010011111
12622,496,14,23,M011010000001010001100000001000100010000010011111
12623,496,15,13,M011010000001010001100000001000100010000010011111
12624,496,16,8,M011010000001010001100000001000100010000010011111
12625,496,17,16,M011010000001010001100000001000100010000010011111
12626,496,18,3,M011010000001010001100000001000100010000010011111
12627,496,19,15,M011010000001010001100000001000100010000010011111
12628,496,20,7,M011010000001010001100000001000100010000010011111
12629,496,21,11,M011010000001010001100000001000100010000010011111
12630,496,22,26,M011010000001010001100000001000100010000010011111
12631,496,23,2,M011010000001010001100000001000100010000010011111
12632,496,24,10,M011010000001010001100000001000100010000010011111
12633,496,25,24,M011010000001010001100000001000100010000010011111
12634,496,26,17,M011010000001010001100000001000100010000010011111
12635,496,27,28,M011010000001010001100000001000100010000010011111
12636,496,28,5,M011010000001010001100000001000100010000010011111
12637,496,29,27,M011010000001010001100000001000100010000010011111
12638,496,30,29,M011010000001010001100000001000100010000010011111
12639,496,31,4,M011010000001010001100000001000100010000010011111
12736,129,0,27,M110110110000110000100000000100000100000100101101
12737,129,1,16,M110110110000110000100000000100000100000100101101
12738,129,2,29,M110110110000110000100000000100000100000100101101
12739,129,3,13,M110110110000110000100000000100000100000100101101
12740,129,4,17,M110110110000110000100000000100000100000100101101
12741,129,5,6,M110110110000110000100000000100000100000100101101
12742,129,6,4,M110110110000110000100000000100000100000100101101
12743,129,7,1,M110110110000110000100000000100000100000100101101
12744,129,8,5,M110110110000110000100000000100000100000100101101
12745,129,9,10,M110110110000110000100000000100000100000100101101
12746,129,10,26,M110110110000110000100000000100000100000100101101
12747,129,11,0,M110110110000110000100000000100000100000100101101
12748,129,12,31,M110110110000110000100000000100000100000100101101
12749,129,13,12,M110110110000110000100000000100000100000100101101
12750,129,14,22,M110110110000110000100000000100000100000100101101
12751,129,15,21,M110110110000110000100000000100000100000100101101
12752,129,16,24,M110110110000110000100000000100000100000100101101
12753,129,17,9,M110110110000110000100000000100000100000100101101
12754,129,18,20,M110110110000110000100000000100000100000100101101
12755,129,19,7,M110110110000110000100000000100000100000100101101
12756,129,20,28,M110110110000110000100000000100000100000100101101
12757,129,21,30,M110110110000110000100000000100000100000100101101
12758,129,22,23,M110110110000110000100000000100000100000100101101
12759,129,23,11,M110110110000110000100000000100000100000100101101
12760,129,24,2,M110110110000110000100000000100000100000100101101
12761,129,25,15,M110110110000110000100000000100000100000100101101
12762,129,26,3,M110110110000110000100000000100000100000100101101
12763,129,27,19,M110110110000110000100000000100000100000100101101
12764,129,28,25,M110110110000110000100000000100000100000100101101
12765,129,29,18,M110110110000110000100000000100000100000100101101
12766,129,30,14,M110110110000110000100000000100000100000100101101
12767,129,31,8,M110110110000110000100000000100000100000100101101
12768,249,0,14,M011011000000100010100100000000010110100110100001
12769,249,1,13,M011011000000100010100100000000010110100110100001
12770,249,2,3,M011011000000100010100100000000010110100110100001
12771,249,3,30,M011011000000100010100100000000010110100110100001
12772,249,4,15,M011011000000100010100100000000010110100110100001
12773,249,5,4,M011011000000100010100100000000010110100110100001
12774,249,6,11,M011011000000100010100100000000010110100110100001
12775,249,7,22,M011011000000100010100100000000010110100110100001
12776,249,8,25,M011011000000100010100100000000010110100110100001
12777,249,9,27,M011011000000100010100100000000010110100110100001
12778,249,10,29,M011011000000100010100100000000010110100110100001
12779,249,11,18,M011011000000100010100100000000010110100110100001
12780,249,12,17,M011011000000100010100100000000010110100110100001
12781,249,13,20,M011011000000100010100100000000010110100110100001
12782,249,14,8,M011011000000100010100100000000010110100110100001
12783,249,15,7,M011011000000100010100100000000010110100110100001
12784,249,16,5,M011011000000100010100100000000010110100110100001
12785,249,17,0,M011011000000100010100100000000010110100110100001
12786,249,18,12,M011011000000100010100100000000010110100110100001
12787,249,19,19,M011011000000100010100100000000010110100110100001
12788,249,20,21,M011011000000100010100100000000010110100110100001
12789,249,21,10,M011011000000100010100100000000010110100110100001
12790,249,22,2,M011011000000100010100100000000010110100110100001
12791,249,23,23,M011011000000100010100100000000010110100110100001
12792,249,24,31,M011011000000100010100100000000010110100110100001
12793,249,25,6,M011011000000100010100100000000010110100110100001
12794,249,26,1,M011011000000100010100100000000010110100110100001
12795,249,27,9,M011011000000100010100100000000010110100110100001
12796,249,28,16,M011011000000100010100100000000010110100110100001
12797,249,29,26,M011011000000100010100100000000010110100110100001
12798,249,30,24,M011011000000100010100100000000010110100110100001
12799,249,31,28,M011011000000100010100100000000010110100110100001
12864,197,0,16,M001010100000110010110010110001000000000100110001
12865,197,1,3,M001010100000110010110010110001000000000100110001
12866,197,2,1,M001010100000110010110010110001000000000100110001
12867,197,3,14,M001010100000110010110010110001000000000100110001
12868,197,4,26,M001010100000110010110010110001000000000100110001
12869,197,5,4,M001010100000110010110010110001000000000100110001
12870,197,6,7,M001010100000110010110010110001000000000100110001
12871,197,7,5,M001010100000110010110010110001000000000100110001
12872,197,8,27,M001010100000110010110010110001000000000100110001
12873,197,9,10,M001010100000110010110010110001000000000100110001
12874,197,10,31,M001010100000110010110010110001000000000100110001
12875,197,11,9,M001010100000110010110010110001000000000100110001
12876,197,12,11,M001010100000110010110010110001000000000100110001
12877,197,13,29,M001010100000110010110010110001000000000100110001
12878,197,14,15,M001010100000110010110010110001000000000100110001
12879,197,15,19,M001010100000110010110010110001000000000100110001
12880,197,16,2,M001010100000110010110010110001000000000100110001
12881,197,17,18,M001010100000110010110010110001000000000100110001
12882,197,18,13,M001010100000110010110010110001000000000100110001
12883,197,19,24,M001010100000110010110010110001000000000100110001
12884,197,20,0,M001010100000110010110010110001000000000100110001
12885,197,21,30,M001010100000110010110010110001000000000100110001
12886,197,22,25,M001010100000110010110010110001000000000100110001
12887,197,23,12,M001010100000110010110010110001000000000100110001
12888,197,24,22,M001010100000110010110010110001000000000100110001
12889,197,25,20,M001010100000110010110010110001000000000100110001
12890,197,26,6,M001010100000110010110010110001000000000100110001
12891,197,27,8,M001010100000110010110010110001000000000100110001
12892,197,28,28,M001010100000110010110010110001000000000100110001
12893,197,29,23,M001010100000110010110010110001000000000100110001
12894,197,30,21,M001010100000110010110010110001000000000100110001
12895,197,31,17,M001010100000110010110010110001000000000100110001
12928,295,0,19,M011000001100001000110010101001000001000100110010
12929,295,1,27,M011000001100001000110010101001000001000100110010
12930,295,2,0,M011000001100001000110010101001000001000100110010
12931,295,3,20,M011000001100001000110010101001000001000100110010
12932,295,4,16,M011000001100001000110010101001000001000100110010
12933,295,5,8,M011000001100001000110010101001000001000100110010
12934,295,6,23,M011000001100001000110010101001000001000100110010
12935,295,7,17,M011000001100001000110010101001000001000100110010
12936,295,8,10,M011000001100001000110010101001000001000100110010
12937,295,9,5,M011000001100001000110010101001000001000100110010
12938,295,10,21,M011000001100001000110010101001000001000100110010
12939,295,11,29,M011000001100001000110010101001000001000100110010
12940,295,12,26,M011000001100001000110010101001000001000100110010
12941,295,13,18,M011000001100001000110010101001000001000100110010
12942,295,14,11,M011000001100001000110010101001000001000100110010
12943,295,15,28,M011000001100001000110010101001000001000100110010
12944,295,16,7,M011000001100001000110010101001000001000100110010
12945,295,17,6,M011000001100001000110010101001000001000100110010
12946,295,18,14,M011000001100001000110010101001000001000100110010
12947,295,19,30,M011000001100001000110010101001000001000100110010
12948,295,20,9,M011000001100001000110010101001000001000100110010
12949,295,21,4,M011000001100001000110010101001000001000100110010
12950,295,22,15,M011000001100001000110010101001000001000100110010
12951,295,23,22,M011000001100001000110010101001000001000100110010
12952,295,24,3,M011000001100001000110010101001000001000100110010
12953,295,25,24,M011000001100001000110010101001000001000100110010
12954,295,26,2,M011000001100001000110010101001000001000100110010
12955,295,27,1,M011000001100001000110010101001000001000100110010
12956,295,28,25,M011000001100001000110010101001000001000100110010
12957,295,29,13,M011000001100001000110010101001000001000100110010
12958,295,30,12,M011000001100001000110010101001000001000100110010
12959,295,31,31,M011000001100001000110010101001000001000100110010
12960,422,0,30,M101010101010000110010000110000110000010010001000
12961,422,1,16,M101010101010000110010000110000110000010010001000
12962,422,2,14,M101010101010000110010000110000110000010010001000
12963,422,3,17,M101010101010000110010000110000110000010010001000
12964,422,4,6,M101010101010000110010000110000110000010010001000
12965,422,5,0,M101010101010000110010000110000110000010010001000
12966,422,6,31,M101010101010000110010000110000110000010010001000
12967,422,7,9,M101010101010000110010000110000110000010010001000
12968,422,8,11,M101010101010000110010000110000110000010010001000
12969,422,9,29,M101010101010000110010000110000110000010010001000
12970,422,10,24,M101010101010000110010000110000110000010010001000
12971,422,11,21,M101010101010000110010000110000110000010010001000
12972,422,12,12,M101010101010000110010000110000110000010010001000
12973,422,13,26,M101010101010000110010000110000110000010010001000
12974,422,14,2,M101010101010000110010000110000110000010010001000
12975,422,15,8,M101010101010000110010000110000110000010010001000
12976,422,16,19,M101010101010000110010000110000110000010010001000
12977,422,17,7,M101010101010000110010000110000110000010010001000
12978,422,18,22,M101010101010000110010000110000110000010010001000
12979,422,19,28,M101010101010000110010000110000110000010010001000
12980,422,20,18,M101010101010000110010000110000110000010010001000
12981,422,21,27,M101010101010000110010000110000110000010010001000
12982,422,22,15,M101010101010000110010000110000110000010010001000
12983,422,23,1,M101010101010000110010000110000110000010010001000
12984,422,24,5,M101010101010000110010000110000110000010010001000
12985,422,25,20,M101010101010000110010000110000110000010010001000
12986,422,26,10,M101010101010000110010000110000110000010010001000
12987,422,27,23,M101010101010000110010000110000110000010010001000
12988,422,28,25,M101010101010000110010000110000110000010010001000
12989,422,29,3,M101010101010000110010000110000110000010010001000
12990,422,30,4,M101010101010000110010000110000110000010010001000
12991,422,31,13,M101010101010000110010000110000110000010010001000
13280,179,0,21,M100000010000110100101001010000001000000101010111
13281,179,1,4,M100000010000110100101001010000001000000101010111
13282,179,2,10,M100000010000110100101001010000001000000101010111
13283,179,3,27,M100000010000110100101001010000001000000101010111
13284,179,4,13,M100000010000110100101001010000001000000101010111
13285,179,5,6,M100000010000110100101001010000001000000101010111
13286,179,6,18,M100000010000110100101001010000001000000101010111
13287,179,7,8,M100000010000110100101001010000001000000101010111
13288,179,8,24,M100000010000110100101001010000001000000101010111
13289,179,9,31,M100000010000110100101001010000001000000101010111
13290,179,10,12,M100000010000110100101001010000001000000101010111
13291,179,11,16,M100000010000110100101001010000001000000101010111
13292,179,12,14,M100000010000110100101001010000001000000101010111
13293,179,13,11,M100000010000110100101001010000001000000101010111
13294,179,14,0,M100000010000110100101001010000001000000101010111
13295,179,15,1,M100000010000110100101001010000001000000101010111
13296,179,16,23,M100000010000110100101001010000001000000101010111
13297,179,17,15,M100000010000110100101001010000001000000101010111
13298,179,18,29,M100000010000110100101001010000001000000101010111
13299,179,19,25,M100000010000110100101001010000001000000101010111
13300,179,20,20,M100000010000110100101001010000001000000101010111
13301,179,21,3,M100000010000110100101001010000001000000101010111
13302,179,22,28,M100000010000110100101001010000001000000101010111
13303,179,23,7,M100000010000110100101001010000001000000101010111
13304,179,24,19,M100000010000110100101001010000001000000101010111
13305,179,25,22,M100000010000110100101001010000001000000101010111
13306,179,26,2,M100000010000110100101001010000001000000101010111
13307,179,27,17,M100000010000110100101001010000001000000101010111
13308,179,28,30,M100000010000110100101001010000001000000101010111
13309,179,29,26,M100000010000110100101001010000001000000101010111
13310,179,30,9,M100000010000110100101001010000001000000101010111
13311,179,31,5,M100000010000110100101001010000001000000101010111
13344,437,0,3,M011100000001101101100000010000100001000010010011
13345,437,1,9,M011100000001101101100000010000100001000010010011
13346,437,2,10,M011100000001101101100000010000100001000010010011
13347,437,3,6,M011100000001101101100000010000100001000010010011
13348,437,4,12,M011100000001101101100000010000100001000010010011
13349,437,5,8,M011100000001101101100000010000100001000010010011
13350,437,6,31,M011100000001101101100000010000100001000010010011
13351,437,7,20,M011100000001101101100000010000100001000010010011
13352,437,8,14,M011100000001101101100000010000100001000010010011
13353,437,9,19,M011100000001101101100000010000100001000010010011
13354,437,10,15,M011100000001101101100000010000100001000010010011
13355,437,11,18,M011100000001101101100000010000100001000010010011
13356,437,12,29,M011100000001101101100000010000100001000010010011
13357,437,13,1,M011100000001101101100000010000100001000010010011
13358,437,14,24,M011100000001101101100000010000100001000010010011
13359,437,15,21,M011100000001101101100000010000100001000010010011
13360,437,16,16,M011100000001101101100000010000100001000010010011
13361,437,17,5,M011100000001101101100000010000100001000010010011
13362,437,18,2,M011100000001101101100000010000100001000010010011
13363,437,19,7,M011100000001101101100000010000100001000010010011
13364,437,20,28,M011100000001101101100000010000100001000010010011
13365,437,21,22,M011100000001101101100000010000100001000010010011
13366,437,22,26,M011100000001101101100000010000100001000010010011
13367,437,23,27,M011100000001101101100000010000100001000010010011
13368,437,24,13,M011100000001101101100000010000100001000010010011
13369,437,25,25,M011100000001101101100000010000100001000010010011
13370,437,26,23,M011100000001101101100000010000100001000010010011
13371,437,27,11,M011100000001101101100000010000100001000010010011
13372,437,28,0,M011100000001101101100000010000100001000010010011
13373,437,29,17,M011100000001101101100000010000100001000010010011
13374,437,30,4,M011100000001101101100000010000100001000010010011
13375,437,31,30,M011100000001101101100000010000100001000010010011
13888,356,0,7,M011010000000101110100110000010000011001000000101
13889,356,1,14,M011010000000101110100110000010000011001000000101
13890,356,2,22,M011010000000101110100110000010000011001000000101
13891,356,3,6,M011010000000101110100110000010000011001000000101
13892,356,4,16,M011010000000101110100110000010000011001000000101
13893,356,5,15,M011010000000101110100110000010000011001000000101
13894,356,6,13,M011010000000101110100110000010000011001000000101
13895,356,7,21,M011010000000101110100110000010000011001000000101
13896,356,8,12,M011010000000101110100110000010000011001000000101
13897,356,9,28,M011010000000101110100110000010000011001000000101
13898,356,10,29,M011010000000101110100110000010000011001000000101
13899,356,11,23,M011010000000101110100110000010000011001000000101
13900,356,12,8,M011010000000101110100110000010000011001000000101
13901,356,13,3,M011010000000101110100110000010000011001000000101
13902,356,14,20,M011010000000101110100110000010000011001000000101
13903,356,15,31,M011010000000101110100110000010000011001000000101
13904,356,16,1,M011010000000101110100110000010000011001000000101
13905,356,17,24,M011010000000101110100110000010000011001000000101
13906,356,18,17,M011010000000101110100110000010000011001000000101
13907,356,19,9,M011010000000101110100110000010000011001000000101
13908,356,20,2,M011010000000101110100110000010000011001000000101
13909,356,21,5,M011010000000101110100110000010000011001000000101
13910,356,22,11,M011010000000101110100110000010000011001000000101
13911,356,23,18,M011010000000101110100110000010000011001000000101
13912,356,24,30,M011010000000101110100110000010000011001000000101
13913,356,25,27,M011010000000101110100110000010000011001000000101
13914,356,26,19,M011010000000101110100110000010000011001000000101
13915,356,27,4,M011010000000101110100110000010000011001000000101
13916,356,28,0,M011010000000101110100110000010000011001000000101
13917,356,29,10,M011010000000101110100110000010000011001000000101
13918,356,30,25,M011010000000101110100110000010000011001000000101
13919,356,31,26,M011010000000101110100110000010000011001000000101
13920,500,0,9,M000101011100000001001000000001011110000000110110
13921,500,1,7,M000101011100000001001000000001011110000000110110
13922,500,2,1,M000101011100000001001000000001011110000000110110
13923,500,3,5,M000101011100000001001000000001011110000000110110
13924,500,4,19,M000101011100000001001000000001011110000000110110
13925,500,5,16,M000101011100000001001000000001011110000000110110
13926,500,6,3,M000101011100000001001000000001011110000000110110
13927,500,7,13,M000101011100000001001000000001011110000000110110
13928,500,8,18,M000101011100000001001000000001011110000000110110
13929,500,9,14,M000101011100000001001000000001011110000000110110
13930,500,10,31,M000101011100000001001000000001011110000000110110
13931,500,11,6,M000101011100000001001000000001011110000000110110
13932,500,12,21,M000101011100000001001000000001011110000000110110
13933,500,13,0,M000101011100000001001000000001011110000000110110
13934,500,14,10,M000101011100000001001000000001011110000000110110
13935,500,15,15,M000101011100000001001000000001011110000000110110
13936,500,16,30,M000101011100000001001000000001011110000000110110
13937,500,17,24,M000101011100000001001000000001011110000000110110
13938,500,18,8,M000101011100000001001000000001011110000000110110
13939,500,19,25,M000101011100000001001000000001011110000000110110
13940,500,20,2,M000101011100000001001000000001011110000000110110
13941,500,21,23,M000101011100000001001000000001011110000000110110
13942,500,22,28,M000101011100000001001000000001011110000000110110
13943,500,23,11,M000101011100000001001000000001011110000000110110
13944,500,24,26,M000101011100000001001000000001011110000000110110
13945,500,25,12,M000101011100000001001000000001011110000000110110
13946,500,26,4,M000101011100000001001000000001011110000000110110
13947,500,27,29,M000101011100000001001000000001011110000000110110
13948,500,28,20,M000101011100000001001000000001011110000000110110
13949,500,29,27,M000101011100000001001000000001011110000000110110
13950,500,30,22,M000101011100000001001000000001011110000000110110
13951,500,31,17,M000101011100000001001000000001011110000000110110
14176,316,0,15,M111100000101010100000000001000101000101000111000
14177,316,1,4,M111100000101010100000000001000101000101000111000
14178,316,2,29,M111100000101010100000000001000101000101000111000
14179,316,3,7,M111100000101010100000000001000101000101000111000
14180,316,4,18,M111100000101010100000000001000101000101000111000
14181,316,5,8,M111100000101010100000000001000101000101000111000
14182,316,6,5,M111100000101010100000000001000101000101000111000
14183,316,7,19,M111100000101010100000000001000101000101000111000
14184,316,8,24,M111100000101010100000000001000101000101000111000
14185,316,9,17,M111100000101010100000000001000101000101000111000
14186,316,10,10,M111100000101010100000000001000101000101000111000
14187,316,11,1,M111100000101010100000000001000101000101000111000
14188,316,12,21,M111100000101010100000000001000101000101000111000
14189,316,13,6,M111100000101010100000000001000101000101000111000
14190,316,14,14,M111100000101010100000000001000101000101000111000
14191,316,15,27,M111100000101010100000000001000101000101000111000
14192,316,16,13,M111100000101010100000000001000101000101000111000
14193,316,17,25,M111100000101010100000000001000101000101000111000
14194,316,18,26,M111100000101010100000000001000101000101000111000
14195,316,19,22,M111100000101010100000000001000101000101000111000
14196,316,20,0,M111100000101010100000000001000101000101000111000
14197,316,21,28,M111100000101010100000000001000101000101000111000
14198,316,22,9,M111100000101010100000000001000101000101000111000
14199,316,23,12,M111100000101010100000000001000101000101000111000
14200,316,24,3,M111100000101010100000000001000101000101000111000
14201,316,25,31,M111100000101010100000000001000101000101000111000
14202,316,26,11,M111100000101010100000000001000101000101000111000
14203,316,27,30,M111100000101010100000000001000101000101000111000
14204,316,28,16,M111100000101010100000000001000101000101000111000
14205,316,29,2,M111100000101010100000000001000101000101000111000
14206,316,30,20,M111100000101010100000000001000101000101000111000
14207,316,31,23,M111100000101010100000000001000101000101000111000
14240,332,0,26,M010010101000001101000010000100100010101100101000
14241,332,1,24,M010010101000001101000010000100100010101100101000
14242,332,2,17,M010010101000001101000010000100100010101100101000
14243,332,3,13,M010010101000001101000010000100100010101100101000
14244,332,4,11,M010010101000001101000010000100100010101100101000
14245,332,5,30,M010010101000001101000010000100100010101100101000
14246,332,6,29,M010010101000001101000010000100100010101100101000
14247,332,7,31,M010010101000001101000010000100100010101100101000
14248,332,8,14,M010010101000001101000010000100100010101100101000
14249,332,9,22,M010010101000001101000010000100100010101100101000
14250,332,10,9,M010010101000001101000010000100100010101100101000
14251,332,11,3,M010010101000001101000010000100100010101100101000
14252,332,12,16,M010010101000001101000010000100100010101100101000
14253,332,13,5,M010010101000001101000010000100100010101100101000
14254,332,14,23,M010010101000001101000010000100100010101100101000
14255,332,15,2,M010010101000001101000010000100100010101100101000
14256,332,16,6,M010010101000001101000010000100100010101100101000
14257,332,17,28,M010010101000001101000010000100100010101100101000
14258,332,18,4,M010010101000001101000010000100100010101100101000
14259,332,19,25,M010010101000001101000010000100100010101100101000
14260,332,20,15,M010010101000001101000010000100100010101100101000
14261,332,21,7,M010010101000001101000010000100100010101100101000
14262,332,22,27,M010010101000001101000010000100100010101100101000
14263,332,23,18,M010010101000001101000010000100100010101100101000
14264,332,24,12,M010010101000001101000010000100100010101100101000
14265,332,25,20,M010010101000001101000010000100100010101100101000
14266,332,26,1,M010010101000001101000010000100100010101100101000
14267,332,27,19,M010010101000001101000010000100100010101100101000
14268,332,28,10,M010010101000001101000010000100100010101100101000
14269,332,29,8,M010010101000001101000010000100100010101100101000
14270,332,30,0,M010010101000001101000010000100100010101100101000
14271,332,31,21,M010010101000001101000010000100100010101100101000
14592,186,0,9,M110100100000000101000000011010010010001010011010
14593,186,1,25,M110100100000000101000000011010010010001010011010
14594,186,2,26,M110100100000000101000000011010010010001010011010
14595,186,3,20,M110100100000000101000000011010010010001010011010
14596,186,4,19,M110100100000000101000000011010010010001010011010
14597,186,5,4,M110100100000000101000000011010010010001010011010
14598,186,6,1,M110100100000000101000000011010010010001010011010
14599,186,7,2,M110100100000000101000000011010010010001010011010
14600,186,8,22,M110100100000000101000000011010010010001010011010
14601,186,9,18,M110100100000000101000000011010010010001010011010
14602,186,10,17,M110100100000000101000000011010010010001010011010
14603,186,11,7,M110100100000000101000000011010010010001010011010
14604,186,12,29,M110100100000000101000000011010010010001010011010
14605,186,13,14,M110100100000000101000000011010010010001010011010
14606,186,14,15,M110100100000000101000000011010010010001010011010
14607,186,15,10,M110100100000000101000000011010010010001010011010
14608,186,16,8,M110100100000000101000000011010010010001010011010
14609,186,17,6,M110100100000000101000000011010010010001010011010
14610,186,18,30,M110100100000000101000000011010010010001010011010
14611,186,19,24,M110100100000000101000000011010010010001010011010
14612,186,20,28,M110100100000000101000000011010010010001010011010
14613,186,21,23,M110100100000000101000000011010010010001010011010
14614,186,22,5,M110100100000000101000000011010010010001010011010
14615,186,23,11,M110100100000000101000000011010010010001010011010
14616,186,24,0,M110100100000000101000000011010010010001010011010
14617,186,25,3,M110100100000000101000000011010010010001010011010
14618,186,26,16,M110100100000000101000000011010010010001010011010
14619,186,27,21,M110100100000000101000000011010010010001010011010
14620,186,28,27,M110100100000000101000000011010010010001010011010
14621,186,29,31,M110100100000000101000000011010010010001010011010
14622,186,30,12,M110100100000000101000000011010010010001010011010
14623,186,31,13,M110100100000000101000000011010010010001010011010
14624,50,0,26,M010101101001000000000000011001101100000001010110
14625,50,1,18,M010101101001000000000000011001101100000001010110
14626,50,2,12,M010101101001000000000000011001101100000001010110
14627,50,3,0,M010101101001000000000000011001101100000001010110
14628,50,4,13,M010101101001000000000000011001101100000001010110
14629,50,5,14,M010101101001000000000000011001101100000001010110
14630,50,6,3,M010101101001000000000000011001101100000001010110
14631,50,7,11,M010101101001000000000000011001101100000001010110
14632,50,8,17,M010101101001000000000000011001101100000001010110
14633,50,9,10,M010101101001000000000000011001101100000001010110
14634,50,10,31,M010101101001000000000000011001101100000001010110
14635,50,11,20,M010101101001000000000000011001101100000001010110
14636,50,12,24,M010101101001000000000000011001101100000001010110
14637,50,13,16,M010101101001000000000000011001101100000001010110
14638,50,14,1,M010101101001000000000000011001101100000001010110
14639,50,15,23,M010101101001000000000000011001101100000001010110
14640,50,16,30,M010101101001000000000000011001101100000001010110
14641,50,17,28,M010101101001000000000000011001101100000001010110
14642,50,18,29,M010101101001000000000000011001101100000001010110
14643,50,19,5,M010101101001000000000000011001101100000001010110
14644,50,20,4,M010101101001000000000000011001101100000001010110
14645,50,21,27,M010101101001000000000000011001101100000001010110
14646,50,22,19,M010101101001000000000000011001101100000001010110
14647,50,23,15,M010101101001000000000000011001101100000001010110
14648,50,24,7,M010101101001000000000000011001101100000001010110
14649,50,25,9,M010101101001000000000000011001101100000001010110
14650,50,26,6,M010101101001000000000000011001101100000001010110
14651,50,27,25,M010101101001000000000000011001101100000001010110
14652,50,28,21,M010101101001000000000000011001101100000001010110
14653,50,29,8,M010101101001000000000000011001101100000001010110
14654,50,30,22,M010101101001000000000000011001101100000001010110
14655,50,31,2,M010101101001000000000000011001101100000001010110
14752,107,0,4,M011010101001000000010000000101001000111000100011
14753,107,1,3,M011010101001000000010000000101001000111000100011
14754,107,2,7,M011010101001000000010000000101001000111000100011
14755,107,3,25,M011010101001000000010000000101001000111000100011
14756,107,4,8,M011010101001000000010000000101001000111000100011
14757,107,5,24,M011010101001000000010000000101001000111000100011
14758,107,6,16,M011010101001000000010000000101001000111000100011
14759,107,7,11,M011010101001000000010000000101001000111000100011
14760,107,8,21,M011010101001000000010000000101001000111000100011
14761,107,9,22,M011010101001000000010000000101001000111000100011
14762,107,10,6,M011010101001000000010000000101001000111000100011
14763,107,11,15,M011010101001000000010000000101001000111000100011
14764,107,12,14,M011010101001000000010000000101001000111000100011
14765,107,13,2,M011010101001000000010000000101001000111000100011
14766,107,14,18,M011010101001000000010000000101001000111000100011
14767,107,15,12,M011010101001000000010000000101001000111000100011
14768,107,16,27,M011010101001000000010000000101001000111000100011
14769,107,17,10,M011010101001000000010000000101001000111000100011
14770,107,18,5,M011010101001000000010000000101001000111000100011
14771,107,19,23,M011010101001000000010000000101001000111000100011
14772,107,20,26,M011010101001000000010000000101001000111000100011
14773,107,21,0,M011010101001000000010000000101001000111000100011
14774,107,22,28,M011010101001000000010000000101001000111000100011
14775,107,23,9,M011010101001000000010000000101001000111000100011
14776,107,24,20,M011010101001000000010000000101001000111000100011
14777,107,25,19,M011010101001000000010000000101001000111000100011
14778,107,26,30,M011010101001000000010000000101001000111000100011
14779,107,27,17,M011010101001000000010000000101001000111000100011
14780,107,28,31,M011010101001000000010000000101001000111000100011
14781,107,29,13,M011010101001000000010000000101001000111000100011
14782,107,30,29,M011010101001000000010000000101001000111000100011
14783,107,31,1,M011010101001000000010000000101001000111000100011
14816,481,0,26,M101001010001000000000110000100010000011100101011
14817,481,1,25,M101001010001000000000110000100010000011100101011
14818,481,2,12,M101001010001000000000110000100010000011100101011
14819,481,3,18,M101001010001000000000110000100010000011100101011
14820,481,4,4,M101001010001000000000110000100010000011100101011
14821,481,5,5,M101001010001000000000110000100010000011100101011
14822,481,6,9,M101001010001000000000110000100010000011100101011
14823,481,7,27,M101001010001000000000110000100010000011100101011
14824,481,8,29,M101001010001000000000110000100010000011100101011
14825,481,9,22,M101001010001000000000110000100010000011100101011
14826,481,10,19,M101001010001000000000110000100010000011100101011
14827,481,11,1,M101001010001000000000110000100010000011100101011
14828,481,12,0,M101001010001000000000110000100010000011100101011
14829,481,13,24,M101001010001000000000110000100010000011100101011
14830,481,14,31,M101001010001000000000110000100010000011100101011
14831,481,15,16,M101001010001000000000110000100010000011100101011
14832,481,16,23,M101001010001000000000110000100010000011100101011
14833,481,17,30,M101001010001000000000110000100010000011100101011
14834,481,18,20,M101001010001000000000110000100010000011100101011
14835,481,19,2,M101001010001000000000110000100010000011100101011
14836,481,20,11,M101001010001000000000110000100010000011100101011
14837,481,21,15,M101001010001000000000110000100010000011100101011
14838,481,22,13,M101001010001000000000110000100010000011100101011
14839,481,23,8,M101001010001000000000110000100010000011100101011
14840,481,24,3,M101001010001000000000110000100010000011100101011
14841,481,25,21,M101001010001000000000110000100010000011100101011
14842,481,26,7,M101001010001000000000110000100010000011100101011
14843,481,27,14,M101001010001000000000110000100010000011100101011
14844,481,28,17,M101001010001000000000110000100010000011100101011
14845,481,29,28,M101001010001000000000110000100010000011100101011
14846,481,30,10,M101001010001000000000110000100010000011100101011
14847,481,31,6,M101001010001000000000110000100010000011100101011
15168,148,0,21,M010011001100110100010000110000000000000110011010
15169,148,1,16,M010011001100110100010000110000000000000110011010
15170,148,2,0,M010011001100110100010000110000000000000110011010
15171,148,3,23,M010011001100110100010000110000000000000110011010
15172,148,4,17,M010011001100110100010000110000000000000110011010
15173,148,5,12,M010011001100110100010000110000000000000110011010
15174,148,6,1,M010011001100110100010000110000000000000110011010
15175,148,7,25,M010011001100110100010000110000000000000110011010
15176,148,8,29,M010011001100110100010000110000000000000110011010
15177,148,9,8,M010011001100110100010000110000000000000110011010
15178,148,10,13,M010011001100110100010000110000000000000110011010
15179,148,11,9,M010011001100110100010000110000000000000110011010
15180,148,12,27,M010011001100110100010000110000000000000110011010
15181,148,13,20,M010011001100110100010000110000000000000110011010
15182,148,14,30,M010011001100110100010000110000000000000110011010
15183,148,15,31,M010011001100110100010000110000000000000110011010
15184,148,16,26,M010011001100110100010000110000000000000110011010
15185,148,17,10,M010011001100110100010000110000000000000110011010
15186,148,18,28,M010011001100110100010000110000000000000110011010
15187,148,19,5,M010011001100110100010000110000000000000110011010
15188,148,20,14,M010011001100110100010000110000000000000110011010
15189,148,21,6,M010011001100110100010000110000000000000110011010
15190,148,22,3,M010011001100110100010000110000000000000110011010
15191,148,23,22,M010011001100110100010000110000000000000110011010
15192,148,24,15,M010011001100110100010000110000000000000110011010
15193,148,25,11,M010011001100110100010000110000000000000110011010
15194,148,26,2,M010011001100110100010000110000000000000110011010
15195,148,27,4,M010011001100110100010000110000000000000110011010
15196,148,28,7,M010011001100110100010000110000000000000110011010
15197,148,29,18,M010011001100110100010000110000000000000110011010
15198,148,30,24,M010011001100110100010000110000000000000110011010
15199,148,31,19,M010011001100110100010000110000000000000110011010
15328,512,0,3,M101110011001000100010000100001000100000010110001
15329,512,1,2,M101110011001000100010000100001000100000010110001
15330,512,2,5,M101110011001000100010000100001000100000010110001
15331,512,3,11,M101110011001000100010000100001000100000010110001
15332,512,4,7,M101110011001000100010000100001000100000010110001
15333,512,5,14,M101110011001000100010000100001000100000010110001
15334,512,6,8,M101110011001000100010000100001000100000010110001
15335,512,7,25,M101110011001000100010000100001000100000010110001
15336,512,8,17,M101110011001000100010000100001000100000010110001
15337,512,9,30,M101110011001000100010000100001000100000010110001
15338,512,10,31,M101110011001000100010000100001000100000010110001
15339,512,11,12,M101110011001000100010000100001000100000010110001
15340,512,12,20,M101110011001000100010000100001000100000010110001
15341,512,13,4,M101110011001000100010000100001000100000010110001
15342,512,14,19,M101110011001000100010000100001000100000010110001
15343,512,15,1,M101110011001000100010000100001000100000010110001
15344,512,16,9,M101110011001000100010000100001000100000010110001
15345,512,17,27,M101110011001000100010000100001000100000010110001
15346,512,18,15,M101110011001000100010000100001000100000010110001
15347,512,19,6,M101110011001000100010000100001000100000010110001
15348,512,20,24,M101110011001000100010000100001000100000010110001
15349,512,21,21,M101110011001000100010000100001000100000010110001
15350,512,22,22,M101110011001000100010000100001000100000010110001
15351,512,23,23,M101110011001000100010000100001000100000010110001
15352,512,24,13,M101110011001000100010000100001000100000010110001
15353,512,25,18,M101110011001000100010000100001000100000010110001
15354,512,26,0,M101110011001000100010000100001000100000010110001
15355,512,27,10,M101110011001000100010000100001000100000010110001
15356,512,28,16,M101110011001000100010000100001000100000010110001
15357,512,29,28,M101110011001000100010000100001000100000010110001
15358,512,30,29,M101110011001000100010000100001000100000010110001
15359,512,31,26,M101110011001000100010000100001000100000010110001
15872,445,0,11,M001010001100000000010000100100100001010011011110
15873,445,1,8,M001010001100000000010000100100100001010011011110
15874,445,2,16,M001010001100000000010000100100100001010011011110
15875,445,3,4,M001010001100000000010000100100100001010011011110
15876,445,4,22,M001010001100000000010000100100100001010011011110
15877,445,5,25,M001010001100000000010000100100100001010011011110
15878,445,6,21,M001010001100000000010000100100100001010011011110
15879,445,7,27,M001010001100000000010000100100100001010011011110
15880,445,8,2,M001010001100000000010000100100100001010011011110
15881,445,9,30,M001010001100000000010000100100100001010011011110
15882,445,10,0,M001010001100000000010000100100100001010011011110
15883,445,11,1,M001010001100000000010000100100100001010011011110
15884,445,12,29,M001010001100000000010000100100100001010011011110
15885,445,13,24,M001010001100000000010000100100100001010011011110
15886,445,14,19,M001010001100000000010000100100100001010011011110
15887,445,15,5,M001010001100000000010000100100100001010011011110
15888,445,16,31,M001010001100000000010000100100100001010011011110
15889,445,17,15,M001010001100000000010000100100100001010011011110
15890,445,18,26,M001010001100000000010000100100100001010011011110
15891,445,19,10,M001010001100000000010000100100100001010011011110
15892,445,20,28,M001010001100000000010000100100100001010011011110
15893,445,21,6,M001010001100000000010000100100100001010011011110
15894,445,22,18,M001010001100000000010000100100100001010011011110
15895,445,23,9,M001010001100000000010000100100100001010011011110
15896,445,24,17,M001010001100000000010000100100100001010011011110
15897,445,25,3,M001010001100000000010000100100100001010011011110
15898,445,26,13,M001010001100000000010000100100100001010011011110
15899,445,27,23,M001010001100000000010000100100100001010011011110
15900,445,28,7,M001010001100000000010000100100100001010011011110
15901,445,29,12,M001010001100000000010000100100100001010011011110
15902,445,30,14,M001010001100000000010000100100100001010011011110
15903,445,31,20,M001010001100000000010000100100100001010011011110
15968,478,0,12,M010101000000000000010101001000011011000000101111
15969,478,1,4,M010101000000000000010101001000011011000000101111
15970,478,2,19,M010101000000000000010101001000011011000000101111
15971,478,3,16,M010101000000000000010101001000011011000000101111
15972,478,4,10,M010101000000000000010101001000011011000000101111
15973,478,5,11,M010101000000000000010101001000011011000000101111
15974,478,6,30,M010101000000000000010101001000011011000000101111
15975,478,7,20,M010101000000000000010101001000011011000000101111
15976,478,8,6,M010101000000000000010101001000011011000000101111
15977,478,9,17,M010101000000000000010101001000011011000000101111
15978,478,10,13,M010101000000000000010101001000011011000000101111
15979,478,11,26,M010101000000000000010101001000011011000000101111
15980,478,12,31,M010101000000000000010101001000011011000000101111
15981,478,13,5,M010101000000000000010101001000011011000000101111
15982,478,14,3,M010101000000000000010101001000011011000000101111
15983,478,15,29,M010101000000000000010101001000011011000000101111
15984,478,16,15,M010101000000000000010101001000011011000000101111
15985,478,17,8,M010101000000000000010101001000011011000000101111
15986,478,18,2,M010101000000000000010101001000011011000000101111
15987,478,19,9,M010101000000000000010101001000011011000000101111
15988,478,20,21,M010101000000000000010101001000011011000000101111
15989,478,21,28,M010101000000000000010101001000011011000000101111
15990,478,22,22,M010101000000000000010101001000011011000000101111
15991,478,23,18,M010101000000000000010101001000011011000000101111
15992,478,24,23,M010101000000000000010101001000011011000000101111
15993,478,25,7,M010101000000000000010101001000011011000000101111
15994,478,26,0,M010101000000000000010101001000011011000000101111
15995,478,27,1,M010101000000000000010101001000011011000000101111
15996,478,28,24,M010101000000000000010101001000011011000000101111
15997,478,29,14,M010101000000000000010101001000011011000000101111
15998,478,30,25,M010101000000000000010101001000011011000000101111
15999,478,31,27,M010101000000000000010101001000011011000000101111
16224,544,0,29,M010011000001000001010010010010100000001101010101
16225,544,1,10,M010011000001000001010010010010100000001101010101
16226,544,2,28,M010011000001000001010010010010100000001101010101
16227,544,3,1,M010011000001000001010010010010100000001101010101
16228,544,4,15,M010011000001000001010010010010100000001101010101
16229,544,5,14,M010011000001000001010010010010100000001101010101
16230,544,6,3,M010011000001000001010010010010100000001101010101
16231,544,7,5,M010011000001000001010010010010100000001101010101
16232,544,8,16,M010011000001000001010010010010100000001101010101
16233,544,9,27,M010011000001000001010010010010100000001101010101
16234,544,10,23,M010011000001000001010010010010100000001101010101
16235,544,11,21,M010011000001000001010010010010100000001101010101
16236,544,12,4,M010011000001000001010010010010100000001101010101
16237,544,13,9,M010011000001000001010010010010100000001101010101
16238,544,14,0,M010011000001000001010010010010100000001101010101
16239,544,15,30,M010011000001000001010010010010100000001101010101
16240,544,16,13,M010011000001000001010010010010100000001101010101
16241,544,17,17,M010011000001000001010010010010100000001101010101
16242,544,18,18,M010011000001000001010010010010100000001101010101
16243,544,19,7,M010011000001000001010010010010100000001101010101
16244,544,20,19,M010011000001000001010010010010100000001101010101
16245,544,21,20,M010011000001000001010010010010100000001101010101
16246,544,22,6,M010011000001000001010010010010100000001101010101
16247,544,23,8,M010011000001000001010010010010100000001101010101
16248,544,24,12,M010011000001000001010010010010100000001101010101
16249,544,25,24,M010011000001000001010010010010100000001101010101
16250,544,26,25,M010011000001000001010010010010100000001101010101
16251,544,27,11,M010011000001000001010010010010100000001101010101
16252,544,28,31,M010011000001000001010010010010100000001101010101
16253,544,29,2,M010011000001000001010010010010100000001101010101
16254,544,30,22,M010011000001000001010010010010100000001101010101
16255,544,31,26,M010011000001000001010010010010100000001101010101
16352,365,0,30,M001100000110010010110000100001000001001000101110
16353,365,1,2,M001100000110010010110000100001000001001000101110
16354,365,2,20,M001100000110010010110000100001000001001000101110
16355,365,3,7,M001100000110010010110000100001000001001000101110
16356,365,4,23,M001100000110010010110000100001000001001000101110
16357,365,5,12,M001100000110010010110000100001000001001000101110
16358,365,6,11,M001100000110010010110000100001000001001000101110
16359,365,7,24,M001100000110010010110000100001000001001000101110
16360,365,8,16,M001100000110010010110000100001000001001000101110
16361,365,9,27,M001100000110010010110000100001000001001000101110
16362,365,10,15,M001100000110010010110000100001000001001000101110
16363,365,11,13,M001100000110010010110000100001000001001000101110
16364,365,12,17,M001100000110010010110000100001000001001000101110
16365,365,13,22,M001100000110010010110000100001000001001000101110
16366,365,14,21,M001100000110010010110000100001000001001000101110
16367,365,15,14,M001100000110010010110000100001000001001000101110
16368,365,16,0,M001100000110010010110000100001000001001000101110
16369,365,17,18,M001100000110010010110000100001000001001000101110
16370,365,18,10,M001100000110010010110000100001000001001000101110
16371,365,19,3,M001100000110010010110000100001000001001000101110
16372,365,20,29,M001100000110010010110000100001000001001000101110
16373,365,21,5,M001100000110010010110000100001000001001000101110
16374,365,22,8,M001100000110010010110000100001000001001000101110
16375,365,23,1,M001100000110010010110000100001000001001000101110
16376,365,24,4,M001100000110010010110000100001000001001000101110
16377,365,25,25,M001100000110010010110000100001000001001000101110
16378,365,26,6,M001100000110010010110000100001000001001000101110
16379,365,27,19,M001100000110010010110000100001000001001000101110
16380,365,28,9,M001100000110010010110000100001000001001000101110
16381,365,29,31,M001100000110010010110000100001000001001000101110
16382,365,30,28,M001100000110010010110000100001000001001000101110
16383,365,31,26,M001100000110010010110000100001000001001000101110
16544,565,0,8,M110000100000000110000000011101000001011000110011
16545,565,1,17,M110000100000000110000000011101000001011000110011
16546,565,2,13,M110000100000000110000000011101000001011000110011
16547,565,3,29,M110000100000000110000000011101000001011000110011
16548,565,4,15,M110000100000000110000000011101000001011000110011
16549,565,5,7,M110000100000000110000000011101000001011000110011
16550,565,6,27,M110000100000000110000000011101000001011000110011
16551,565,7,19,M110000100000000110000000011101000001011000110011
16552,565,8,20,M110000100000000110000000011101000001011000110011
16553,565,9,1,M110000100000000110000000011101000001011000110011
16554,565,10,6,M110000100000000110000000011101000001011000110011
16555,565,11,28,M110000100000000110000000011101000001011000110011
16556,565,12,10,M110000100000000110000000011101000001011000110011
16557,565,13,14,M110000100000000110000000011101000001011000110011
16558,565,14,24,M110000100000000110000000011101000001011000110011
16559,565,15,12,M110000100000000110000000011101000001011000110011
16560,565,16,22,M110000100000000110000000011101000001011000110011
16561,565,17,26,M110000100000000110000000011101000001011000110011
16562,565,18,11,M110000100000000110000000011101000001011000110011
16563,565,19,2,M110000100000000110000000011101000001011000110011
16564,565,20,31,M110000100000000110000000011101000001011000110011
16565,565,21,0,M110000100000000110000000011101000001011000110011
16566,565,22,5,M110000100000000110000000011101000001011000110011
16567,565,23,9,M110000100000000110000000011101000001011000110011
16568,565,24,4,M110000100000000110000000011101000001011000110011
16569,565,25,16,M110000100000000110000000011101000001011000110011
16570,565,26,21,M110000100000000110000000011101000001011000110011
16571,565,27,18,M110000100000000110000000011101000001011000110011
16572,565,28,30,M110000100000000110000000011101000001011000110011
16573,565,29,23,M110000100000000110000000011101000001011000110011
16574,565,30,25,M110000100000000110000000011101000001011000110011
16575,565,31,3,M110000100000000110000000011101000001011000110011
16576,65,0,29,M101110001010011000000000010001110000100000010101
16577,65,1,12,M101110001010011000000000010001110000100000010101
16578,65,2,8,M101110001010011000000000010001110000100000010101
16579,65,3,19,M101110001010011000000000010001110000100000010101
16580,65,4,2,M101110001010011000000000010001110000100000010101
16581,65,5,7,M101110001010011000000000010001110000100000010101
16582,65,6,23,M101110001010011000000000010001110000100000010101
16583,65,7,22,M101110001010011000000000010001110000100000010101
16584,65,8,15,M101110001010011000000000010001110000100000010101
16585,65,9,5,M101110001010011000000000010001110000100000010101
16586,65,10,13,M101110001010011000000000010001110000100000010101
16587,65,11,9,M101110001010011000000000010001110000100000010101
16588,65,12,14,M101110001010011000000000010001110000100000010101
16589,65,13,20,M101110001010011000000000010001110000100000010101
16590,65,14,16,M101110001010011000000000010001110000100000010101
16591,65,15,11,M101110001010011000000000010001110000100000010101
16592,65,16,27,M101110001010011000000000010001110000100000010101
16593,65,17,3,M101110001010011000000000010001110000100000010101
16594,65,18,0,M101110001010011000000000010001110000100000010101
16595,65,19,28,M101110001010011000000000010001110000100000010101
16596,65,20,30,M101110001010011000000000010001110000100000010101
16597,65,21,21,M101110001010011000000000010001110000100000010101
16598,65,22,4,M101110001010011000000000010001110000100000010101
16599,65,23,10,M101110001010011000000000010001110000100000010101
16600,65,24,6,M101110001010011000000000010001110000100000010101
16601,65,25,17,M101110001010011000000000010001110000100000010101
16602,65,26,24,M101110001010011000000000010001110000100000010101
16603,65,27,31,M101110001010011000000000010001110000100000010101
16604,65,28,26,M101110001010011000000000010001110000100000010101
16605,65,29,1,M101110001010011000000000010001110000100000010101
16606,65,30,18,M101110001010011000000000010001110000100000010101
16607,65,31,25,M101110001010011000000000010001110000100000010101
16672,291,0,11,M011100010101101100100000001000000010000010111000
16673,291,1,22,M011100010101101100100000001000000010000010111000
16674,291,2,2,M011100010101101100100000001000000010000010111000
16675,291,3,31,M011100010101101100100000001000000010000010111000
16676,291,4,15,M011100010101101100100000001000000010000010111000
16677,291,5,23,M011100010101101100100000001000000010000010111000
16678,291,6,30,M011100010101101100100000001000000010000010111000
16679,291,7,1,M011100010101101100100000001000000010000010111000
16680,291,8,26,M011100010101101100100000001000000010000010111000
16681,291,9,5,M011100010101101100100000001000000010000010111000
16682,291,10,3,M011100010101101100100000001000000010000010111000
16683,291,11,13,M011100010101101100100000001000000010000010111000
16684,291,12,10,M011100010101101100100000001000000010000010111000
16685,291,13,12,M011100010101101100100000001000000010000010111000
16686,291,14,29,M011100010101101100100000001000000010000010111000
16687,291,15,7,M011100010101101100100000001000000010000010111000
16688,291,16,27,M011100010101101100100000001000000010000010111000
16689,291,17,25,M011100010101101100100000001000000010000010111000
16690,291,18,21,M011100010101101100100000001000000010000010111000
16691,291,19,28,M011100010101101100100000001000000010000010111000
16692,291,20,16,M011100010101101100100000001000000010000010111000
16693,291,21,17,M011100010101101100100000001000000010000010111000
16694,291,22,18,M011100010101101100100000001000000010000010111000
16695,291,23,19,M011100010101101100100000001000000010000010111000
16696,291,24,14,M011100010101101100100000001000000010000010111000
16697,291,25,0,M011100010101101100100000001000000010000010111000
16698,291,26,4,M011100010101101100100000001000000010000010111000
16699,291,27,6,M011100010101101100100000001000000010000010111000
16700,291,28,20,M011100010101101100100000001000000010000010111000
16701,291,29,9,M011100010101101100100000001000000010000010111000
16702,291,30,24,M011100010101101100100000001000000010000010111000
16703,291,31,8,M011100010101101100100000001000000010000010111000
16736,526,0,9,M110001100000000000000001000011000011001100111101
16737,526,1,22,M110001100000000000000001000011000011001100111101
16738,526,2,23,M110001100000000000000001000011000011001100111101
16739,526,3,27,M110001100000000000000001000011000011001100111101
16740,526,4,28,M110001100000000000000001000011000011001100111101
16741,526,5,31,M110001100000000000000001000011000011001100111101
16742,526,6,5,M110001100000000000000001000011000011001100111101
16743,526,7,20,M110001100000000000000001000011000011001100111101
16744,526,8,2,M110001100000000000000001000011000011001100111101
16745,526,9,10,M110001100000000000000001000011000011001100111101
16746,526,10,8,M110001100000000000000001000011000011001100111101
16747,526,11,19,M110001100000000000000001000011000011001100111101
16748,526,12,11,M110001100000000000000001000011000011001100111101
16749,526,13,6,M110001100000000000000001000011000011001100111101
16750,526,14,3,M110001100000000000000001000011000011001100111101
16751,526,15,16,M110001100000000000000001000011000011001100111101
16752,526,16,13,M110001100000000000000001000011000011001100111101
16753,526,17,21,M110001100000000000000001000011000011001100111101
16754,526,18,0,M110001100000000000000001000011000011001100111101
16755,526,19,24,M110001100000000000000001000011000011001100111101
16756,526,20,4,M110001100000000000000001000011000011001100111101
16757,526,21,26,M110001100000000000000001000011000011001100111101
16758,526,22,29,M110001100000000000000001000011000011001100111101
16759,526,23,17,M110001100000000000000001000011000011001100111101
16760,526,24,1,M110001100000000000000001000011000011001100111101
16761,526,25,15,M110001100000000000000001000011000011001100111101
16762,526,26,12,M110001100000000000000001000011000011001100111101
16763,526,27,30,M110001100000000000000001000011000011001100111101
16764,526,28,7,M110001100000000000000001000011000011001100111101
16765,526,29,25,M110001100000000000000001000011000011001100111101
16766,526,30,14,M110001100000000000000001000011000011001100111101
16767,526,31,18,M110001100000000000000001000011000011001100111101
16960,468,0,11,M011110000101110100000101100100000000000000110010
16961,468,1,13,M011110000101110100000101100100000000000000110010
16962,468,2,7,M011110000101110100000101100100000000000000110010
16963,468,3,18,M011110000101110100000101100100000000000000110010
16964,468,4,31,M011110000101110100000101100100000000000000110010
16965,468,5,20,M011110000101110100000101100100000000000000110010
16966,468,6,28,M011110000101110100000101100100000000000000110010
16967,468,7,30,M011110000101110100000101100100000000000000110010
16968,468,8,29,M011110000101110100000101100100000000000000110010
16969,468,9,26,M011110000101110100000101100100000000000000110010
16970,468,10,3,M011110000101110100000101100100000000000000110010
16971,468,11,4,M011110000101110100000101100100000000000000110010
16972,468,12,16,M011110000101110100000101100100000000000000110010
16973,468,13,6,M011110000101110100000101100100000000000000110010
16974,468,14,9,M011110000101110100000101100100000000000000110010
16975,468,15,23,M011110000101110100000101100100000000000000110010
16976,468,16,12,M011110000101110100000101100100000000000000110010
16977,468,17,25,M011110000101110100000101100100000000000000110010
16978,468,18,24,M011110000101110100000101100100000000000000110010
16979,468,19,10,M011110000101110100000101100100000000000000110010
16980,468,20,17,M011110000101110100000101100100000000000000110010
16981,468,21,2,M011110000101110100000101100100000000000000110010
16982,468,22,22,M011110000101110100000101100100000000000000110010
16983,468,23,0,M011110000101110100000101100100000000000000110010
16984,468,24,21,M011110000101110100000101100100000000000000110010
16985,468,25,27,M011110000101110100000101100100000000000000110010
16986,468,26,1,M011110000101110100000101100100000000000000110010
16987,468,27,5,M011110000101110100000101100100000000000000110010
16988,468,28,15,M011110000101110100000101100100000000000000110010
16989,468,29,8,M011110000101110100000101100100000000000000110010
16990,468,30,19,M011110000101110100000101100100000000000000110010
16991,468,31,14,M011110000101110100000101100100000000000000110010
17152,534,0,12,M111101000000001110101000000010000000010001011010
17153,534,1,14,M111101000000001110101000000010000000010001011010
17154,534,2,16,M111101000000001110101000000010000000010001011010
17155,534,3,0,M111101000000001110101000000010000000010001011010
17156,534,4,21,M111101000000001110101000000010000000010001011010
17157,534,5,23,M111101000000001110101000000010000000010001011010
17158,534,6,17,M111101000000001110101000000010000000010001011010
17159,534,7,3,M111101000000001110101000000010000000010001011010
17160,534,8,6,M111101000000001110101000000010000000010001011010
17161,534,9,15,M111101000000001110101000000010000000010001011010
17162,534,10,8,M111101000000001110101000000010000000010001011010
17163,534,11,31,M111101000000001110101000000010000000010001011010
17164,534,12,5,M111101000000001110101000000010000000010001011010
17165,534,13,29,M111101000000001110101000000010000000010001011010
17166,534,14,9,M111101000000001110101000000010000000010001011010
17167,534,15,27,M111101000000001110101000000010000000010001011010
17168,534,16,1,M111101000000001110101000000010000000010001011010
17169,534,17,26,M111101000000001110101000000010000000010001011010
17170,534,18,11,M111101000000001110101000000010000000010001011010
17171,534,19,25,M111101000000001110101000000010000000010001011010
17172,534,20,19,M111101000000001110101000000010000000010001011010
17173,534,21,18,M111101000000001110101000000010000000010001011010
17174,534,22,30,M111101000000001110101000000010000000010001011010
17175,534,23,7,M111101000000001110101000000010000000010001011010
17176,534,24,20,M111101000000001110101000000010000000010001011010
17177,534,25,28,M111101000000001110101000000010000000010001011010
17178,534,26,4,M111101000000001110101000000010000000010001011010
17179,534,27,10,M111101000000001110101000000010000000010001011010
17180,534,28,24,M111101000000001110101000000010000000010001011010
17181,534,29,22,M111101000000001110101000000010000000010001011010
17182,534,30,13,M111101000000001110101000000010000000010001011010
17183,534,31,2,M111101000000001110101000000010000000010001011010
17216,539,0,19,M101010110000000001000100001001000001100000111101
17217,539,1,23,M101010110000000001000100001001000001100000111101
17218,539,2,18,M101010110000000001000100001001000001100000111101
17219,539,3,1,M101010110000000001000100001001000001100000111101
17220,539,4,14,M101010110000000001000100001001000001100000111101
17221,539,5,8,M101010110000000001000100001001000001100000111101
17222,539,6,6,M101010110000000001000100001001000001100000111101
17223,539,7,29,M101010110000000001000100001001000001100000111101
17224,539,8,10,M101010110000000001000100001001000001100000111101
17225,539,9,16,M101010110000000001000100001001000001100000111101
17226,539,10,13,M101010110000000001000100001001000001100000111101
17227,539,11,20,M101010110000000001000100001001000001100000111101
17228,539,12,28,M101010110000000001000100001001000001100000111101
17229,539,13,5,M101010110000000001000100001001000001100000111101
17230,539,14,25,M101010110000000001000100001001000001100000111101
17231,539,15,9,M101010110000000001000100001001000001100000111101
17232,539,16,12,M101010110000000001000100001001000001100000111101
17233,539,17,7,M101010110000000001000100001001000001100000111101
17234,539,18,11,M101010110000000001000100001001000001100000111101
17235,539,19,30,M101010110000000001000100001001000001100000111101
17236,539,20,24,M101010110000000001000100001001000001100000111101
17237,539,21,22,M101010110000000001000100001001000001100000111101
17238,539,22,27,M101010110000000001000100001001000001100000111101
17239,539,23,2,M101010110000000001000100001001000001100000111101
17240,539,24,17,M101010110000000001000100001001000001100000111101
17241,539,25,4,M101010110000000001000100001001000001100000111101
17242,539,26,15,M101010110000000001000100001001000001100000111101
17243,539,27,3,M101010110000000001000100001001000001100000111101
17244,539,28,21,M101010110000000001000100001001000001100000111101
17245,539,29,31,M101010110000000001000100001001000001100000111101
17246,539,30,0,M101010110000000001000100001001000001100000111101
17247,539,31,26,M101010110000000001000100001001000001100000111101
17440,394,0,13,M100110000001001000100000000001000000011011011111
17441,394,1,24,M100110000001001000100000000001000000011011011111
17442,394,2,0,M100110000001001000100000000001000000011011011111
17443,394,3,7,M100110000001001000100000000001000000011011011111
17444,394,4,11,M100110000001001000100000000001000000011011011111
17445,394,5,8,M100110000001001000100000000001000000011011011111
17446,394,6,1,M100110000001001000100000000001000000011011011111
17447,394,7,5,M100110000001001000100000000001000000011011011111
17448,394,8,25,M100110000001001000100000000001000000011011011111
17449,394,9,3,M100110000001001000100000000001000000011011011111
17450,394,10,17,M100110000001001000100000000001000000011011011111
17451,394,11,16,M100110000001001000100000000001000000011011011111
17452,394,12,23,M100110000001001000100000000001000000011011011111
17453,394,13,26,M100110000001001000100000000001000000011011011111
17454,394,14,22,M100110000001001000100000000001000000011011011111
17455,394,15,4,M100110000001001000100000000001000000011011011111
17456,394,16,21,M100110000001001000100000000001000000011011011111
17457,394,17,29,M100110000001001000100000000001000000011011011111
17458,394,18,19,M100110000001001000100000000001000000011011011111
17459,394,19,10,M100110000001001000100000000001000000011011011111
17460,394,20,30,M100110000001001000100000000001000000011011011111
17461,394,21,12,M100110000001001000100000000001000000011011011111
17462,394,22,28,M100110000001001000100000000001000000011011011111
17463,394,23,6,M100110000001001000100000000001000000011011011111
17464,394,24,31,M100110000001001000100000000001000000011011011111
17465,394,25,27,M100110000001001000100000000001000000011011011111
17466,394,26,15,M100110000001001000100000000001000000011011011111
17467,394,27,14,M100110000001001000100000000001000000011011011111
17468,394,28,18,M100110000001001000100000000001000000011011011111
17469,394,29,2,M100110000001001000100000000001000000011011011111
17470,394,30,20,M100110000001001000100000000001000000011011011111
17471,394,31,9,M100110000001001000100000000001000000011011011111
17504,220,0,3,M101110110000001001000010000100110010000000010110
17505,220,1,1,M101110110000001001000010000100110010000000010110
17506,220,2,27,M101110110000001001000010000100110010000000010110
17507,220,3,16,M101110110000001001000010000100110010000000010110
17508,220,4,0,M101110110000001001000010000100110010000000010110
17509,220,5,31,M101110110000001001000010000100110010000000010110
17510,220,6,5,M101110110000001001000010000100110010000000010110
17511,220,7,12,M101110110000001001000010000100110010000000010110
17512,220,8,10,M101110110000001001000010000100110010000000010110
17513,220,9,9,M101110110000001001000010000100110010000000010110
17514,220,10,7,M101110110000001001000010000100110010000000010110
17515,220,11,29,M101110110000001001000010000100110010000000010110
17516,220,12,25,M101110110000001001000010000100110010000000010110
17517,220,13,26,M101110110000001001000010000100110010000000010110
17518,220,14,13,M101110110000001001000010000100110010000000010110
17519,220,15,22,M101110110000001001000010000100110010000000010110
17520,220,16,30,M101110110000001001000010000100110010000000010110
17521,220,17,6,M101110110000001001000010000100110010000000010110
17522,220,18,18,M101110110000001001000010000100110010000000010110
17523,220,19,4,M101110110000001001000010000100110010000000010110
17524,220,20,23,M101110110000001001000010000100110010000000010110
17525,220,21,19,M101110110000001001000010000100110010000000010110
17526,220,22,20,M101110110000001001000010000100110010000000010110
17527,220,23,28,M101110110000001001000010000100110010000000010110
17528,220,24,24,M101110110000001001000010000100110010000000010110
17529,220,25,2,M101110110000001001000010000100110010000000010110
17530,220,26,8,M101110110000001001000010000100110010000000010110
17531,220,27,15,M101110110000001001000010000100110010000000010110
17532,220,28,21,M101110110000001001000010000100110010000000010110
17533,220,29,14,M101110110000001001000010000100110010000000010110
17534,220,30,11,M101110110000001001000010000100110010000000010110
17535,220,31,17,M101110110000001001000010000100110010000000010110
17664,318,0,23,M110101000000110000010000010000000010010100111101
17665,318,1,11,M110101000000110000010000010000000010010100111101
17666,318,2,10,M110101000000110000010000010000000010010100111101
17667,318,3,12,M110101000000110000010000010000000010010100111101
17668,318,4,31,M110101000000110000010000010000000010010100111101
17669,318,5,5,M110101000000110000010000010000000010010100111101
17670,318,6,4,M110101000000110000010000010000000010010100111101
17671,318,7,6,M110101000000110000010000010000000010010100111101
17672,318,8,3,M110101000000110000010000010000000010010100111101
17673,318,9,30,M110101000000110000010000010000000010010100111101
17674,318,10,29,M110101000000110000010000010000000010010100111101
17675,318,11,17,M110101000000110000010000010000000010010100111101
17676,318,12,18,M110101000000110000010000010000000010010100111101
17677,318,13,24,M110101000000110000010000010000000010010100111101
17678,318,14,25,M110101000000110000010000010000000010010100111101
17679,318,15,0,M110101000000110000010000010000000010010100111101
17680,318,16,1,M110101000000110000010000010000000010010100111101
17681,318,17,2,M110101000000110000010000010000000010010100111101
17682,318,18,22,M110101000000110000010000010000000010010100111101
17683,318,19,28,M110101000000110000010000010000000010010100111101
17684,318,20,13,M110101000000110000010000010000000010010100111101
17685,318,21,20,M110101000000110000010000010000000010010100111101
17686,318,22,14,M110101000000110000010000010000000010010100111101
17687,318,23,19,M110101000000110000010000010000000010010100111101
17688,318,24,15,M110101000000110000010000010000000010010100111101
17689,318,25,27,M110101000000110000010000010000000010010100111101
17690,318,26,8,M110101000000110000010000010000000010010100111101
17691,318,27,16,M110101000000110000010000010000000010010100111101
17692,318,28,26,M110101000000110000010000010000000010010100111101
17693,318,29,9,M110101000000110000010000010000000010010100111101
17694,318,30,7,M110101000000110000010000010000000010010100111101
17695,318,31,21,M110101000000110000010000010000000010010100111101
17856,345,0,8,M011100000000101111000000001000001010100001111000
17857,345,1,23,M011100000000101111000000001000001010100001111000
17858,345,2,13,M011100000000101111000000001000001010100001111000
17859,345,3,19,M011100000000101111000000001000001010100001111000
17860,345,4,30,M011100000000101111000000001000001010100001111000
17861,345,5,2,M011100000000101111000000001000001010100001111000
17862,345,6,22,M011100000000101111000000001000001010100001111000
17863,345,7,9,M011100000000101111000000001000001010100001111000
17864,345,8,5,M011100000000101111000000001000001010100001111000
17865,345,9,0,M011100000000101111000000001000001010100001111000
17866,345,10,25,M011100000000101111000000001000001010100001111000
17867,345,11,24,M011100000000101111000000001000001010100001111000
17868,345,12,7,M011100000000101111000000001000001010100001111000
17869,345,13,12,M011100000000101111000000001000001010100001111000
17870,345,14,14,M011100000000101111000000001000001010100001111000
17871,345,15,1,M011100000000101111000000001000001010100001111000
17872,345,16,27,M011100000000101111000000001000001010100001111000
17873,345,17,20,M011100000000101111000000001000001010100001111000
17874,345,18,31,M011100000000101111000000001000001010100001111000
17875,345,19,6,M011100000000101111000000001000001010100001111000
17876,345,20,16,M011100000000101111000000001000001010100001111000
17877,345,21,28,M011100000000101111000000001000001010100001111000
17878,345,22,11,M011100000000101111000000001000001010100001111000
17879,345,23,15,M011100000000101111000000001000001010100001111000
17880,345,24,10,M011100000000101111000000001000001010100001111000
17881,345,25,3,M011100000000101111000000001000001010100001111000
17882,345,26,21,M011100000000101111000000001000001010100001111000
17883,345,27,18,M011100000000101111000000001000001010100001111000
17884,345,28,29,M011100000000101111000000001000001010100001111000
17885,345,29,4,M011100000000101111000000001000001010100001111000
17886,345,30,17,M011100000000101111000000001000001010100001111000
17887,345,31,26,M011100000000101111000000001000001010100001111000
18176,294,0,9,M101000011000010010010000000001110010010001100101
18177,294,1,22,M101000011000010010010000000001110010010001100101
18178,294,2,28,M101000011000010010010000000001110010010001100101
18179,294,3,30,M101000011000010010010000000001110010010001100101
18180,294,4,6,M101000011000010010010000000001110010010001100101
18181,294,5,29,M101000011000010010010000000001110010010001100101
18182,294,6,27,M101000011000010010010000000001110010010001100101
18183,294,7,4,M101000011000010010010000000001110010010001100101
18184,294,8,8,M101000011000010010010000000001110010010001100101
18185,294,9,11,M101000011000010010010000000001110010010001100101
18186,294,10,21,M101000011000010010010000000001110010010001100101
18187,294,11,23,M101000011000010010010000000001110010010001100101
18188,294,12,15,M101000011000010010010000000001110010010001100101
18189,294,13,3,M101000011000010010010000000001110010010001100101
18190,294,14,2,M101000011000010010010000000001110010010001100101
18191,294,15,24,M101000011000010010010000000001110010010001100101
18192,294,16,7,M101000011000010010010000000001110010010001100101
18193,294,17,1,M101000011000010010010000000001110010010001100101
18194,294,18,20,M101000011000010010010000000001110010010001100101
18195,294,19,14,M101000011000010010010000000001110010010001100101
18196,294,20,10,M101000011000010010010000000001110010010001100101
18197,294,21,26,M101000011000010010010000000001110010010001100101
18198,294,22,25,M101000011000010010010000000001110010010001100101
18199,294,23,12,M101000011000010010010000000001110010010001100101
18200,294,24,5,M101000011000010010010000000001110010010001100101
18201,294,25,31,M101000011000010010010000000001110010010001100101
18202,294,26,0,M101000011000010010010000000001110010010001100101
18203,294,27,17,M101000011000010010010000000001110010010001100101
18204,294,28,18,M101000011000010010010000000001110010010001100101
18205,294,29,16,M101000011000010010010000000001110010010001100101
18206,294,30,19,M101000011000010010010000000001110010010001100101
18207,294,31,13,M101000011000010010010000000001110010010001100101
18208,242,0,22,M010111010001000000001100000010011000000000111011
18209,242,1,8,M010111010001000000001100000010011000000000111011
18210,242,2,5,M010111010001000000001100000010011000000000111011
18211,242,3,13,M010111010001000000001100000010011000000000111011
18212,242,4,26,M010111010001000000001100000010011000000000111011
18213,242,5,21,M010111010001000000001100000010011000000000111011
18214,242,6,16,M010111010001000000001100000010011000000000111011
18215,242,7,17,M010111010001000000001100000010011000000000111011
18216,242,8,7,M010111010001000000001100000010011000000000111011
18217,242,9,25,M010111010001000000001100000010011000000000111011
18218,242,10,18,M010111010001000000001100000010011000000000111011
18219,242,11,3,M010111010001000000001100000010011000000000111011
18220,242,12,27,M010111010001000000001100000010011000000000111011
18221,242,13,28,M010111010001000000001100000010011000000000111011
18222,242,14,0,M010111010001000000001100000010011000000000111011
18223,242,15,14,M010111010001000000001100000010011000000000111011
18224,242,16,6,M010111010001000000001100000010011000000000111011
18225,242,17,11,M010111010001000000001100000010011000000000111011
18226,242,18,9,M010111010001000000001100000010011000000000111011
18227,242,19,24,M010111010001000000001100000010011000000000111011
18228,242,20,2,M010111010001000000001100000010011000000000111011
18229,242,21,10,M010111010001000000001100000010011000000000111011
18230,242,22,31,M010111010001000000001100000010011000000000111011
18231,242,23,12,M010111010001000000001100000010011000000000111011
18232,242,24,15,M010111010001000000001100000010011000000000111011
18233,242,25,1,M010111010001000000001100000010011000000000111011
18234,242,26,30,M010111010001000000001100000010011000000000111011
18235,242,27,20,M010111010001000000001100000010011000000000111011
18236,242,28,29,M010111010001000000001100000010011000000000111011
18237,242,29,4,M010111010001000000001100000010011000000000111011
18238,242,30,19,M010111010001000000001100000010011000000000111011
18239,242,31,23,M010111010001000000001100000010011000000000111011
